,Item_1,Item_2,Item_3,Item_4,Item_5,Item_6,Item_7,Item_8,Item_9,Item_10,Item_11,Item_12,Item_13,Item_14,Item_15,Item_16,Item_17,Item_18,Item_19,Item_20,Item_21,Item_22,Item_23,Item_24,Item_25,Item_26,Item_27,Item_28,Item_29,Item_30,Item_31,Item_32,Item_33,Item_34,Item_35,Item_36,Item_37,Item_38,Item_39,Item_40,Item_41,Item_42,Item_43,Item_44,Item_45,Item_46,Item_47,Item_48,Item_49,Item_50
Person_1,,1.0,0.0,,1.0,,,,1.0,,,1.0,1.0,0.0,,0.0,1.0,0.0,,1.0,1.0,0.0,,1.0,0.0,1.0,1.0,0.0,1.0,1.0,,,0.0,1.0,,0.0,1.0,1.0,,1.0,1.0,1.0,1.0,1.0,1.0,,1.0,0.0,,1.0
Person_2,0.0,1.0,0.0,,1.0,,,,1.0,0.0,0.0,1.0,,,,0.0,0.0,0.0,0.0,,,1.0,1.0,,1.0,,1.0,,,,0.0,,0.0,,0.0,0.0,0.0,,1.0,,0.0,0.0,1.0,,0.0,0.0,0.0,,0.0,
Person_3,,0.0,0.0,,1.0,0.0,,,,,,0.0,0.0,0.0,,0.0,,0.0,,,0.0,0.0,0.0,0.0,0.0,0.0,0.0,0.0,,,,0.0,0.0,,,,,,0.0,0.0,,0.0,,,0.0,0.0,0.0,0.0,,0.0
Person_4,0.0,1.0,0.0,,1.0,,,,,,,0.0,1.0,,0.0,0.0,0.0,,1.0,1.0,,1.0,1.0,,0.0,1.0,0.0,0.0,,0.0,0.0,1.0,,,1.0,,,,0.0,,,0.0,,,1.0,,0.0,0.0,0.0,0.0
Person_5,0.0,1.0,0.0,,0.0,0.0,,1.0,1.0,,,,,1.0,,,0.0,,,1.0,,0.0,,,1.0,0.0,0.0,,,1.0,1.0,,1.0,1.0,0.0,0.0,,1.0,1.0,1.0,1.0,,1.0,0.0,1.0,1.0,,,,1.0
Person_6,,1.0,0.0,0.0,1.0,0.0,,,1.0,0.0,0.0,0.0,0.0,,0.0,0.0,1.0,0.0,1.0,1.0,,,0.0,1.0,,,0.0,,,,0.0,,,0.0,0.0,,1.0,1.0,0.0,,0.0,0.0,,,,0.0,0.0,0.0,,
Person_7,,1.0,,,,0.0,0.0,1.0,1.0,,,1.0,1.0,,0.0,0.0,0.0,0.0,1.0,,,1.0,,0.0,,,0.0,1.0,1.0,0.0,,0.0,0.0,1.0,0.0,0.0,0.0,0.0,0.0,1.0,,1.0,0.0,1.0,0.0,0.0,,1.0,,0.0
Person_8,0.0,0.0,0.0,1.0,,1.0,1.0,0.0,,0.0,0.0,1.0,,0.0,0.0,,,,1.0,,0.0,,,,1.0,0.0,0.0,,1.0,0.0,,1.0,1.0,0.0,0.0,,0.0,0.0,,,,0.0,,1.0,,,0.0,,0.0,0.0
Person_9,1.0,1.0,,0.0,1.0,,,,,,0.0,0.0,,,1.0,,1.0,0.0,,1.0,,,1.0,1.0,1.0,0.0,0.0,0.0,,,,,,1.0,1.0,1.0,,0.0,0.0,1.0,1.0,,,0.0,1.0,,1.0,0.0,0.0,
Person_10,0.0,1.0,0.0,0.0,1.0,,,,0.0,0.0,0.0,,,,0.0,,0.0,,1.0,0.0,1.0,0.0,0.0,0.0,0.0,,,0.0,0.0,0.0,0.0,0.0,0.0,,0.0,0.0,0.0,0.0,,,0.0,,0.0,0.0,,,0.0,0.0,0.0,0.0
Person_11,1.0,1.0,1.0,0.0,1.0,,1.0,1.0,1.0,,,,1.0,1.0,0.0,1.0,1.0,1.0,1.0,,,,1.0,0.0,0.0,1.0,1.0,1.0,1.0,,1.0,1.0,,1.0,1.0,1.0,1.0,,1.0,1.0,,1.0,1.0,1.0,,1.0,1.0,1.0,1.0,1.0
Person_12,,1.0,0.0,,1.0,,1.0,0.0,,,1.0,1.0,1.0,0.0,0.0,1.0,,1.0,,,,1.0,1.0,0.0,0.0,0.0,0.0,,,1.0,,1.0,0.0,1.0,1.0,1.0,1.0,0.0,1.0,1.0,,1.0,1.0,,1.0,,0.0,1.0,0.0,
Person_13,0.0,,,1.0,1.0,1.0,0.0,0.0,1.0,0.0,1.0,,,,0.0,,,0.0,,,1.0,0.0,,1.0,,0.0,1.0,,0.0,0.0,0.0,,,1.0,0.0,,0.0,1.0,0.0,,,0.0,,1.0,1.0,0.0,0.0,,1.0,
Person_14,0.0,,1.0,0.0,,,1.0,,1.0,0.0,0.0,1.0,0.0,,,,,,,,,0.0,,0.0,1.0,1.0,,1.0,1.0,,,1.0,0.0,0.0,1.0,0.0,,0.0,0.0,,0.0,,,1.0,,,,,0.0,
Person_15,,1.0,1.0,,,1.0,,,1.0,0.0,,1.0,,,1.0,1.0,1.0,,1.0,1.0,0.0,,1.0,1.0,1.0,1.0,1.0,,1.0,1.0,1.0,1.0,,1.0,1.0,,1.0,1.0,1.0,1.0,,1.0,,1.0,1.0,,,1.0,,1.0
Person_16,1.0,0.0,0.0,0.0,,0.0,1.0,0.0,,,0.0,1.0,1.0,1.0,1.0,1.0,1.0,,1.0,0.0,,1.0,,,1.0,,,,,0.0,0.0,,,1.0,,1.0,,1.0,0.0,1.0,1.0,0.0,,1.0,1.0,,1.0,0.0,0.0,1.0
Person_17,1.0,1.0,0.0,0.0,,0.0,,1.0,0.0,,1.0,1.0,0.0,,,1.0,0.0,0.0,,0.0,,0.0,0.0,1.0,0.0,0.0,,,0.0,0.0,1.0,0.0,0.0,,,0.0,,,,,0.0,0.0,0.0,,,,,1.0,,1.0
Person_18,1.0,,1.0,0.0,,1.0,1.0,0.0,0.0,,,,,,,0.0,0.0,,,1.0,1.0,0.0,,1.0,1.0,1.0,,1.0,1.0,,0.0,1.0,0.0,,1.0,0.0,1.0,,,0.0,,0.0,,1.0,,0.0,0.0,1.0,1.0,
Person_19,0.0,0.0,1.0,,1.0,,,0.0,1.0,,,,1.0,1.0,1.0,1.0,0.0,,1.0,,1.0,,,0.0,,1.0,,0.0,,1.0,0.0,1.0,1.0,,1.0,1.0,1.0,,1.0,,0.0,,1.0,,,,,1.0,,1.0
Person_20,0.0,0.0,0.0,1.0,1.0,,1.0,,,,,0.0,0.0,1.0,,,0.0,,,0.0,0.0,,,,0.0,1.0,,,0.0,1.0,,1.0,0.0,0.0,,0.0,,0.0,1.0,,0.0,0.0,,,0.0,0.0,0.0,,0.0,0.0
Person_21,1.0,,,,1.0,1.0,,0.0,,,,1.0,0.0,0.0,,1.0,0.0,1.0,1.0,,1.0,,1.0,,1.0,1.0,1.0,0.0,1.0,,0.0,1.0,1.0,,,1.0,,1.0,,1.0,1.0,,1.0,1.0,0.0,0.0,0.0,1.0,,1.0
Person_22,0.0,1.0,0.0,0.0,,0.0,1.0,,,0.0,1.0,,0.0,1.0,,0.0,0.0,0.0,0.0,1.0,0.0,,1.0,0.0,0.0,1.0,,0.0,1.0,1.0,,1.0,0.0,,,0.0,1.0,,0.0,,,1.0,,,,,,1.0,,0.0
Person_23,,1.0,0.0,,,1.0,,1.0,1.0,,,1.0,,1.0,0.0,,0.0,,,,1.0,1.0,1.0,,1.0,1.0,0.0,,1.0,1.0,0.0,,1.0,1.0,,0.0,,,1.0,1.0,0.0,1.0,,,,1.0,,1.0,,1.0
Person_24,1.0,,0.0,0.0,,,1.0,,,1.0,,1.0,1.0,1.0,,,,0.0,0.0,0.0,0.0,,,0.0,1.0,1.0,,,,0.0,,,1.0,,1.0,,,0.0,1.0,0.0,,,,1.0,,0.0,0.0,1.0,,
Person_25,,0.0,,,,,0.0,,0.0,0.0,,,,0.0,0.0,,0.0,0.0,0.0,,0.0,,0.0,0.0,,,,,,,,0.0,0.0,,0.0,0.0,0.0,0.0,0.0,0.0,0.0,,1.0,,0.0,0.0,0.0,0.0,0.0,
Person_26,,1.0,0.0,0.0,0.0,0.0,0.0,0.0,,0.0,1.0,,0.0,0.0,0.0,,0.0,1.0,,,0.0,1.0,,,1.0,0.0,,1.0,,0.0,0.0,1.0,0.0,0.0,,,,,0.0,0.0,0.0,1.0,1.0,,1.0,,,0.0,0.0,1.0
Person_27,,,,0.0,1.0,0.0,,1.0,1.0,,1.0,1.0,0.0,1.0,0.0,,1.0,1.0,1.0,1.0,,,,0.0,,,1.0,1.0,,,0.0,1.0,,,1.0,1.0,1.0,1.0,0.0,1.0,,,,1.0,1.0,,0.0,1.0,,0.0
Person_28,,0.0,0.0,,0.0,0.0,1.0,,0.0,0.0,0.0,,0.0,0.0,,,0.0,,,0.0,0.0,0.0,0.0,,,,0.0,0.0,,,1.0,0.0,0.0,0.0,,0.0,0.0,0.0,0.0,0.0,0.0,0.0,0.0,0.0,0.0,0.0,,,0.0,0.0
Person_29,1.0,1.0,0.0,,,0.0,0.0,,,,1.0,1.0,,,0.0,0.0,0.0,0.0,0.0,1.0,0.0,,0.0,,0.0,,0.0,0.0,,0.0,0.0,0.0,1.0,0.0,0.0,0.0,,,,0.0,0.0,,0.0,0.0,0.0,0.0,0.0,0.0,,0.0
Person_30,0.0,0.0,,1.0,1.0,,0.0,1.0,1.0,0.0,,1.0,1.0,1.0,,0.0,1.0,1.0,,1.0,1.0,,1.0,,1.0,1.0,,1.0,0.0,,1.0,1.0,,,1.0,1.0,1.0,,1.0,1.0,0.0,1.0,0.0,1.0,,0.0,1.0,1.0,,0.0
Person_31,0.0,,0.0,0.0,1.0,0.0,1.0,0.0,,,1.0,,,0.0,1.0,1.0,,0.0,,1.0,0.0,0.0,0.0,0.0,0.0,1.0,1.0,,,,,0.0,,,0.0,,1.0,0.0,0.0,0.0,,1.0,,0.0,1.0,1.0,0.0,1.0,1.0,0.0
Person_32,0.0,1.0,0.0,0.0,1.0,,,,0.0,1.0,1.0,1.0,1.0,1.0,0.0,,1.0,1.0,1.0,,,0.0,,,1.0,,1.0,1.0,1.0,,1.0,,1.0,1.0,0.0,0.0,0.0,,,,1.0,1.0,0.0,,,1.0,0.0,1.0,0.0,0.0
Person_33,0.0,1.0,,,0.0,0.0,0.0,,0.0,1.0,,0.0,,0.0,,0.0,0.0,0.0,1.0,,,0.0,0.0,0.0,0.0,1.0,1.0,0.0,,0.0,0.0,1.0,1.0,0.0,0.0,,,,1.0,0.0,0.0,,,1.0,0.0,0.0,,,0.0,0.0
Person_34,0.0,0.0,1.0,0.0,1.0,0.0,,,0.0,,,,0.0,,1.0,1.0,0.0,0.0,0.0,1.0,0.0,0.0,1.0,,0.0,1.0,,,1.0,1.0,1.0,,0.0,,,0.0,,,1.0,0.0,1.0,,,,1.0,,,0.0,0.0,
Person_35,,,1.0,0.0,,1.0,,1.0,0.0,1.0,1.0,1.0,0.0,1.0,,1.0,0.0,0.0,1.0,1.0,,0.0,,0.0,0.0,0.0,1.0,1.0,,1.0,0.0,1.0,0.0,,0.0,1.0,1.0,,0.0,,,,,1.0,,0.0,1.0,1.0,,
Person_36,1.0,,0.0,,,,,0.0,1.0,0.0,,1.0,,1.0,1.0,,,,1.0,1.0,0.0,1.0,0.0,,0.0,,,,1.0,0.0,0.0,,1.0,1.0,0.0,1.0,1.0,,0.0,1.0,1.0,,,1.0,,0.0,,0.0,,
Person_37,,,0.0,,0.0,0.0,0.0,0.0,,,,1.0,0.0,0.0,0.0,,,,,,0.0,,0.0,0.0,,,,0.0,0.0,0.0,,,0.0,1.0,0.0,0.0,0.0,,0.0,,1.0,0.0,,1.0,0.0,,0.0,,1.0,0.0
Person_38,1.0,,,1.0,,,,1.0,,0.0,1.0,,1.0,,1.0,,0.0,1.0,1.0,,1.0,1.0,1.0,,1.0,1.0,1.0,0.0,,1.0,1.0,,,1.0,1.0,1.0,,1.0,,,1.0,,1.0,1.0,,1.0,,1.0,1.0,
Person_39,0.0,,,0.0,,,,,0.0,0.0,1.0,1.0,,,,,,,0.0,0.0,,0.0,1.0,0.0,0.0,,0.0,,0.0,0.0,0.0,,0.0,0.0,,,1.0,1.0,,0.0,0.0,,,1.0,0.0,,0.0,0.0,,1.0
Person_40,0.0,0.0,0.0,0.0,,0.0,0.0,0.0,,1.0,,1.0,0.0,1.0,0.0,0.0,,0.0,0.0,,,0.0,0.0,0.0,1.0,0.0,0.0,0.0,1.0,,,1.0,,,,,0.0,0.0,0.0,0.0,1.0,0.0,1.0,0.0,,,,,0.0,0.0
Person_41,1.0,,1.0,,1.0,1.0,,1.0,1.0,,,1.0,1.0,1.0,,1.0,0.0,1.0,1.0,1.0,1.0,,,,,1.0,0.0,0.0,,1.0,0.0,1.0,1.0,1.0,1.0,1.0,,1.0,1.0,,1.0,,1.0,,1.0,0.0,,,,1.0
Person_42,0.0,,,,0.0,,,0.0,0.0,0.0,0.0,1.0,,,,0.0,,0.0,0.0,,0.0,,,1.0,,0.0,0.0,0.0,0.0,0.0,,,0.0,0.0,0.0,0.0,0.0,,0.0,,,0.0,,,0.0,0.0,0.0,0.0,0.0,0.0
Person_43,1.0,0.0,,0.0,1.0,0.0,1.0,1.0,0.0,0.0,,,1.0,1.0,0.0,1.0,1.0,0.0,,1.0,,1.0,1.0,1.0,,,1.0,,1.0,0.0,,,1.0,1.0,,0.0,,,,,,,1.0,1.0,,1.0,1.0,1.0,,0.0
Person_44,0.0,1.0,0.0,,0.0,,,0.0,0.0,0.0,1.0,,,0.0,0.0,,0.0,1.0,1.0,1.0,0.0,0.0,0.0,0.0,0.0,1.0,0.0,0.0,1.0,0.0,0.0,,,1.0,1.0,0.0,1.0,0.0,1.0,1.0,,,,,1.0,0.0,1.0,,0.0,
Person_45,1.0,1.0,0.0,0.0,1.0,0.0,1.0,,0.0,1.0,,1.0,,,0.0,0.0,0.0,,1.0,1.0,,0.0,0.0,0.0,,,0.0,,,0.0,0.0,0.0,0.0,0.0,,0.0,,0.0,0.0,,0.0,1.0,0.0,1.0,,0.0,,,,
Person_46,1.0,,,1.0,1.0,,1.0,1.0,1.0,1.0,,0.0,1.0,,1.0,1.0,0.0,1.0,,,1.0,1.0,,0.0,,1.0,1.0,0.0,,,,1.0,1.0,0.0,0.0,,,,0.0,1.0,1.0,,,,1.0,,,,0.0,1.0
Person_47,,,,0.0,,,1.0,1.0,,1.0,,,1.0,,1.0,,0.0,,1.0,1.0,,1.0,,,,1.0,1.0,0.0,,1.0,1.0,1.0,1.0,,1.0,1.0,0.0,,,1.0,1.0,1.0,,,,0.0,,1.0,,
Person_48,0.0,,1.0,0.0,1.0,,1.0,,,,1.0,,,1.0,1.0,,,1.0,,1.0,1.0,1.0,1.0,1.0,0.0,1.0,0.0,,,,,1.0,,,1.0,,1.0,,0.0,1.0,1.0,1.0,1.0,1.0,,,,1.0,1.0,1.0
Person_49,,1.0,,0.0,1.0,,1.0,1.0,1.0,1.0,,,,0.0,0.0,,,1.0,1.0,1.0,0.0,,1.0,0.0,1.0,1.0,0.0,1.0,,1.0,0.0,1.0,,,1.0,1.0,1.0,,0.0,,1.0,0.0,1.0,1.0,,,,1.0,,0.0
Person_50,0.0,0.0,,,,,1.0,,1.0,,,1.0,0.0,0.0,,0.0,0.0,1.0,0.0,,1.0,,0.0,0.0,1.0,1.0,1.0,,,,,1.0,,1.0,0.0,0.0,1.0,1.0,1.0,0.0,1.0,0.0,1.0,1.0,1.0,,0.0,1.0,,0.0
Person_51,1.0,,1.0,,1.0,1.0,1.0,,0.0,0.0,1.0,0.0,1.0,,0.0,,1.0,,1.0,1.0,0.0,1.0,,0.0,,0.0,,1.0,0.0,1.0,,1.0,0.0,,1.0,,0.0,0.0,1.0,0.0,,0.0,,,1.0,1.0,,1.0,0.0,
Person_52,0.0,0.0,0.0,0.0,,,,0.0,0.0,,,,0.0,,0.0,0.0,,,0.0,0.0,,,0.0,,,0.0,,0.0,,0.0,0.0,,,,0.0,0.0,0.0,,1.0,,,1.0,0.0,0.0,,0.0,,,,
Person_53,,,,0.0,0.0,0.0,,,1.0,,1.0,1.0,,0.0,,1.0,,1.0,1.0,,,0.0,0.0,0.0,,,0.0,1.0,0.0,,0.0,,0.0,1.0,,0.0,,,0.0,1.0,,,,0.0,0.0,1.0,1.0,,,
Person_54,0.0,,,0.0,0.0,0.0,1.0,,0.0,0.0,,,,0.0,0.0,,,0.0,0.0,,0.0,0.0,,0.0,0.0,,,0.0,0.0,0.0,0.0,,0.0,,0.0,0.0,,,0.0,0.0,0.0,0.0,0.0,0.0,,0.0,,0.0,0.0,0.0
Person_55,0.0,,1.0,,1.0,,0.0,0.0,0.0,,,,,0.0,0.0,,,0.0,1.0,1.0,,,1.0,,,,,0.0,,,0.0,0.0,0.0,0.0,1.0,0.0,0.0,0.0,,,,,,1.0,1.0,0.0,0.0,,,
Person_56,0.0,1.0,,,,,1.0,,,1.0,,,,1.0,,1.0,,,,,,,1.0,,1.0,1.0,,0.0,1.0,1.0,,,1.0,,,,,1.0,,,,0.0,,,1.0,1.0,,1.0,0.0,
Person_57,,,,1.0,,1.0,1.0,1.0,1.0,,1.0,1.0,,1.0,,,0.0,,,,1.0,,,,,,,1.0,,1.0,,1.0,1.0,1.0,1.0,1.0,1.0,,1.0,1.0,,1.0,,,,1.0,0.0,1.0,0.0,1.0
Person_58,0.0,,,0.0,1.0,0.0,,,,1.0,1.0,,,,0.0,1.0,0.0,0.0,,1.0,1.0,1.0,,,1.0,,,,1.0,1.0,,1.0,,0.0,,,1.0,0.0,,0.0,1.0,0.0,,1.0,1.0,,,,,1.0
Person_59,,1.0,0.0,,,,,,,0.0,,1.0,1.0,0.0,1.0,1.0,1.0,1.0,1.0,0.0,,,1.0,1.0,1.0,1.0,,0.0,1.0,1.0,0.0,0.0,,1.0,1.0,1.0,1.0,,0.0,,1.0,,,1.0,0.0,1.0,1.0,1.0,0.0,0.0
Person_60,0.0,1.0,,0.0,1.0,,,1.0,,,1.0,,,,1.0,0.0,,0.0,1.0,1.0,,1.0,1.0,0.0,0.0,1.0,0.0,0.0,1.0,0.0,,1.0,0.0,1.0,,0.0,,0.0,1.0,1.0,0.0,0.0,0.0,1.0,,,0.0,0.0,0.0,0.0
Person_61,,,,,1.0,0.0,,0.0,0.0,1.0,1.0,1.0,0.0,,0.0,,0.0,,0.0,1.0,0.0,0.0,,0.0,0.0,,,0.0,0.0,0.0,,1.0,,0.0,,0.0,0.0,1.0,0.0,0.0,1.0,0.0,,0.0,0.0,,,,,0.0
Person_62,1.0,1.0,,0.0,1.0,,0.0,,,,,,0.0,0.0,0.0,,,0.0,1.0,1.0,0.0,,,0.0,,0.0,,0.0,1.0,1.0,0.0,1.0,,1.0,,,,1.0,,1.0,1.0,1.0,1.0,,0.0,1.0,,0.0,0.0,1.0
Person_63,,0.0,1.0,0.0,1.0,1.0,1.0,1.0,1.0,,1.0,1.0,1.0,1.0,1.0,1.0,,0.0,1.0,1.0,,,,,,,0.0,1.0,1.0,1.0,,,,,1.0,1.0,1.0,,,1.0,1.0,1.0,,,1.0,1.0,,1.0,0.0,
Person_64,0.0,0.0,0.0,0.0,1.0,0.0,0.0,0.0,1.0,,,0.0,0.0,0.0,,0.0,0.0,0.0,0.0,1.0,,,,,,,0.0,,1.0,,1.0,,,0.0,1.0,0.0,,,0.0,1.0,,0.0,0.0,,,,,,,0.0
Person_65,0.0,0.0,0.0,0.0,0.0,0.0,,,0.0,,,0.0,,,0.0,,0.0,0.0,,0.0,0.0,0.0,0.0,,0.0,0.0,0.0,,1.0,1.0,,,,,,0.0,,0.0,0.0,0.0,1.0,0.0,0.0,,1.0,0.0,0.0,0.0,0.0,
Person_66,1.0,,1.0,0.0,1.0,,0.0,1.0,1.0,0.0,1.0,1.0,,,1.0,1.0,0.0,1.0,,1.0,,,1.0,1.0,1.0,,1.0,,1.0,1.0,0.0,1.0,0.0,,,1.0,1.0,,1.0,1.0,,,1.0,1.0,1.0,,0.0,0.0,1.0,0.0
Person_67,,,0.0,,1.0,0.0,,1.0,1.0,,0.0,1.0,1.0,,,,,1.0,,1.0,,,0.0,0.0,1.0,,0.0,0.0,1.0,1.0,,1.0,1.0,1.0,1.0,1.0,1.0,,1.0,1.0,,,1.0,,,1.0,,1.0,,
Person_68,0.0,0.0,1.0,0.0,,0.0,1.0,,1.0,,0.0,,0.0,0.0,,1.0,,,,,,0.0,0.0,0.0,0.0,1.0,,0.0,,0.0,,1.0,,1.0,,0.0,0.0,0.0,0.0,,1.0,,0.0,0.0,,,0.0,0.0,0.0,0.0
Person_69,,0.0,0.0,0.0,1.0,,,1.0,1.0,1.0,1.0,1.0,,0.0,0.0,0.0,1.0,,0.0,,1.0,1.0,1.0,0.0,1.0,1.0,0.0,1.0,1.0,,0.0,1.0,1.0,0.0,0.0,,,0.0,,1.0,0.0,1.0,,1.0,,,0.0,,,
Person_70,1.0,,,0.0,0.0,1.0,0.0,1.0,,1.0,,0.0,,,0.0,,0.0,,1.0,,0.0,1.0,1.0,0.0,0.0,0.0,,0.0,,,0.0,1.0,,1.0,0.0,0.0,1.0,,0.0,0.0,,1.0,1.0,,1.0,0.0,,0.0,0.0,0.0
Person_71,0.0,0.0,1.0,,,0.0,1.0,,1.0,,1.0,1.0,,1.0,0.0,1.0,1.0,0.0,1.0,1.0,0.0,0.0,,,1.0,1.0,,1.0,1.0,,0.0,1.0,1.0,,1.0,,1.0,0.0,,1.0,,0.0,,,,,,1.0,0.0,1.0
Person_72,,1.0,0.0,,1.0,0.0,0.0,0.0,1.0,,,0.0,1.0,,,,0.0,0.0,1.0,0.0,0.0,,1.0,,,,,,1.0,0.0,,,,,0.0,,,,0.0,0.0,0.0,,,,1.0,,1.0,0.0,0.0,1.0
Person_73,1.0,,1.0,,,0.0,1.0,1.0,,1.0,,,,,1.0,1.0,,,1.0,,1.0,,0.0,0.0,,,,,1.0,,,1.0,1.0,1.0,1.0,1.0,,1.0,,1.0,1.0,,1.0,1.0,1.0,1.0,1.0,1.0,0.0,
Person_74,1.0,1.0,,,1.0,1.0,,0.0,1.0,1.0,,1.0,,1.0,1.0,0.0,0.0,1.0,,,1.0,,,,1.0,1.0,1.0,1.0,,,0.0,0.0,1.0,1.0,1.0,0.0,,,,1.0,1.0,1.0,1.0,,,0.0,,1.0,1.0,
Person_75,,,,0.0,1.0,,,1.0,,1.0,,,,0.0,0.0,0.0,,0.0,1.0,1.0,1.0,,0.0,0.0,,0.0,,0.0,0.0,0.0,0.0,1.0,,0.0,0.0,0.0,,,1.0,,1.0,,1.0,,1.0,0.0,,,,
Person_76,0.0,0.0,,,0.0,0.0,1.0,0.0,,1.0,,,,,0.0,0.0,0.0,0.0,1.0,1.0,0.0,,0.0,,,1.0,1.0,1.0,,,0.0,1.0,,,1.0,,0.0,1.0,0.0,,,1.0,1.0,0.0,1.0,,,,,
Person_77,1.0,,,,,,1.0,1.0,1.0,1.0,,,1.0,1.0,1.0,,0.0,1.0,1.0,,1.0,,,,1.0,,1.0,1.0,1.0,,0.0,,,1.0,,1.0,,0.0,,1.0,1.0,1.0,,,1.0,,1.0,,0.0,1.0
Person_78,0.0,,0.0,,1.0,0.0,,0.0,0.0,0.0,,1.0,,0.0,1.0,0.0,0.0,1.0,,,0.0,0.0,1.0,0.0,0.0,0.0,,,0.0,1.0,,,0.0,1.0,0.0,,0.0,,,1.0,,,1.0,1.0,,,0.0,0.0,,0.0
Person_79,0.0,1.0,1.0,,1.0,,0.0,,1.0,1.0,1.0,1.0,0.0,1.0,,,1.0,0.0,1.0,1.0,0.0,,1.0,,0.0,0.0,,0.0,1.0,1.0,,1.0,1.0,1.0,,0.0,,,,1.0,0.0,0.0,,,,0.0,0.0,1.0,1.0,1.0
Person_80,0.0,1.0,0.0,0.0,,0.0,,0.0,,0.0,0.0,1.0,,1.0,0.0,,,,,,,0.0,,,0.0,0.0,,0.0,0.0,0.0,0.0,0.0,,0.0,,,,0.0,1.0,,,1.0,0.0,0.0,0.0,0.0,,0.0,,0.0
Person_81,0.0,,1.0,1.0,1.0,1.0,1.0,,1.0,0.0,1.0,1.0,1.0,,,1.0,1.0,,1.0,,0.0,,,0.0,1.0,1.0,1.0,1.0,,1.0,0.0,,,1.0,1.0,,1.0,0.0,,,,1.0,,1.0,,,,1.0,1.0,1.0
Person_82,0.0,0.0,,0.0,,0.0,,1.0,0.0,,0.0,1.0,,,0.0,1.0,,1.0,1.0,,,,0.0,0.0,0.0,0.0,1.0,,1.0,,,1.0,0.0,,0.0,,1.0,0.0,,0.0,0.0,0.0,0.0,,0.0,1.0,0.0,1.0,0.0,0.0
Person_83,1.0,1.0,,,1.0,,1.0,1.0,,1.0,,,1.0,,1.0,1.0,,,,1.0,,0.0,1.0,,,,1.0,1.0,1.0,,0.0,,,1.0,0.0,,,,1.0,1.0,0.0,1.0,0.0,1.0,1.0,,0.0,1.0,1.0,0.0
Person_84,0.0,1.0,1.0,,1.0,,1.0,1.0,1.0,0.0,,1.0,0.0,,0.0,,,,1.0,1.0,0.0,0.0,0.0,,0.0,0.0,0.0,,,1.0,,1.0,,,0.0,0.0,,0.0,,,,0.0,0.0,1.0,1.0,0.0,0.0,0.0,0.0,0.0
Person_85,,0.0,1.0,,1.0,1.0,,,1.0,1.0,,,0.0,1.0,1.0,,1.0,0.0,,1.0,,,,,,1.0,1.0,,,,,1.0,,,1.0,0.0,,,1.0,1.0,,1.0,,,,1.0,0.0,,,1.0
Person_86,,,1.0,0.0,1.0,1.0,1.0,1.0,1.0,,1.0,1.0,,1.0,1.0,1.0,1.0,,1.0,,1.0,0.0,1.0,0.0,1.0,0.0,,,1.0,1.0,1.0,,1.0,,0.0,,,,,,1.0,,1.0,,1.0,1.0,1.0,1.0,1.0,
Person_87,1.0,1.0,,,1.0,,0.0,0.0,0.0,,0.0,1.0,,0.0,,0.0,0.0,0.0,0.0,1.0,0.0,0.0,0.0,0.0,,,1.0,,0.0,1.0,0.0,0.0,1.0,1.0,,1.0,0.0,,1.0,,,0.0,0.0,0.0,1.0,0.0,0.0,,,0.0
Person_88,1.0,,,0.0,,1.0,1.0,,,,1.0,,0.0,0.0,1.0,,,,,1.0,,1.0,0.0,1.0,,1.0,0.0,1.0,1.0,,1.0,1.0,0.0,1.0,,0.0,1.0,0.0,,0.0,1.0,1.0,1.0,0.0,,1.0,,,1.0,0.0
Person_89,,,1.0,1.0,1.0,,,1.0,,1.0,,1.0,,,,0.0,1.0,,,1.0,1.0,1.0,1.0,1.0,,,0.0,,1.0,,,1.0,,,1.0,,,1.0,1.0,,,1.0,,1.0,,,1.0,1.0,,1.0
Person_90,,,0.0,,1.0,,0.0,,0.0,,,1.0,,0.0,1.0,0.0,,1.0,1.0,0.0,,,1.0,1.0,1.0,1.0,,1.0,1.0,,1.0,,,,0.0,,1.0,,0.0,1.0,,0.0,1.0,1.0,1.0,0.0,,,,
Person_91,0.0,0.0,1.0,1.0,,0.0,0.0,1.0,,0.0,,,0.0,,0.0,0.0,1.0,,1.0,0.0,0.0,,0.0,0.0,0.0,,1.0,1.0,,,,,,0.0,0.0,,,,,1.0,0.0,0.0,0.0,,,0.0,,0.0,0.0,0.0
Person_92,,,0.0,,,,1.0,1.0,1.0,0.0,,1.0,1.0,,0.0,0.0,0.0,,,1.0,0.0,,,0.0,0.0,0.0,0.0,0.0,0.0,,1.0,,,1.0,1.0,0.0,0.0,,,1.0,0.0,1.0,,,1.0,,,1.0,,
Person_93,0.0,,,0.0,1.0,,1.0,,1.0,0.0,,1.0,,0.0,,0.0,0.0,,1.0,,,1.0,0.0,,1.0,1.0,,,,,0.0,1.0,0.0,,0.0,0.0,,,,,0.0,1.0,1.0,1.0,1.0,,0.0,,0.0,1.0
Person_94,0.0,,,0.0,1.0,,0.0,0.0,0.0,0.0,0.0,1.0,0.0,0.0,0.0,,,0.0,0.0,,1.0,0.0,1.0,,,0.0,0.0,0.0,,,0.0,1.0,0.0,,0.0,0.0,0.0,,,,0.0,0.0,0.0,1.0,,,0.0,0.0,0.0,
Person_95,0.0,1.0,0.0,,1.0,,1.0,,,0.0,,,0.0,,1.0,,1.0,0.0,,1.0,1.0,1.0,1.0,,,0.0,,,0.0,1.0,0.0,1.0,0.0,1.0,1.0,0.0,,0.0,0.0,,1.0,1.0,1.0,0.0,0.0,0.0,0.0,0.0,0.0,
Person_96,1.0,1.0,,0.0,1.0,,1.0,0.0,1.0,,,,,,0.0,,,0.0,,0.0,0.0,0.0,,0.0,,1.0,,0.0,1.0,,0.0,0.0,0.0,1.0,,0.0,,1.0,1.0,1.0,0.0,,1.0,,0.0,0.0,,1.0,0.0,
Person_97,,1.0,,,,,0.0,1.0,,0.0,1.0,0.0,0.0,,0.0,0.0,,,1.0,0.0,0.0,,1.0,0.0,0.0,0.0,1.0,,1.0,,1.0,,0.0,1.0,1.0,1.0,0.0,0.0,0.0,,,,,,,1.0,,1.0,0.0,0.0
Person_98,,1.0,1.0,,,1.0,1.0,1.0,1.0,1.0,1.0,,0.0,1.0,,1.0,,0.0,,,,,1.0,1.0,1.0,,0.0,,,0.0,1.0,1.0,1.0,1.0,1.0,1.0,1.0,,1.0,1.0,1.0,1.0,,1.0,1.0,0.0,1.0,,0.0,
Person_99,,,1.0,1.0,1.0,,1.0,,1.0,,1.0,,,1.0,1.0,1.0,,,,1.0,1.0,0.0,,0.0,,,1.0,,1.0,1.0,1.0,1.0,1.0,1.0,,1.0,1.0,1.0,,,1.0,,1.0,,1.0,,1.0,1.0,1.0,1.0
Person_100,,,,,,,,1.0,1.0,1.0,1.0,1.0,1.0,1.0,,1.0,1.0,0.0,,,0.0,,0.0,1.0,1.0,,,,,1.0,,1.0,1.0,,1.0,,1.0,1.0,,,1.0,1.0,,1.0,,,,,,
Person_101,0.0,1.0,,,1.0,1.0,1.0,,,1.0,1.0,,,1.0,,,0.0,0.0,,1.0,0.0,0.0,,,,,,1.0,,1.0,0.0,0.0,0.0,0.0,,0.0,1.0,,,0.0,0.0,0.0,1.0,1.0,0.0,0.0,0.0,1.0,0.0,0.0
Person_102,,,0.0,,,1.0,1.0,1.0,,0.0,1.0,,1.0,1.0,,1.0,1.0,1.0,1.0,1.0,,1.0,1.0,1.0,1.0,,1.0,,1.0,,1.0,1.0,,,,0.0,,1.0,1.0,1.0,1.0,1.0,1.0,1.0,,1.0,0.0,1.0,,
Person_103,1.0,,1.0,0.0,,0.0,1.0,,,1.0,1.0,1.0,,,1.0,,1.0,1.0,1.0,,,,1.0,1.0,1.0,1.0,1.0,1.0,1.0,1.0,1.0,1.0,1.0,1.0,1.0,,1.0,1.0,,,,1.0,1.0,,,,,1.0,,1.0
Person_104,,1.0,1.0,,,0.0,1.0,1.0,,1.0,,,,1.0,,,,,,1.0,,,1.0,,1.0,,0.0,,,,0.0,0.0,,1.0,,0.0,,,,1.0,,1.0,,1.0,1.0,0.0,0.0,,,1.0
Person_105,,1.0,,0.0,,,1.0,,1.0,1.0,,1.0,,,0.0,,,1.0,,1.0,1.0,,1.0,,1.0,1.0,0.0,,1.0,0.0,,1.0,1.0,,,,,1.0,,1.0,1.0,,1.0,1.0,1.0,,0.0,1.0,0.0,0.0
Person_106,,1.0,1.0,,,1.0,,0.0,1.0,1.0,,,1.0,,1.0,0.0,1.0,,,,0.0,1.0,,0.0,,,1.0,1.0,0.0,1.0,0.0,,,,1.0,0.0,1.0,,0.0,1.0,1.0,0.0,1.0,,1.0,,,,0.0,0.0
Person_107,,1.0,,0.0,,,1.0,,1.0,1.0,1.0,,1.0,,,,,0.0,,1.0,1.0,,1.0,1.0,,0.0,,,,0.0,,1.0,,1.0,0.0,0.0,,0.0,,1.0,1.0,0.0,1.0,,0.0,0.0,0.0,,0.0,1.0
Person_108,0.0,1.0,,,1.0,1.0,1.0,,1.0,1.0,,,1.0,1.0,1.0,0.0,,,,,,0.0,0.0,,,,,1.0,1.0,,1.0,0.0,,,,0.0,1.0,0.0,,,1.0,1.0,,1.0,,1.0,,1.0,,0.0
Person_109,,,,1.0,1.0,0.0,,1.0,1.0,,,1.0,1.0,1.0,1.0,1.0,,0.0,1.0,0.0,1.0,1.0,1.0,0.0,1.0,0.0,1.0,,1.0,1.0,0.0,1.0,1.0,1.0,0.0,,,,0.0,0.0,0.0,,1.0,1.0,1.0,,0.0,1.0,,1.0
Person_110,1.0,,1.0,0.0,1.0,,,,,1.0,,,,0.0,,0.0,0.0,0.0,,,,1.0,,0.0,1.0,1.0,,0.0,1.0,,0.0,,0.0,1.0,0.0,0.0,0.0,0.0,,1.0,0.0,0.0,,1.0,,,1.0,0.0,1.0,0.0
Person_111,,,1.0,0.0,1.0,,1.0,1.0,,1.0,0.0,1.0,1.0,,1.0,1.0,,,1.0,1.0,1.0,1.0,1.0,1.0,,1.0,,1.0,1.0,1.0,,1.0,,1.0,0.0,1.0,1.0,1.0,1.0,1.0,,,,,1.0,,1.0,1.0,0.0,0.0
Person_112,1.0,1.0,0.0,1.0,,,,0.0,1.0,1.0,1.0,1.0,,1.0,,1.0,1.0,,,1.0,1.0,1.0,1.0,1.0,1.0,1.0,1.0,1.0,1.0,1.0,1.0,1.0,0.0,,,,1.0,1.0,,1.0,1.0,1.0,,,1.0,1.0,1.0,1.0,0.0,
Person_113,1.0,,0.0,,1.0,,1.0,0.0,1.0,1.0,0.0,,,0.0,,0.0,0.0,,0.0,,,0.0,1.0,,0.0,1.0,0.0,1.0,0.0,1.0,,1.0,0.0,1.0,0.0,,1.0,0.0,1.0,1.0,0.0,,0.0,0.0,1.0,0.0,,,,
Person_114,0.0,1.0,,1.0,0.0,1.0,,0.0,1.0,,,,1.0,0.0,0.0,,0.0,0.0,1.0,1.0,,,,,0.0,,0.0,0.0,1.0,0.0,0.0,,,,,,,,,1.0,1.0,,,1.0,1.0,1.0,0.0,,0.0,
Person_115,,,0.0,0.0,1.0,,0.0,1.0,1.0,,1.0,,0.0,0.0,,,0.0,,0.0,,,,1.0,0.0,,,0.0,,,0.0,,,1.0,0.0,,,0.0,0.0,,1.0,,0.0,,1.0,1.0,,0.0,,0.0,0.0
Person_116,0.0,0.0,0.0,,,1.0,,0.0,0.0,,1.0,0.0,0.0,,,0.0,,0.0,1.0,1.0,0.0,0.0,,,,0.0,,0.0,0.0,1.0,0.0,1.0,0.0,,,,,,,1.0,,,0.0,,0.0,,0.0,,0.0,0.0
Person_117,,1.0,,1.0,1.0,0.0,,0.0,,,1.0,,,1.0,,1.0,0.0,1.0,1.0,1.0,1.0,,,1.0,1.0,,1.0,0.0,,1.0,,1.0,,,,,1.0,1.0,1.0,,1.0,0.0,1.0,,,0.0,1.0,,,0.0
Person_118,,1.0,1.0,,,,1.0,1.0,,,1.0,1.0,,1.0,0.0,1.0,0.0,,1.0,1.0,,0.0,,0.0,1.0,,,1.0,,,1.0,1.0,0.0,1.0,,,,1.0,,1.0,,1.0,1.0,1.0,,1.0,1.0,1.0,0.0,
Person_119,,0.0,0.0,0.0,0.0,0.0,,0.0,1.0,,1.0,1.0,0.0,0.0,,0.0,0.0,0.0,,0.0,0.0,0.0,1.0,0.0,1.0,,0.0,,0.0,0.0,1.0,,,1.0,0.0,0.0,,0.0,,,1.0,0.0,0.0,0.0,1.0,,0.0,1.0,,0.0
Person_120,1.0,,0.0,1.0,1.0,,,,0.0,1.0,,1.0,1.0,1.0,,1.0,0.0,1.0,1.0,1.0,1.0,,,,0.0,1.0,,1.0,1.0,,0.0,,1.0,1.0,1.0,0.0,1.0,1.0,1.0,,,0.0,,,,1.0,0.0,1.0,1.0,
Person_121,,0.0,0.0,0.0,1.0,,1.0,1.0,,,1.0,1.0,1.0,,0.0,0.0,,,1.0,1.0,,,0.0,,0.0,1.0,,1.0,1.0,1.0,0.0,,0.0,0.0,1.0,,,1.0,,1.0,,,,,,,0.0,0.0,0.0,
Person_122,0.0,0.0,,0.0,1.0,0.0,0.0,0.0,,,,1.0,0.0,0.0,,0.0,,1.0,,1.0,,1.0,0.0,0.0,0.0,,1.0,,0.0,,,1.0,0.0,0.0,,,0.0,,0.0,0.0,0.0,0.0,,1.0,0.0,0.0,0.0,1.0,,
Person_123,0.0,0.0,,0.0,0.0,1.0,1.0,0.0,0.0,,0.0,,0.0,,0.0,,0.0,0.0,,0.0,0.0,,,0.0,,,,0.0,,0.0,,,,,,,,,0.0,,,0.0,,,0.0,0.0,1.0,1.0,,
Person_124,0.0,,1.0,,1.0,0.0,1.0,1.0,,,,1.0,0.0,,0.0,,0.0,0.0,,1.0,1.0,1.0,,,0.0,0.0,1.0,1.0,0.0,1.0,0.0,1.0,0.0,0.0,0.0,,0.0,,1.0,0.0,,,,0.0,,0.0,0.0,0.0,,0.0
Person_125,1.0,1.0,,0.0,1.0,0.0,,,,1.0,1.0,1.0,,0.0,,1.0,,,1.0,1.0,,,1.0,0.0,,1.0,,1.0,,,0.0,,1.0,1.0,1.0,0.0,,1.0,1.0,1.0,1.0,0.0,1.0,1.0,,,,1.0,0.0,
Person_126,1.0,0.0,0.0,0.0,,,0.0,,0.0,,,,,,0.0,0.0,,,1.0,0.0,0.0,,,0.0,,,,,,,0.0,,,,,0.0,,0.0,,1.0,1.0,0.0,0.0,0.0,1.0,0.0,0.0,,0.0,0.0
Person_127,,,0.0,1.0,1.0,,1.0,1.0,,1.0,1.0,0.0,,0.0,0.0,0.0,,0.0,,0.0,,,,0.0,,0.0,,,0.0,,,,0.0,1.0,0.0,,,0.0,,1.0,,0.0,1.0,,,0.0,0.0,1.0,,1.0
Person_128,0.0,1.0,,1.0,,1.0,1.0,0.0,,1.0,1.0,,1.0,,,0.0,1.0,0.0,0.0,1.0,,0.0,1.0,,0.0,0.0,0.0,0.0,1.0,,0.0,,,0.0,,0.0,,0.0,0.0,1.0,1.0,0.0,,0.0,,0.0,,,0.0,
Person_129,,1.0,1.0,1.0,,1.0,1.0,,,1.0,1.0,1.0,,1.0,1.0,,,,1.0,,,1.0,,,,,1.0,,,,0.0,,1.0,1.0,1.0,0.0,,,1.0,1.0,,1.0,1.0,,1.0,,1.0,0.0,1.0,1.0
Person_130,1.0,1.0,1.0,,1.0,0.0,1.0,,,1.0,,,,1.0,,,1.0,,1.0,1.0,,1.0,,,,1.0,1.0,,,1.0,1.0,1.0,1.0,,1.0,0.0,1.0,1.0,1.0,,,0.0,,,,1.0,0.0,1.0,1.0,1.0
Person_131,1.0,0.0,0.0,0.0,1.0,0.0,0.0,0.0,0.0,1.0,1.0,1.0,1.0,,,1.0,,0.0,1.0,1.0,0.0,,,,0.0,,0.0,,1.0,,0.0,,1.0,,,1.0,0.0,,1.0,,0.0,,1.0,,,0.0,,1.0,,
Person_132,,,,0.0,,,0.0,0.0,1.0,0.0,,1.0,,,,,0.0,0.0,0.0,0.0,1.0,0.0,0.0,0.0,1.0,,0.0,,,0.0,,,1.0,1.0,1.0,0.0,0.0,0.0,,0.0,0.0,,,1.0,1.0,0.0,,,0.0,
Person_133,1.0,1.0,0.0,0.0,1.0,1.0,1.0,1.0,0.0,,1.0,1.0,0.0,,0.0,0.0,1.0,1.0,1.0,1.0,,,1.0,,0.0,,1.0,,,1.0,0.0,1.0,0.0,0.0,1.0,,1.0,0.0,,,0.0,,1.0,1.0,1.0,1.0,,0.0,0.0,1.0
Person_134,,1.0,,1.0,1.0,1.0,,1.0,,,1.0,,,1.0,,,,,1.0,1.0,,1.0,1.0,,,1.0,1.0,1.0,1.0,1.0,,,,1.0,1.0,,,1.0,1.0,,,,0.0,1.0,1.0,,1.0,,,
Person_135,,1.0,0.0,,1.0,,1.0,0.0,1.0,0.0,1.0,1.0,1.0,0.0,,0.0,0.0,,,,0.0,,1.0,,1.0,,0.0,,,1.0,,,,1.0,0.0,1.0,,1.0,0.0,,,1.0,0.0,1.0,,0.0,0.0,,,0.0
Person_136,,1.0,,1.0,1.0,0.0,1.0,,,0.0,,0.0,1.0,,0.0,,,0.0,1.0,1.0,0.0,0.0,1.0,0.0,1.0,1.0,0.0,,1.0,,,1.0,,1.0,1.0,,0.0,,,,1.0,1.0,,,,1.0,,1.0,0.0,
Person_137,,1.0,,,0.0,1.0,1.0,1.0,,1.0,1.0,1.0,1.0,0.0,,0.0,,0.0,1.0,,,,1.0,1.0,1.0,1.0,0.0,1.0,1.0,,,,1.0,,,,,,1.0,1.0,,1.0,0.0,1.0,,0.0,0.0,,0.0,0.0
Person_138,,,,0.0,,0.0,,,,,,1.0,,1.0,,,0.0,0.0,,1.0,0.0,,0.0,0.0,0.0,,,0.0,0.0,0.0,,,0.0,1.0,,,,0.0,,,,,,,1.0,0.0,,0.0,0.0,0.0
Person_139,0.0,1.0,0.0,,1.0,1.0,1.0,1.0,1.0,,,1.0,1.0,,,,1.0,,1.0,,0.0,0.0,1.0,1.0,,,,0.0,1.0,1.0,1.0,1.0,1.0,1.0,1.0,1.0,0.0,1.0,,,,,,,1.0,,,1.0,,1.0
Person_140,,,,0.0,,1.0,,,,,1.0,1.0,,,1.0,,0.0,,,,,0.0,0.0,,0.0,,0.0,1.0,0.0,,0.0,1.0,,1.0,1.0,0.0,1.0,0.0,,1.0,0.0,,1.0,1.0,,,0.0,1.0,0.0,0.0
Person_141,0.0,1.0,0.0,0.0,1.0,0.0,,1.0,0.0,1.0,1.0,,1.0,,,0.0,0.0,0.0,1.0,,,,,0.0,,,,,1.0,,,0.0,,1.0,,1.0,0.0,1.0,0.0,1.0,,1.0,1.0,,,0.0,1.0,1.0,,1.0
Person_142,0.0,0.0,,0.0,,0.0,0.0,0.0,0.0,0.0,,,0.0,,0.0,0.0,,,0.0,,,0.0,0.0,,1.0,0.0,,1.0,,,0.0,,0.0,,0.0,,0.0,,,1.0,,0.0,,1.0,1.0,0.0,0.0,0.0,,
Person_143,,1.0,0.0,0.0,,0.0,1.0,,,1.0,,1.0,1.0,0.0,,1.0,,,,1.0,0.0,0.0,1.0,,1.0,,0.0,,,,1.0,1.0,1.0,1.0,,1.0,0.0,0.0,1.0,,0.0,1.0,,1.0,,,0.0,,,0.0
Person_144,,0.0,,,1.0,,0.0,,,1.0,1.0,1.0,,0.0,,0.0,,,1.0,1.0,0.0,,,0.0,,1.0,0.0,0.0,0.0,0.0,,1.0,,,0.0,0.0,,0.0,,1.0,,,,1.0,1.0,,,1.0,1.0,1.0
Person_145,,0.0,,0.0,0.0,0.0,,0.0,,,0.0,,,0.0,0.0,,,0.0,,1.0,0.0,0.0,,,0.0,0.0,0.0,0.0,0.0,0.0,,0.0,,,,0.0,0.0,,0.0,,0.0,0.0,0.0,,1.0,0.0,1.0,0.0,,
Person_146,,,0.0,1.0,1.0,,,,0.0,1.0,,0.0,1.0,,,0.0,1.0,0.0,1.0,,0.0,1.0,,,0.0,1.0,0.0,1.0,,,1.0,1.0,1.0,0.0,0.0,1.0,1.0,0.0,1.0,1.0,,,0.0,,1.0,,1.0,0.0,0.0,1.0
Person_147,0.0,,0.0,,1.0,0.0,,0.0,,0.0,0.0,0.0,,,0.0,,0.0,0.0,0.0,0.0,1.0,0.0,,0.0,,,0.0,0.0,,0.0,,,,0.0,0.0,,0.0,,0.0,0.0,0.0,,,0.0,0.0,,0.0,0.0,0.0,0.0
Person_148,1.0,1.0,0.0,0.0,1.0,,1.0,0.0,0.0,1.0,,1.0,,,0.0,1.0,,0.0,,1.0,0.0,,1.0,0.0,,,0.0,,1.0,1.0,0.0,,,1.0,1.0,,,0.0,0.0,0.0,1.0,,1.0,,1.0,0.0,,,0.0,1.0
Person_149,0.0,1.0,0.0,0.0,,,0.0,,,,0.0,1.0,,,,1.0,0.0,,,,,0.0,0.0,0.0,,0.0,,1.0,1.0,1.0,,,0.0,1.0,0.0,,1.0,,,,,0.0,1.0,,,0.0,,,1.0,0.0
Person_150,0.0,,0.0,,1.0,1.0,1.0,,,,,0.0,,0.0,,,,,1.0,,,,,,1.0,,,0.0,0.0,1.0,0.0,1.0,1.0,1.0,1.0,,1.0,0.0,,1.0,1.0,1.0,1.0,,0.0,,,0.0,1.0,0.0
Person_151,0.0,1.0,0.0,1.0,,,1.0,0.0,,0.0,,1.0,,,,,0.0,1.0,1.0,,,,1.0,,0.0,0.0,0.0,0.0,1.0,,0.0,,,,1.0,0.0,,0.0,0.0,,1.0,,,0.0,1.0,,1.0,,1.0,
Person_152,1.0,1.0,1.0,1.0,0.0,,1.0,1.0,,1.0,,1.0,1.0,0.0,0.0,1.0,,0.0,,,0.0,1.0,,,1.0,1.0,,1.0,,,,1.0,,1.0,0.0,1.0,,1.0,1.0,1.0,1.0,1.0,1.0,,1.0,1.0,,1.0,,
Person_153,1.0,1.0,,1.0,,1.0,,1.0,1.0,,1.0,1.0,,0.0,,,0.0,,,,1.0,0.0,0.0,1.0,1.0,1.0,1.0,1.0,,1.0,,1.0,1.0,1.0,1.0,1.0,1.0,1.0,,,,,1.0,,1.0,,1.0,,0.0,0.0
Person_154,,,,0.0,1.0,1.0,,1.0,1.0,,,,1.0,,0.0,,0.0,,,,1.0,0.0,1.0,,1.0,1.0,1.0,1.0,1.0,1.0,0.0,1.0,1.0,1.0,1.0,1.0,,1.0,,1.0,1.0,,,,1.0,0.0,,,,1.0
Person_155,1.0,1.0,1.0,0.0,1.0,1.0,,,1.0,1.0,1.0,,,1.0,1.0,1.0,,0.0,1.0,,1.0,,,,,1.0,,0.0,,0.0,,1.0,1.0,1.0,,,,,1.0,1.0,,1.0,0.0,1.0,,,0.0,,1.0,1.0
Person_156,,0.0,0.0,,1.0,0.0,0.0,,0.0,0.0,,0.0,0.0,,0.0,0.0,0.0,0.0,0.0,1.0,,,0.0,,0.0,0.0,0.0,,0.0,0.0,,0.0,,,0.0,,0.0,,,0.0,0.0,,0.0,,,,0.0,0.0,0.0,0.0
Person_157,,0.0,,,0.0,,1.0,0.0,1.0,0.0,,,0.0,,1.0,0.0,,0.0,1.0,1.0,,0.0,1.0,,0.0,,,1.0,0.0,,,1.0,0.0,0.0,,,,0.0,1.0,,,,,1.0,0.0,,0.0,0.0,,0.0
Person_158,1.0,1.0,0.0,0.0,,,1.0,,0.0,,1.0,,1.0,1.0,,,0.0,,,1.0,0.0,,1.0,,0.0,0.0,1.0,0.0,,,0.0,1.0,1.0,1.0,,0.0,0.0,1.0,1.0,1.0,,1.0,1.0,1.0,1.0,1.0,,,,
Person_159,,0.0,0.0,0.0,,0.0,,0.0,,,0.0,0.0,0.0,0.0,,0.0,0.0,0.0,,,,,0.0,,0.0,0.0,0.0,0.0,,0.0,0.0,,0.0,,,0.0,,0.0,,1.0,0.0,0.0,,0.0,,0.0,0.0,,0.0,0.0
Person_160,0.0,0.0,0.0,0.0,,0.0,1.0,0.0,,0.0,,0.0,,0.0,0.0,0.0,0.0,,,,0.0,,1.0,0.0,,0.0,,0.0,,,,1.0,0.0,,,,1.0,,,0.0,1.0,,1.0,1.0,0.0,,0.0,0.0,,1.0
Person_161,,,,0.0,,,1.0,,0.0,,0.0,1.0,,,,0.0,,,1.0,1.0,,1.0,0.0,,0.0,1.0,,0.0,1.0,1.0,0.0,,1.0,,,,,,1.0,1.0,0.0,1.0,,1.0,,0.0,,0.0,0.0,
Person_162,0.0,,0.0,0.0,,,0.0,,,,0.0,,,,,0.0,,0.0,0.0,1.0,0.0,0.0,0.0,1.0,,,0.0,,,1.0,0.0,,0.0,1.0,0.0,,,,1.0,0.0,0.0,1.0,1.0,0.0,,0.0,,1.0,,
Person_163,,1.0,,,1.0,0.0,0.0,0.0,0.0,0.0,,,,0.0,1.0,1.0,0.0,1.0,,0.0,,,,0.0,1.0,,1.0,,1.0,1.0,,,0.0,1.0,1.0,0.0,,1.0,1.0,,0.0,1.0,,0.0,1.0,,1.0,,1.0,0.0
Person_164,,1.0,1.0,0.0,1.0,,0.0,,1.0,,,1.0,1.0,1.0,,1.0,1.0,,,1.0,,1.0,,,,,,1.0,,1.0,0.0,1.0,1.0,1.0,,,1.0,1.0,,1.0,1.0,,1.0,,0.0,,0.0,1.0,1.0,
Person_165,,,1.0,0.0,1.0,,0.0,0.0,,,0.0,,0.0,0.0,0.0,1.0,0.0,,,1.0,0.0,,,0.0,0.0,,,,1.0,1.0,0.0,1.0,1.0,,0.0,0.0,,,0.0,1.0,1.0,0.0,0.0,1.0,1.0,0.0,0.0,0.0,0.0,0.0
Person_166,1.0,1.0,,,,1.0,1.0,,,,,,1.0,,1.0,,0.0,,,,,,,0.0,1.0,0.0,0.0,,1.0,1.0,,0.0,0.0,1.0,,0.0,,0.0,,,0.0,,,1.0,1.0,,0.0,1.0,0.0,
Person_167,1.0,,,0.0,1.0,,1.0,,1.0,,,1.0,,0.0,,,1.0,1.0,1.0,1.0,0.0,1.0,1.0,,,,,1.0,1.0,,0.0,1.0,,1.0,1.0,,1.0,,1.0,1.0,,1.0,1.0,,1.0,0.0,1.0,,1.0,0.0
Person_168,0.0,0.0,0.0,,0.0,,0.0,1.0,0.0,1.0,0.0,0.0,0.0,0.0,1.0,,0.0,,0.0,,,,,,0.0,,0.0,0.0,0.0,0.0,,,0.0,0.0,0.0,,,0.0,0.0,1.0,0.0,0.0,,0.0,0.0,0.0,,0.0,,
Person_169,,,0.0,0.0,0.0,,,1.0,,,0.0,0.0,0.0,0.0,0.0,,0.0,,1.0,1.0,1.0,0.0,,0.0,0.0,,,1.0,1.0,,0.0,0.0,,1.0,0.0,,0.0,0.0,0.0,,0.0,0.0,0.0,1.0,,0.0,,0.0,0.0,1.0
Person_170,0.0,0.0,0.0,,,1.0,1.0,0.0,0.0,,,,,0.0,,0.0,1.0,,1.0,,,0.0,0.0,0.0,0.0,,0.0,0.0,,0.0,0.0,1.0,,,1.0,1.0,,,,1.0,1.0,0.0,,1.0,0.0,,,,,0.0
Person_171,0.0,1.0,0.0,0.0,0.0,,,,1.0,,1.0,1.0,,1.0,,1.0,,1.0,1.0,,,,,,0.0,,0.0,,,1.0,,,,0.0,,0.0,1.0,,0.0,1.0,0.0,0.0,,1.0,,0.0,0.0,0.0,,1.0
Person_172,0.0,1.0,,0.0,,,,,,,1.0,,0.0,,1.0,0.0,0.0,,,1.0,,,,,,0.0,0.0,0.0,1.0,,,1.0,0.0,0.0,0.0,0.0,0.0,0.0,1.0,,,0.0,1.0,,1.0,,0.0,,0.0,1.0
Person_173,0.0,1.0,0.0,0.0,,0.0,1.0,,1.0,1.0,0.0,1.0,0.0,,,0.0,0.0,,1.0,,,0.0,,,0.0,0.0,1.0,0.0,,,,1.0,,,1.0,,,0.0,,1.0,0.0,,,1.0,1.0,,,1.0,0.0,0.0
Person_174,1.0,,0.0,0.0,,,1.0,1.0,,,1.0,,,,,,1.0,0.0,,0.0,,,1.0,0.0,1.0,1.0,1.0,,1.0,,1.0,,,1.0,1.0,,1.0,,,,,,1.0,,,1.0,,1.0,,1.0
Person_175,0.0,1.0,0.0,1.0,1.0,1.0,,1.0,,1.0,,1.0,0.0,0.0,0.0,0.0,,0.0,1.0,1.0,0.0,,,0.0,1.0,1.0,,,,1.0,,1.0,,,0.0,0.0,,,1.0,1.0,0.0,1.0,,,,,,,,
Person_176,,,,0.0,1.0,,,,,1.0,1.0,,0.0,0.0,,1.0,,,,1.0,,1.0,1.0,1.0,0.0,1.0,,1.0,1.0,1.0,0.0,1.0,1.0,,0.0,0.0,,1.0,1.0,0.0,,,,0.0,,,1.0,0.0,1.0,
Person_177,0.0,1.0,,1.0,1.0,1.0,,0.0,1.0,1.0,1.0,,1.0,,,,1.0,,,,1.0,,,,,1.0,1.0,0.0,1.0,1.0,0.0,1.0,0.0,1.0,0.0,0.0,0.0,0.0,,1.0,,,0.0,1.0,1.0,,0.0,1.0,,0.0
Person_178,,,1.0,0.0,,0.0,,,0.0,0.0,1.0,,,,,,0.0,0.0,,1.0,0.0,0.0,0.0,,0.0,,0.0,0.0,1.0,0.0,,1.0,0.0,,,1.0,1.0,,0.0,,,,,,,0.0,0.0,0.0,0.0,
Person_179,0.0,1.0,0.0,0.0,,,0.0,0.0,,1.0,1.0,1.0,,0.0,,1.0,,1.0,,1.0,,1.0,,0.0,,0.0,0.0,0.0,0.0,0.0,,1.0,0.0,,1.0,1.0,1.0,,1.0,,0.0,1.0,,1.0,1.0,,,,1.0,0.0
Person_180,,1.0,,0.0,,,0.0,0.0,,0.0,,0.0,0.0,0.0,,0.0,0.0,,,1.0,0.0,0.0,0.0,,0.0,0.0,1.0,,0.0,0.0,0.0,1.0,0.0,1.0,,,1.0,,,0.0,,0.0,,0.0,,0.0,0.0,1.0,,0.0
Person_181,,,0.0,,0.0,1.0,,0.0,0.0,0.0,0.0,,1.0,,0.0,,,0.0,1.0,0.0,0.0,0.0,,0.0,0.0,0.0,0.0,0.0,,0.0,0.0,1.0,,0.0,,,,,,0.0,0.0,,0.0,0.0,1.0,0.0,,0.0,0.0,0.0
Person_182,1.0,,,0.0,,0.0,1.0,,1.0,,1.0,1.0,1.0,,0.0,0.0,1.0,0.0,0.0,,0.0,,0.0,,1.0,,,0.0,0.0,0.0,,,0.0,,1.0,,1.0,0.0,,0.0,0.0,1.0,0.0,1.0,1.0,0.0,0.0,1.0,,
Person_183,0.0,,,,1.0,,,1.0,0.0,,,1.0,,0.0,0.0,,0.0,1.0,1.0,,1.0,,,0.0,0.0,1.0,,0.0,0.0,0.0,1.0,,0.0,1.0,1.0,0.0,,0.0,1.0,,1.0,,1.0,1.0,,1.0,,0.0,0.0,1.0
Person_184,0.0,,0.0,0.0,1.0,,1.0,0.0,0.0,0.0,0.0,1.0,,,0.0,0.0,,0.0,1.0,,0.0,0.0,1.0,,,0.0,0.0,,,1.0,1.0,1.0,,1.0,1.0,,1.0,0.0,,,1.0,0.0,,1.0,,0.0,0.0,,,0.0
Person_185,0.0,0.0,1.0,0.0,1.0,,0.0,1.0,1.0,,1.0,0.0,1.0,,0.0,0.0,,0.0,1.0,1.0,0.0,,,0.0,,,0.0,1.0,,1.0,1.0,,0.0,1.0,,0.0,,1.0,1.0,0.0,0.0,1.0,,1.0,1.0,,,1.0,0.0,
Person_186,0.0,1.0,1.0,,,,,1.0,1.0,1.0,1.0,1.0,,0.0,0.0,0.0,1.0,1.0,1.0,1.0,0.0,,0.0,,1.0,1.0,,0.0,1.0,,1.0,,1.0,0.0,1.0,,0.0,0.0,,,1.0,,1.0,1.0,,0.0,0.0,1.0,0.0,0.0
Person_187,1.0,1.0,,1.0,1.0,1.0,,,1.0,,1.0,1.0,1.0,,1.0,,1.0,,1.0,1.0,,1.0,,,,1.0,1.0,,1.0,,,1.0,0.0,1.0,1.0,1.0,,1.0,1.0,1.0,,1.0,,0.0,1.0,,1.0,1.0,1.0,
Person_188,,0.0,,0.0,1.0,0.0,1.0,0.0,,1.0,,,,,0.0,,,0.0,1.0,0.0,0.0,,,0.0,0.0,,,,1.0,,0.0,1.0,0.0,,1.0,,,,0.0,,,,0.0,0.0,1.0,0.0,,1.0,0.0,
Person_189,1.0,,,,,1.0,,,,,1.0,1.0,,0.0,,0.0,0.0,,1.0,1.0,1.0,1.0,1.0,0.0,1.0,,0.0,1.0,,1.0,,,,1.0,1.0,,1.0,1.0,,1.0,,1.0,1.0,,,0.0,0.0,1.0,1.0,
Person_190,0.0,1.0,1.0,1.0,,1.0,,1.0,1.0,,,1.0,,1.0,1.0,1.0,,,1.0,0.0,,0.0,1.0,0.0,1.0,1.0,,,,1.0,0.0,1.0,,,,1.0,,0.0,,1.0,1.0,1.0,,,1.0,,1.0,,1.0,
Person_191,1.0,,0.0,0.0,,0.0,1.0,,1.0,,0.0,1.0,1.0,0.0,,0.0,,0.0,,,0.0,,,,0.0,,0.0,0.0,1.0,,1.0,,0.0,,0.0,0.0,1.0,0.0,1.0,1.0,0.0,,,,0.0,,,,0.0,0.0
Person_192,1.0,0.0,0.0,0.0,,,,,0.0,,,,1.0,0.0,,,0.0,0.0,0.0,,,0.0,0.0,0.0,,1.0,0.0,0.0,0.0,0.0,0.0,,0.0,1.0,0.0,0.0,0.0,0.0,0.0,,,,0.0,,1.0,,,0.0,1.0,0.0
Person_193,,0.0,,0.0,1.0,0.0,,0.0,,1.0,1.0,1.0,,1.0,,0.0,,0.0,1.0,1.0,1.0,,,,,,1.0,0.0,,0.0,,,,1.0,,,1.0,1.0,1.0,1.0,1.0,,,0.0,1.0,0.0,,,0.0,0.0
Person_194,0.0,1.0,,0.0,,,0.0,0.0,1.0,1.0,,1.0,0.0,0.0,0.0,,0.0,1.0,,1.0,0.0,1.0,0.0,0.0,,1.0,0.0,,,,,,0.0,1.0,,0.0,,0.0,,0.0,0.0,,0.0,,1.0,0.0,0.0,,0.0,
Person_195,1.0,1.0,,1.0,,1.0,,,,1.0,,1.0,,1.0,,,0.0,1.0,1.0,1.0,1.0,1.0,,1.0,0.0,,0.0,0.0,1.0,,,,1.0,,0.0,,,1.0,1.0,,1.0,1.0,1.0,,1.0,,1.0,1.0,0.0,1.0
Person_196,,,,,1.0,0.0,1.0,,0.0,1.0,,0.0,,,0.0,0.0,1.0,0.0,1.0,1.0,0.0,,0.0,0.0,,,1.0,,,,0.0,0.0,,0.0,,,,,1.0,,0.0,1.0,1.0,0.0,1.0,0.0,0.0,,0.0,
Person_197,0.0,1.0,1.0,0.0,,,,,1.0,1.0,,1.0,0.0,,,1.0,1.0,1.0,1.0,1.0,0.0,0.0,1.0,0.0,0.0,1.0,0.0,1.0,0.0,1.0,0.0,,1.0,,,0.0,1.0,1.0,1.0,,,1.0,,,,0.0,0.0,,0.0,
Person_198,0.0,1.0,1.0,0.0,,1.0,1.0,,1.0,1.0,,0.0,1.0,0.0,,1.0,0.0,,1.0,,1.0,1.0,1.0,0.0,0.0,,,1.0,1.0,1.0,,1.0,1.0,1.0,,1.0,,0.0,,1.0,1.0,0.0,1.0,1.0,,,1.0,,0.0,1.0
Person_199,0.0,0.0,0.0,,1.0,0.0,0.0,0.0,,0.0,0.0,0.0,0.0,0.0,0.0,0.0,,0.0,,,,,,,,,0.0,,0.0,,0.0,1.0,0.0,0.0,,,,0.0,1.0,0.0,,0.0,,0.0,,0.0,,0.0,,0.0
Person_200,0.0,0.0,0.0,0.0,,0.0,0.0,,,,,1.0,,0.0,,1.0,0.0,0.0,0.0,,0.0,,0.0,0.0,,,,,,1.0,0.0,,0.0,0.0,1.0,,0.0,0.0,,,0.0,0.0,,1.0,,,,,0.0,0.0
Person_201,,1.0,,0.0,1.0,0.0,1.0,,0.0,,1.0,,0.0,0.0,0.0,,0.0,,1.0,,,0.0,,0.0,,,0.0,1.0,,0.0,,,0.0,1.0,,0.0,,,1.0,0.0,,0.0,1.0,0.0,1.0,0.0,0.0,,0.0,0.0
Person_202,,1.0,0.0,0.0,1.0,1.0,1.0,,1.0,1.0,1.0,,1.0,,,0.0,0.0,0.0,1.0,1.0,,,1.0,,,,0.0,0.0,,,0.0,,0.0,,0.0,1.0,0.0,0.0,0.0,0.0,,1.0,0.0,0.0,1.0,,0.0,0.0,,
Person_203,1.0,1.0,,0.0,,1.0,,0.0,,,,,,0.0,1.0,,1.0,,1.0,0.0,0.0,1.0,1.0,0.0,,,,1.0,0.0,1.0,0.0,,,1.0,,1.0,,,,,,0.0,0.0,1.0,,0.0,1.0,1.0,1.0,
Person_204,1.0,1.0,,,,0.0,1.0,1.0,,1.0,1.0,1.0,1.0,,,0.0,1.0,1.0,1.0,1.0,0.0,,1.0,,0.0,,,1.0,1.0,,0.0,,,,,,,,,,0.0,1.0,1.0,,1.0,,,1.0,1.0,
Person_205,,,,,0.0,0.0,,1.0,0.0,0.0,0.0,0.0,0.0,0.0,,,,,0.0,0.0,,0.0,,,0.0,,0.0,0.0,,,,0.0,0.0,0.0,0.0,0.0,1.0,,,0.0,0.0,0.0,1.0,1.0,,0.0,,,0.0,
Person_206,0.0,0.0,0.0,0.0,,0.0,1.0,0.0,0.0,0.0,0.0,0.0,,0.0,,,,,0.0,0.0,0.0,,,0.0,0.0,1.0,,,0.0,0.0,0.0,0.0,,0.0,1.0,0.0,0.0,0.0,,0.0,0.0,0.0,,0.0,0.0,,1.0,,0.0,
Person_207,1.0,,1.0,0.0,1.0,1.0,,,1.0,1.0,,1.0,1.0,1.0,1.0,1.0,,1.0,1.0,1.0,,1.0,,0.0,,,1.0,,0.0,1.0,,1.0,1.0,,1.0,,,1.0,1.0,1.0,1.0,1.0,,1.0,0.0,1.0,1.0,0.0,1.0,1.0
Person_208,,,0.0,,1.0,,,1.0,1.0,1.0,,1.0,,0.0,0.0,1.0,1.0,1.0,1.0,,,,0.0,1.0,0.0,1.0,,1.0,1.0,,,1.0,,1.0,1.0,1.0,1.0,1.0,,,1.0,0.0,1.0,1.0,1.0,1.0,1.0,,,
Person_209,0.0,1.0,0.0,0.0,1.0,1.0,1.0,1.0,,,0.0,1.0,0.0,,,0.0,0.0,1.0,1.0,1.0,,0.0,,0.0,,0.0,,,1.0,,1.0,0.0,,0.0,1.0,0.0,,,,1.0,,1.0,,0.0,1.0,0.0,0.0,1.0,,
Person_210,,1.0,1.0,,,0.0,1.0,1.0,,0.0,,1.0,,1.0,1.0,0.0,,,1.0,,0.0,1.0,,1.0,0.0,1.0,1.0,,,,0.0,,,,1.0,0.0,,0.0,0.0,,,1.0,,1.0,,0.0,,,0.0,1.0
Person_211,,0.0,0.0,0.0,,,,0.0,0.0,,0.0,,,,0.0,,0.0,0.0,0.0,,0.0,,,0.0,,,0.0,0.0,,,,0.0,,0.0,0.0,0.0,0.0,0.0,0.0,,,0.0,0.0,,,,0.0,0.0,0.0,0.0
Person_212,,,0.0,0.0,,0.0,1.0,,0.0,,0.0,,,0.0,1.0,,,,,1.0,,0.0,1.0,,1.0,,,0.0,,,,0.0,,,,0.0,1.0,0.0,0.0,,,1.0,,1.0,1.0,0.0,,1.0,0.0,
Person_213,1.0,0.0,,0.0,0.0,,1.0,,0.0,0.0,1.0,,,0.0,0.0,,0.0,,0.0,1.0,0.0,0.0,,0.0,0.0,0.0,0.0,0.0,0.0,,0.0,0.0,,,0.0,0.0,,0.0,0.0,0.0,0.0,0.0,1.0,,0.0,,,0.0,,0.0
Person_214,,0.0,0.0,0.0,0.0,,0.0,0.0,,0.0,,,,0.0,,,0.0,0.0,1.0,0.0,0.0,0.0,0.0,,0.0,,,0.0,0.0,,0.0,0.0,0.0,,0.0,,0.0,,0.0,0.0,0.0,,,0.0,0.0,,0.0,0.0,0.0,0.0
Person_215,,,0.0,1.0,1.0,0.0,,1.0,1.0,,0.0,0.0,0.0,1.0,0.0,1.0,,,1.0,,1.0,1.0,1.0,0.0,1.0,1.0,1.0,,0.0,,,1.0,1.0,,1.0,0.0,,0.0,,1.0,0.0,,1.0,1.0,1.0,,0.0,,0.0,0.0
Person_216,1.0,1.0,0.0,0.0,1.0,0.0,,,0.0,1.0,0.0,,0.0,,,,0.0,,1.0,0.0,,0.0,,0.0,0.0,0.0,0.0,0.0,0.0,0.0,,,0.0,,0.0,0.0,,0.0,1.0,1.0,0.0,0.0,1.0,,0.0,,0.0,,0.0,
Person_217,0.0,,,,,1.0,0.0,,1.0,,1.0,,,,,1.0,,,1.0,,1.0,0.0,,,0.0,,1.0,,,,,1.0,0.0,1.0,1.0,0.0,1.0,1.0,1.0,,,,1.0,0.0,,,0.0,,0.0,
Person_218,,0.0,0.0,0.0,0.0,0.0,1.0,,1.0,0.0,,1.0,0.0,0.0,0.0,0.0,0.0,0.0,1.0,1.0,1.0,0.0,1.0,0.0,0.0,1.0,0.0,0.0,0.0,0.0,,0.0,,1.0,1.0,0.0,,0.0,1.0,,0.0,,1.0,0.0,,,,0.0,0.0,
Person_219,,1.0,,1.0,1.0,0.0,,1.0,1.0,,1.0,1.0,0.0,1.0,1.0,,0.0,,1.0,1.0,1.0,,1.0,0.0,0.0,0.0,1.0,,1.0,,,1.0,0.0,1.0,0.0,,1.0,1.0,,,1.0,1.0,1.0,1.0,,,,,,0.0
Person_220,1.0,1.0,1.0,0.0,1.0,,1.0,1.0,1.0,1.0,0.0,1.0,0.0,1.0,,,1.0,,0.0,0.0,1.0,1.0,1.0,,1.0,,1.0,,1.0,1.0,,1.0,,1.0,,0.0,1.0,0.0,1.0,1.0,1.0,1.0,1.0,,1.0,1.0,1.0,,,
Person_221,,1.0,1.0,,,0.0,1.0,,,1.0,,,,1.0,0.0,0.0,,,,,0.0,,,0.0,1.0,1.0,,1.0,1.0,,0.0,1.0,1.0,1.0,0.0,1.0,,,,,1.0,0.0,0.0,,,0.0,1.0,1.0,0.0,0.0
Person_222,1.0,,0.0,1.0,1.0,,,,0.0,0.0,1.0,1.0,0.0,,,0.0,,,1.0,,0.0,0.0,0.0,0.0,0.0,0.0,,1.0,1.0,1.0,0.0,1.0,1.0,1.0,1.0,0.0,,0.0,1.0,1.0,0.0,0.0,0.0,,1.0,,,1.0,1.0,
Person_223,1.0,,0.0,0.0,1.0,1.0,,,,1.0,1.0,1.0,,1.0,0.0,,0.0,,1.0,1.0,,1.0,1.0,,,1.0,1.0,,1.0,1.0,1.0,1.0,,1.0,,,1.0,1.0,,0.0,,1.0,1.0,,1.0,,,1.0,,1.0
Person_224,,,,0.0,1.0,0.0,,,,,0.0,1.0,1.0,,0.0,0.0,0.0,,1.0,1.0,1.0,,1.0,0.0,,1.0,,,0.0,0.0,0.0,,0.0,0.0,,1.0,1.0,,0.0,1.0,1.0,,,1.0,,,,0.0,0.0,0.0
Person_225,0.0,1.0,0.0,1.0,,,1.0,,1.0,1.0,,,1.0,,0.0,,,,1.0,1.0,0.0,0.0,1.0,,1.0,,,,1.0,1.0,,1.0,1.0,,,,1.0,,,1.0,,1.0,,1.0,1.0,,1.0,1.0,0.0,
Person_226,0.0,1.0,,,,1.0,1.0,1.0,1.0,,,,1.0,,1.0,,1.0,1.0,1.0,1.0,,1.0,1.0,1.0,,1.0,,1.0,1.0,0.0,0.0,1.0,1.0,1.0,,,1.0,0.0,,1.0,1.0,,,,1.0,1.0,,1.0,,
Person_227,0.0,1.0,,1.0,0.0,1.0,1.0,0.0,1.0,0.0,,1.0,1.0,0.0,0.0,0.0,1.0,,1.0,1.0,1.0,1.0,1.0,0.0,0.0,0.0,0.0,,,0.0,0.0,,1.0,,1.0,0.0,1.0,1.0,,1.0,0.0,,0.0,1.0,,0.0,1.0,1.0,1.0,1.0
Person_228,,1.0,1.0,0.0,1.0,,,,1.0,0.0,0.0,0.0,0.0,,0.0,0.0,,0.0,1.0,1.0,0.0,0.0,0.0,,,0.0,0.0,0.0,1.0,0.0,0.0,1.0,0.0,1.0,1.0,0.0,,0.0,,1.0,,0.0,0.0,1.0,1.0,,0.0,0.0,,1.0
Person_229,0.0,0.0,1.0,1.0,,,,0.0,,0.0,1.0,,,0.0,0.0,,0.0,0.0,,,0.0,1.0,0.0,0.0,,0.0,0.0,1.0,1.0,,,1.0,0.0,1.0,1.0,0.0,0.0,0.0,1.0,,0.0,1.0,1.0,1.0,1.0,0.0,0.0,0.0,1.0,0.0
Person_230,1.0,1.0,0.0,1.0,1.0,,,1.0,1.0,,1.0,,,0.0,1.0,,1.0,0.0,1.0,1.0,,1.0,,1.0,1.0,,1.0,0.0,,1.0,,1.0,1.0,1.0,1.0,0.0,,,1.0,1.0,1.0,0.0,1.0,,1.0,0.0,,1.0,1.0,1.0
Person_231,,1.0,1.0,,1.0,,,0.0,,,1.0,1.0,1.0,,1.0,1.0,,1.0,,1.0,1.0,1.0,,,1.0,,1.0,1.0,1.0,1.0,,1.0,,,,0.0,1.0,1.0,,,1.0,1.0,1.0,,,1.0,1.0,1.0,1.0,1.0
Person_232,,,0.0,,0.0,,,1.0,,1.0,,1.0,0.0,0.0,0.0,1.0,,0.0,1.0,1.0,0.0,1.0,1.0,0.0,1.0,1.0,0.0,,1.0,,,,0.0,,1.0,1.0,,0.0,0.0,1.0,,1.0,,,,,0.0,1.0,0.0,1.0
Person_233,0.0,1.0,0.0,,1.0,0.0,,,1.0,1.0,1.0,,1.0,0.0,,0.0,0.0,0.0,1.0,1.0,,0.0,1.0,,,0.0,0.0,,,0.0,0.0,,0.0,1.0,1.0,,,0.0,,0.0,,1.0,1.0,1.0,0.0,,,1.0,,1.0
Person_234,1.0,,,1.0,1.0,,1.0,,1.0,,,,1.0,1.0,1.0,1.0,,0.0,1.0,,1.0,1.0,,,,1.0,1.0,1.0,1.0,,1.0,1.0,,1.0,1.0,,1.0,,1.0,1.0,,,,,,1.0,,1.0,1.0,1.0
Person_235,0.0,1.0,,,1.0,,1.0,1.0,1.0,,1.0,,,1.0,1.0,1.0,0.0,,,,1.0,1.0,,1.0,1.0,1.0,,,1.0,1.0,0.0,,,0.0,1.0,,1.0,1.0,0.0,1.0,,,1.0,1.0,,,1.0,,,0.0
Person_236,0.0,1.0,,0.0,,1.0,1.0,,1.0,,,1.0,,,,1.0,0.0,1.0,1.0,,0.0,1.0,0.0,1.0,,,0.0,,,,,1.0,,0.0,,,,1.0,,1.0,0.0,1.0,,,1.0,,1.0,1.0,,1.0
Person_237,0.0,1.0,0.0,1.0,1.0,0.0,1.0,0.0,,,1.0,0.0,,,,0.0,,1.0,1.0,,0.0,,,0.0,0.0,1.0,1.0,,,1.0,0.0,1.0,0.0,,1.0,,0.0,0.0,1.0,1.0,,,0.0,,,1.0,0.0,1.0,0.0,0.0
Person_238,0.0,,0.0,,0.0,0.0,0.0,0.0,0.0,,0.0,,0.0,,0.0,,,0.0,0.0,,0.0,,,0.0,0.0,,,,0.0,0.0,0.0,0.0,0.0,0.0,0.0,0.0,0.0,0.0,,,,,0.0,0.0,0.0,0.0,0.0,,0.0,0.0
Person_239,,0.0,1.0,1.0,,1.0,1.0,,,,,,1.0,1.0,0.0,,,1.0,1.0,1.0,1.0,0.0,1.0,0.0,1.0,1.0,,0.0,1.0,,0.0,1.0,,1.0,1.0,,1.0,1.0,,0.0,,1.0,,1.0,,1.0,,1.0,0.0,0.0
Person_240,0.0,,,0.0,,0.0,,,0.0,,0.0,0.0,0.0,0.0,1.0,,,0.0,1.0,1.0,0.0,,,0.0,0.0,0.0,,,0.0,1.0,0.0,,,0.0,0.0,,,1.0,0.0,1.0,,0.0,,1.0,1.0,0.0,0.0,0.0,,0.0
Person_241,0.0,0.0,0.0,,,0.0,,,,,1.0,,,0.0,0.0,,0.0,,,1.0,0.0,1.0,,,0.0,0.0,,0.0,1.0,0.0,,,0.0,0.0,1.0,,1.0,1.0,,0.0,,0.0,0.0,,1.0,0.0,,,0.0,
Person_242,,,,0.0,,1.0,,,,0.0,,,,,,,0.0,0.0,1.0,1.0,,,,0.0,0.0,,1.0,,,0.0,,,,,0.0,0.0,0.0,0.0,0.0,,,0.0,,,1.0,,0.0,1.0,,0.0
Person_243,1.0,,,,,1.0,1.0,0.0,1.0,1.0,1.0,1.0,,0.0,0.0,0.0,0.0,0.0,,,,0.0,0.0,0.0,,1.0,0.0,,,,0.0,,0.0,0.0,0.0,1.0,1.0,,,1.0,0.0,,1.0,1.0,,0.0,0.0,1.0,0.0,
Person_244,,,0.0,1.0,,1.0,,1.0,,,1.0,,,,0.0,,,1.0,,,1.0,0.0,1.0,1.0,1.0,1.0,1.0,1.0,,1.0,,1.0,,1.0,1.0,0.0,1.0,1.0,0.0,,1.0,,1.0,,1.0,,,1.0,1.0,1.0
Person_245,,0.0,0.0,,0.0,0.0,0.0,,,0.0,0.0,0.0,0.0,0.0,,,,0.0,1.0,,,,,0.0,0.0,0.0,0.0,,0.0,,,,,0.0,0.0,0.0,0.0,,,0.0,0.0,0.0,0.0,,0.0,0.0,0.0,,0.0,0.0
Person_246,,,,0.0,,,,,,,1.0,1.0,,0.0,0.0,0.0,0.0,,1.0,1.0,0.0,0.0,1.0,,0.0,,0.0,1.0,1.0,1.0,1.0,,,0.0,1.0,0.0,1.0,,,1.0,1.0,,,1.0,1.0,,,1.0,0.0,0.0
Person_247,1.0,1.0,1.0,,,,,,,,0.0,1.0,1.0,1.0,0.0,,1.0,,1.0,1.0,,,1.0,1.0,1.0,,,1.0,1.0,1.0,1.0,,,,,1.0,1.0,1.0,,1.0,1.0,1.0,1.0,,1.0,,0.0,,,
Person_248,,0.0,0.0,0.0,1.0,,0.0,,1.0,,1.0,0.0,0.0,0.0,,,0.0,0.0,1.0,0.0,,,,,,,,,1.0,0.0,0.0,0.0,0.0,0.0,0.0,0.0,0.0,0.0,,0.0,0.0,0.0,0.0,0.0,,0.0,0.0,1.0,,0.0
Person_249,,1.0,,,1.0,1.0,,,1.0,,1.0,1.0,1.0,1.0,1.0,0.0,0.0,0.0,0.0,,,0.0,,,1.0,1.0,,,,,1.0,0.0,0.0,1.0,1.0,0.0,1.0,0.0,,,1.0,,0.0,,,1.0,0.0,,0.0,
Person_250,1.0,,,0.0,,1.0,,1.0,,1.0,,1.0,,0.0,1.0,1.0,,0.0,1.0,1.0,,0.0,1.0,,1.0,0.0,1.0,1.0,,,1.0,,,,,1.0,,1.0,0.0,,0.0,1.0,1.0,1.0,1.0,1.0,,1.0,1.0,1.0
Person_251,1.0,,0.0,1.0,,,,1.0,1.0,1.0,1.0,,1.0,0.0,1.0,0.0,,1.0,1.0,1.0,0.0,,,1.0,,,1.0,1.0,,1.0,,1.0,0.0,,1.0,0.0,1.0,,1.0,,1.0,1.0,1.0,,,1.0,1.0,1.0,1.0,0.0
Person_252,1.0,0.0,0.0,,1.0,,1.0,1.0,,,0.0,,,,0.0,,,0.0,1.0,1.0,1.0,,1.0,,0.0,,,1.0,,,0.0,1.0,1.0,,1.0,,0.0,0.0,1.0,1.0,1.0,,,,,1.0,1.0,1.0,0.0,
Person_253,0.0,0.0,,,,,,0.0,0.0,,0.0,0.0,0.0,0.0,,0.0,0.0,,0.0,1.0,0.0,0.0,0.0,,0.0,0.0,0.0,0.0,,0.0,,0.0,,,,0.0,0.0,0.0,0.0,0.0,,,,0.0,0.0,0.0,0.0,0.0,0.0,0.0
Person_254,,,0.0,0.0,1.0,0.0,,0.0,,,0.0,,,,0.0,0.0,,,,0.0,0.0,0.0,,0.0,0.0,0.0,,0.0,0.0,1.0,0.0,1.0,0.0,0.0,1.0,0.0,,0.0,0.0,,,0.0,0.0,0.0,,1.0,0.0,0.0,0.0,0.0
Person_255,,1.0,1.0,,1.0,,1.0,,1.0,,,,,1.0,1.0,,1.0,,1.0,,,,1.0,,1.0,1.0,,,1.0,,,,,1.0,,1.0,,0.0,1.0,1.0,1.0,,,1.0,1.0,1.0,0.0,1.0,0.0,
Person_256,,1.0,1.0,,1.0,0.0,1.0,,,1.0,1.0,1.0,,0.0,,0.0,0.0,,,,0.0,,,,1.0,1.0,0.0,1.0,1.0,,0.0,,0.0,1.0,,,1.0,,,,,1.0,1.0,,,0.0,,,0.0,
Person_257,,1.0,,,1.0,1.0,1.0,1.0,,,,,,,,,0.0,1.0,1.0,1.0,,,,,1.0,1.0,1.0,1.0,1.0,1.0,,,1.0,,,1.0,1.0,0.0,,1.0,1.0,,1.0,1.0,,,1.0,0.0,1.0,
Person_258,1.0,,,,,,,0.0,1.0,,1.0,,1.0,0.0,1.0,,,1.0,,,,,1.0,,1.0,,1.0,0.0,,1.0,0.0,,1.0,1.0,1.0,1.0,0.0,1.0,1.0,1.0,,1.0,1.0,1.0,1.0,,,,,
Person_259,1.0,,,,1.0,0.0,0.0,,,1.0,,,,0.0,,,,,1.0,,,0.0,1.0,,1.0,,0.0,,,1.0,0.0,1.0,,,,,,,,1.0,0.0,1.0,1.0,0.0,,,,,,0.0
Person_260,,,0.0,,1.0,,1.0,,,,0.0,0.0,,0.0,0.0,1.0,,0.0,,1.0,0.0,,,0.0,,0.0,0.0,,1.0,0.0,,,0.0,0.0,1.0,0.0,0.0,,0.0,1.0,,0.0,1.0,0.0,,0.0,0.0,1.0,0.0,0.0
Person_261,1.0,,0.0,,1.0,,1.0,0.0,0.0,0.0,,1.0,,0.0,,0.0,0.0,0.0,,,,0.0,,,0.0,0.0,,0.0,1.0,0.0,1.0,,0.0,0.0,,,,0.0,0.0,0.0,,0.0,,1.0,,0.0,,,0.0,
Person_262,,0.0,,0.0,0.0,0.0,0.0,,,0.0,0.0,0.0,0.0,,,0.0,,0.0,0.0,,0.0,0.0,,0.0,,0.0,0.0,0.0,0.0,1.0,,,0.0,0.0,0.0,0.0,,,,0.0,,0.0,1.0,,,0.0,,,0.0,
Person_263,,0.0,,,,,0.0,0.0,0.0,0.0,,1.0,1.0,,0.0,,0.0,,1.0,0.0,0.0,0.0,,,,,,,0.0,0.0,,,,,1.0,0.0,,0.0,,1.0,1.0,0.0,1.0,,0.0,0.0,0.0,,0.0,
Person_264,1.0,1.0,,,,0.0,,0.0,,1.0,1.0,1.0,,0.0,1.0,1.0,,1.0,1.0,1.0,,,,,,,0.0,1.0,,,1.0,1.0,0.0,,,1.0,1.0,,1.0,1.0,1.0,1.0,1.0,1.0,1.0,,1.0,1.0,1.0,1.0
Person_265,,1.0,1.0,0.0,,1.0,1.0,,1.0,1.0,1.0,1.0,,,1.0,1.0,,0.0,1.0,1.0,1.0,,,,,,,,,1.0,0.0,,,1.0,1.0,1.0,1.0,1.0,,,1.0,1.0,1.0,1.0,,0.0,0.0,,0.0,1.0
Person_266,,1.0,0.0,,1.0,1.0,1.0,1.0,1.0,1.0,0.0,,1.0,0.0,0.0,0.0,1.0,,,,1.0,1.0,1.0,,,1.0,,,,,1.0,1.0,1.0,1.0,1.0,1.0,1.0,1.0,,1.0,1.0,1.0,1.0,1.0,,,0.0,1.0,0.0,1.0
Person_267,,,0.0,,,0.0,1.0,,,1.0,1.0,1.0,1.0,,,1.0,,,,,,,0.0,,1.0,1.0,,,,,0.0,,1.0,0.0,1.0,1.0,1.0,1.0,1.0,,,,,,1.0,,,1.0,,
Person_268,0.0,,,0.0,,1.0,0.0,1.0,,1.0,,,1.0,0.0,0.0,0.0,,0.0,,1.0,,0.0,,0.0,0.0,0.0,0.0,,1.0,1.0,0.0,,,0.0,1.0,,,0.0,1.0,1.0,,1.0,0.0,,0.0,,1.0,0.0,0.0,
Person_269,1.0,1.0,1.0,0.0,0.0,0.0,1.0,0.0,,1.0,1.0,,0.0,1.0,,,0.0,1.0,1.0,1.0,,,1.0,1.0,0.0,,,1.0,1.0,0.0,,1.0,0.0,1.0,0.0,1.0,0.0,,,,,0.0,1.0,1.0,1.0,0.0,1.0,,0.0,0.0
Person_270,1.0,,,0.0,,,,1.0,,1.0,1.0,1.0,1.0,1.0,1.0,1.0,1.0,1.0,1.0,,,1.0,0.0,,,,0.0,1.0,1.0,1.0,1.0,1.0,,1.0,,1.0,1.0,,,,1.0,0.0,1.0,1.0,1.0,,1.0,1.0,,1.0
Person_271,,1.0,0.0,0.0,1.0,0.0,1.0,,0.0,0.0,1.0,1.0,,,,0.0,0.0,,,,0.0,,1.0,0.0,,1.0,1.0,0.0,,0.0,1.0,,1.0,1.0,0.0,,0.0,0.0,0.0,1.0,,0.0,,,,,,,0.0,
Person_272,,1.0,1.0,1.0,1.0,0.0,1.0,,1.0,1.0,1.0,1.0,,1.0,,0.0,,1.0,1.0,,1.0,,1.0,0.0,0.0,0.0,1.0,0.0,1.0,,0.0,1.0,1.0,1.0,,,1.0,0.0,,1.0,1.0,0.0,,1.0,1.0,,,,,1.0
Person_273,1.0,,1.0,0.0,1.0,,0.0,1.0,0.0,1.0,1.0,1.0,1.0,,1.0,1.0,,,,1.0,1.0,1.0,,,1.0,1.0,1.0,1.0,1.0,,,,1.0,,1.0,1.0,,1.0,,,,1.0,,,,1.0,,,1.0,1.0
Person_274,,0.0,1.0,0.0,0.0,,,1.0,,1.0,1.0,1.0,0.0,1.0,1.0,,1.0,1.0,1.0,1.0,0.0,,,1.0,0.0,,,,1.0,1.0,0.0,1.0,1.0,1.0,,,,1.0,1.0,1.0,0.0,1.0,,0.0,1.0,1.0,1.0,,1.0,
Person_275,0.0,,0.0,,0.0,0.0,0.0,0.0,1.0,0.0,0.0,0.0,,1.0,0.0,0.0,0.0,,1.0,1.0,1.0,0.0,1.0,,0.0,0.0,,,0.0,0.0,0.0,0.0,,0.0,0.0,0.0,0.0,0.0,,1.0,,1.0,,0.0,,1.0,,0.0,,
Person_276,,1.0,,1.0,,,,,1.0,0.0,1.0,1.0,1.0,1.0,,1.0,1.0,,1.0,,,1.0,1.0,1.0,,,1.0,1.0,1.0,1.0,1.0,,1.0,,,0.0,1.0,1.0,1.0,1.0,1.0,,1.0,,1.0,1.0,,,1.0,
Person_277,0.0,1.0,,0.0,0.0,0.0,0.0,,0.0,0.0,0.0,,,0.0,0.0,0.0,,0.0,1.0,0.0,0.0,0.0,,,,,0.0,0.0,0.0,0.0,0.0,0.0,0.0,0.0,,0.0,,0.0,,0.0,0.0,,0.0,,0.0,,0.0,0.0,0.0,
Person_278,,1.0,,0.0,1.0,0.0,,1.0,1.0,1.0,1.0,,,,,0.0,0.0,0.0,1.0,1.0,0.0,0.0,,1.0,0.0,0.0,0.0,1.0,1.0,,,,0.0,1.0,,0.0,,,1.0,1.0,0.0,,,1.0,1.0,,0.0,1.0,,
Person_279,,,0.0,1.0,,1.0,,1.0,0.0,1.0,1.0,1.0,1.0,,0.0,1.0,,,,1.0,1.0,,1.0,,0.0,0.0,,0.0,1.0,,1.0,1.0,0.0,0.0,,0.0,1.0,,1.0,,,1.0,,1.0,1.0,0.0,,1.0,1.0,0.0
Person_280,,,0.0,,,1.0,,1.0,,0.0,1.0,1.0,1.0,,,1.0,,,1.0,,,0.0,,,,1.0,0.0,,1.0,0.0,,,,1.0,1.0,,,1.0,1.0,0.0,,0.0,1.0,1.0,1.0,1.0,0.0,,0.0,0.0
Person_281,,1.0,1.0,1.0,1.0,0.0,,1.0,,,,,1.0,1.0,1.0,1.0,,,1.0,,,1.0,1.0,0.0,1.0,,1.0,,1.0,1.0,1.0,1.0,,1.0,1.0,0.0,1.0,1.0,1.0,,,1.0,0.0,,0.0,,1.0,,,1.0
Person_282,0.0,1.0,0.0,,1.0,,1.0,,,0.0,,1.0,1.0,,,,,0.0,1.0,,1.0,1.0,,1.0,,0.0,1.0,,1.0,,0.0,,,0.0,,0.0,,1.0,1.0,1.0,1.0,,0.0,,1.0,0.0,0.0,0.0,1.0,0.0
Person_283,0.0,1.0,1.0,1.0,1.0,,1.0,0.0,1.0,1.0,0.0,0.0,1.0,0.0,,,,0.0,1.0,1.0,0.0,,1.0,,0.0,,,0.0,1.0,0.0,,1.0,0.0,,,0.0,0.0,,,1.0,1.0,0.0,,1.0,0.0,0.0,1.0,,0.0,0.0
Person_284,,,0.0,0.0,1.0,1.0,,0.0,0.0,0.0,1.0,1.0,1.0,,0.0,1.0,,0.0,,,,,,,,,0.0,0.0,0.0,,0.0,1.0,0.0,0.0,,0.0,1.0,,,,,0.0,0.0,1.0,1.0,0.0,0.0,1.0,1.0,
Person_285,0.0,,,0.0,1.0,,,,1.0,,1.0,,,0.0,0.0,,0.0,,1.0,,0.0,0.0,1.0,0.0,0.0,1.0,0.0,0.0,1.0,,,1.0,,0.0,1.0,0.0,0.0,0.0,1.0,,0.0,,0.0,1.0,,,,0.0,0.0,0.0
Person_286,,0.0,1.0,0.0,,0.0,,,0.0,,,,,0.0,,,0.0,0.0,0.0,0.0,,0.0,,0.0,,0.0,,,0.0,0.0,0.0,0.0,0.0,,0.0,0.0,0.0,0.0,0.0,0.0,0.0,0.0,1.0,1.0,1.0,1.0,,0.0,1.0,
Person_287,,,,0.0,1.0,0.0,1.0,0.0,1.0,1.0,0.0,1.0,0.0,,,0.0,0.0,0.0,1.0,,,0.0,,0.0,1.0,0.0,1.0,0.0,,0.0,,0.0,1.0,1.0,1.0,1.0,,,1.0,0.0,0.0,1.0,,,0.0,,0.0,1.0,0.0,0.0
Person_288,1.0,1.0,,1.0,1.0,,,1.0,1.0,1.0,1.0,1.0,1.0,1.0,0.0,,,,,,1.0,,,1.0,1.0,1.0,,,1.0,,1.0,1.0,1.0,,1.0,,1.0,1.0,1.0,1.0,1.0,,1.0,1.0,1.0,,1.0,1.0,0.0,
Person_289,0.0,1.0,1.0,,1.0,0.0,0.0,1.0,0.0,0.0,1.0,1.0,,0.0,,,0.0,1.0,0.0,,0.0,0.0,0.0,,,1.0,,0.0,1.0,1.0,,1.0,0.0,1.0,1.0,0.0,1.0,,1.0,1.0,0.0,,,,,0.0,1.0,1.0,0.0,1.0
Person_290,0.0,0.0,,,,,,0.0,,,1.0,,,0.0,0.0,0.0,0.0,0.0,,1.0,0.0,1.0,1.0,,0.0,1.0,,,1.0,,0.0,,,,1.0,0.0,0.0,,0.0,0.0,,0.0,0.0,,0.0,,0.0,1.0,1.0,
Person_291,0.0,,,0.0,1.0,1.0,,,,0.0,1.0,1.0,,1.0,,1.0,0.0,,1.0,,,,0.0,1.0,,,0.0,,,,0.0,1.0,1.0,1.0,1.0,,1.0,0.0,0.0,1.0,0.0,1.0,1.0,1.0,1.0,,,,0.0,
Person_292,1.0,,,1.0,1.0,,1.0,1.0,,1.0,,,,,,0.0,,1.0,1.0,,1.0,,1.0,,1.0,,1.0,1.0,1.0,,,,,1.0,1.0,,,,,1.0,,1.0,1.0,1.0,,1.0,,,1.0,1.0
Person_293,0.0,0.0,,0.0,0.0,1.0,,0.0,0.0,0.0,,,0.0,0.0,,0.0,0.0,0.0,1.0,0.0,,0.0,0.0,0.0,,,0.0,0.0,0.0,0.0,,1.0,,,,,0.0,0.0,,1.0,1.0,,,0.0,0.0,,,0.0,0.0,
Person_294,,,0.0,,,,,,,0.0,1.0,1.0,1.0,,,0.0,,,0.0,0.0,,0.0,,0.0,,,,0.0,0.0,0.0,,1.0,0.0,,,0.0,,0.0,0.0,1.0,,,,1.0,,0.0,,1.0,0.0,0.0
Person_295,1.0,1.0,1.0,1.0,,1.0,1.0,1.0,1.0,1.0,1.0,,1.0,,,,,1.0,1.0,,,1.0,,,1.0,1.0,,,1.0,,,1.0,1.0,1.0,,1.0,,,1.0,,1.0,1.0,1.0,1.0,,1.0,1.0,,1.0,1.0
Person_296,,,1.0,,,,1.0,,1.0,,1.0,1.0,,1.0,0.0,0.0,0.0,1.0,1.0,,0.0,,1.0,,1.0,0.0,1.0,1.0,1.0,1.0,1.0,,,1.0,1.0,0.0,,0.0,,1.0,1.0,1.0,1.0,,1.0,1.0,1.0,1.0,,0.0
Person_297,0.0,1.0,0.0,,,,1.0,1.0,0.0,,1.0,0.0,0.0,0.0,,0.0,0.0,,0.0,0.0,0.0,,0.0,0.0,0.0,0.0,0.0,,1.0,0.0,,0.0,0.0,0.0,1.0,0.0,1.0,0.0,1.0,,0.0,1.0,1.0,1.0,,,,,0.0,
Person_298,,1.0,0.0,0.0,1.0,,1.0,0.0,1.0,1.0,1.0,1.0,0.0,1.0,1.0,0.0,,0.0,1.0,1.0,,0.0,,,1.0,,0.0,0.0,1.0,,,1.0,0.0,1.0,1.0,0.0,,1.0,1.0,0.0,,,1.0,1.0,1.0,1.0,1.0,,0.0,
Person_299,0.0,,,,1.0,1.0,,,0.0,0.0,1.0,,0.0,1.0,0.0,1.0,,,,,,,,0.0,0.0,,0.0,,1.0,0.0,,,0.0,1.0,1.0,0.0,1.0,,,1.0,,,,1.0,,0.0,,1.0,0.0,0.0
Person_300,1.0,0.0,,0.0,,,,,,,,,0.0,,,1.0,,,,1.0,1.0,0.0,,,0.0,0.0,0.0,1.0,,1.0,0.0,0.0,0.0,,0.0,0.0,,,1.0,,0.0,0.0,,1.0,1.0,,0.0,1.0,0.0,
Person_301,,1.0,0.0,,1.0,,1.0,,0.0,,,0.0,0.0,0.0,1.0,,0.0,0.0,,,0.0,,,,,0.0,,1.0,1.0,0.0,0.0,,,,,0.0,0.0,,0.0,1.0,0.0,0.0,0.0,,,0.0,0.0,1.0,0.0,
Person_302,1.0,1.0,1.0,,1.0,,1.0,,,1.0,,1.0,0.0,0.0,,0.0,1.0,0.0,1.0,1.0,,,1.0,0.0,0.0,,,,1.0,,1.0,1.0,,1.0,1.0,,,,,1.0,1.0,,,1.0,1.0,0.0,,1.0,,1.0
Person_303,0.0,,,1.0,1.0,,1.0,0.0,1.0,1.0,1.0,0.0,0.0,,,,0.0,,0.0,,0.0,,,0.0,,,0.0,,1.0,0.0,0.0,,0.0,,0.0,0.0,1.0,,,,0.0,,,,1.0,,0.0,0.0,0.0,0.0
Person_304,,0.0,0.0,0.0,,,1.0,0.0,,0.0,1.0,,0.0,,,0.0,,1.0,0.0,1.0,1.0,,1.0,0.0,0.0,,1.0,,0.0,1.0,0.0,,,,1.0,0.0,0.0,,,,1.0,,1.0,,1.0,0.0,0.0,0.0,1.0,0.0
Person_305,1.0,,0.0,0.0,1.0,0.0,1.0,0.0,,,,0.0,,0.0,,0.0,0.0,,0.0,0.0,,0.0,0.0,,0.0,0.0,0.0,0.0,,,,,0.0,,,1.0,,,0.0,,,0.0,0.0,0.0,,0.0,,,,0.0
Person_306,,0.0,0.0,0.0,0.0,0.0,,,,0.0,0.0,0.0,0.0,,0.0,0.0,,0.0,0.0,0.0,0.0,0.0,0.0,0.0,0.0,0.0,0.0,,,0.0,,0.0,0.0,0.0,0.0,0.0,,,0.0,,,0.0,,,,0.0,,0.0,,0.0
Person_307,0.0,1.0,0.0,0.0,,1.0,,1.0,1.0,0.0,,1.0,,,0.0,0.0,0.0,1.0,1.0,1.0,0.0,0.0,,0.0,0.0,0.0,0.0,1.0,1.0,0.0,,1.0,0.0,0.0,1.0,,,0.0,0.0,,0.0,,0.0,1.0,1.0,,,,0.0,0.0
Person_308,,1.0,,1.0,,1.0,1.0,,1.0,1.0,1.0,1.0,1.0,,1.0,1.0,,,1.0,,1.0,,,,1.0,1.0,,,1.0,,1.0,1.0,,1.0,1.0,1.0,1.0,1.0,1.0,1.0,1.0,0.0,,1.0,1.0,1.0,1.0,,,1.0
Person_309,,1.0,0.0,,1.0,0.0,,1.0,0.0,1.0,,,,0.0,1.0,0.0,0.0,,,1.0,,0.0,1.0,,,0.0,1.0,0.0,,,0.0,1.0,,1.0,,1.0,0.0,,1.0,,0.0,,1.0,1.0,1.0,1.0,0.0,,,0.0
Person_310,,0.0,,0.0,0.0,0.0,,0.0,,0.0,1.0,,,,0.0,,0.0,0.0,,,,0.0,,,1.0,,0.0,1.0,1.0,0.0,0.0,,0.0,0.0,,0.0,,0.0,0.0,,0.0,0.0,,0.0,,0.0,,0.0,0.0,0.0
Person_311,,,,0.0,,1.0,1.0,1.0,1.0,,1.0,1.0,,1.0,0.0,1.0,,,,,1.0,,1.0,1.0,,1.0,1.0,,1.0,1.0,1.0,1.0,0.0,1.0,1.0,,0.0,,1.0,1.0,1.0,1.0,,,1.0,1.0,,,,1.0
Person_312,1.0,1.0,,0.0,,,,,0.0,0.0,1.0,,0.0,0.0,,,0.0,0.0,,,1.0,1.0,0.0,1.0,1.0,0.0,0.0,0.0,1.0,0.0,0.0,1.0,0.0,0.0,1.0,0.0,,,1.0,0.0,,1.0,1.0,,1.0,,,0.0,,0.0
Person_313,,,0.0,,,,,,0.0,,,,,,0.0,0.0,0.0,0.0,,,0.0,0.0,,,1.0,0.0,,0.0,,1.0,0.0,,,,,0.0,1.0,,0.0,0.0,0.0,,1.0,1.0,,0.0,,,,1.0
Person_314,0.0,1.0,,,,0.0,1.0,,,0.0,,,,,1.0,1.0,,0.0,1.0,,,0.0,,0.0,0.0,1.0,0.0,0.0,0.0,,1.0,1.0,,,,,,0.0,1.0,0.0,,,,,1.0,,,,0.0,
Person_315,0.0,,,1.0,1.0,0.0,1.0,0.0,1.0,,1.0,,0.0,1.0,1.0,1.0,0.0,1.0,1.0,,0.0,,0.0,,1.0,,,,,,,,,1.0,0.0,0.0,,0.0,,,0.0,1.0,0.0,,,,1.0,1.0,1.0,
Person_316,0.0,1.0,1.0,0.0,,0.0,0.0,,1.0,,1.0,,0.0,,0.0,,0.0,0.0,1.0,0.0,,0.0,,,0.0,,0.0,,,1.0,,0.0,0.0,,,0.0,,,,1.0,,0.0,0.0,0.0,1.0,,0.0,1.0,0.0,1.0
Person_317,0.0,0.0,,1.0,1.0,0.0,,0.0,1.0,0.0,,1.0,0.0,1.0,1.0,0.0,,,,,0.0,0.0,1.0,,,,,,0.0,0.0,1.0,0.0,,1.0,,,1.0,0.0,,,1.0,,1.0,,0.0,0.0,,,,
Person_318,,0.0,1.0,0.0,,1.0,,1.0,1.0,,,1.0,0.0,1.0,,,0.0,0.0,,,,0.0,,1.0,1.0,0.0,0.0,0.0,1.0,1.0,0.0,,0.0,0.0,1.0,,,,,,,,0.0,,1.0,,,0.0,0.0,0.0
Person_319,1.0,,1.0,,,,1.0,1.0,1.0,1.0,1.0,,1.0,,1.0,,,,1.0,1.0,0.0,1.0,1.0,,1.0,,1.0,1.0,1.0,1.0,1.0,1.0,0.0,1.0,1.0,1.0,1.0,,,1.0,,1.0,1.0,1.0,,1.0,1.0,1.0,,
Person_320,0.0,1.0,0.0,,,,1.0,,,0.0,,,,0.0,,,0.0,0.0,,1.0,1.0,,1.0,0.0,,1.0,1.0,,,,0.0,1.0,1.0,,1.0,,0.0,0.0,,1.0,0.0,,0.0,1.0,,,,1.0,,
Person_321,0.0,0.0,,0.0,1.0,0.0,0.0,0.0,0.0,1.0,,0.0,0.0,0.0,,,,0.0,,,,0.0,0.0,,,,1.0,0.0,0.0,0.0,0.0,,,1.0,0.0,0.0,1.0,0.0,,0.0,0.0,,0.0,,0.0,,1.0,,0.0,0.0
Person_322,0.0,1.0,0.0,,1.0,0.0,,,1.0,1.0,,1.0,1.0,0.0,1.0,0.0,0.0,0.0,1.0,,,0.0,0.0,,0.0,1.0,1.0,,,,0.0,1.0,0.0,1.0,0.0,0.0,,0.0,,1.0,1.0,0.0,1.0,1.0,0.0,0.0,,1.0,0.0,0.0
Person_323,1.0,0.0,,0.0,,,,1.0,,,,,1.0,0.0,0.0,1.0,0.0,0.0,,,,,0.0,,1.0,0.0,0.0,,,1.0,,,,,,0.0,,0.0,0.0,,0.0,,0.0,,1.0,,,,0.0,
Person_324,,1.0,0.0,,1.0,,1.0,0.0,1.0,0.0,,1.0,1.0,,1.0,,1.0,1.0,1.0,1.0,,,,,1.0,0.0,0.0,0.0,,1.0,,,0.0,,1.0,0.0,1.0,1.0,,,1.0,,,,1.0,,,,1.0,
Person_325,0.0,1.0,,0.0,1.0,0.0,0.0,,1.0,,1.0,1.0,0.0,,,1.0,,0.0,,,1.0,0.0,1.0,0.0,,,0.0,0.0,,,0.0,,0.0,1.0,1.0,,,0.0,0.0,,0.0,1.0,,,1.0,,0.0,1.0,,
Person_326,,1.0,0.0,,,0.0,0.0,0.0,0.0,,0.0,,,0.0,1.0,0.0,,0.0,,1.0,0.0,0.0,,0.0,1.0,0.0,0.0,,,,0.0,1.0,0.0,,0.0,,0.0,0.0,,1.0,1.0,0.0,,,,0.0,0.0,,0.0,0.0
Person_327,1.0,,,0.0,,1.0,1.0,1.0,,,1.0,,0.0,1.0,0.0,1.0,1.0,0.0,1.0,1.0,1.0,,0.0,0.0,1.0,1.0,,0.0,1.0,1.0,,1.0,1.0,1.0,,0.0,0.0,,1.0,1.0,1.0,,1.0,0.0,1.0,0.0,,0.0,,0.0
Person_328,0.0,1.0,,0.0,1.0,0.0,1.0,0.0,0.0,,0.0,,,0.0,0.0,0.0,,,0.0,1.0,0.0,0.0,0.0,,,,,0.0,1.0,0.0,0.0,,,,,,,,,,,,0.0,1.0,1.0,0.0,1.0,1.0,,
Person_329,0.0,,,,,,0.0,0.0,0.0,0.0,0.0,1.0,,0.0,0.0,0.0,0.0,0.0,,0.0,,,,0.0,,,0.0,,0.0,,0.0,,0.0,,0.0,,,,,,0.0,0.0,1.0,,0.0,0.0,0.0,0.0,,
Person_330,0.0,,0.0,,0.0,,0.0,0.0,1.0,0.0,0.0,,0.0,0.0,,0.0,,0.0,0.0,,0.0,0.0,,0.0,0.0,0.0,,0.0,0.0,0.0,,0.0,0.0,0.0,,0.0,,0.0,0.0,0.0,,,,1.0,,0.0,0.0,1.0,,0.0
Person_331,,,,1.0,,1.0,,,1.0,1.0,1.0,1.0,,1.0,,,,,1.0,1.0,1.0,,1.0,1.0,,1.0,1.0,1.0,1.0,,,1.0,1.0,1.0,1.0,0.0,1.0,,1.0,1.0,1.0,1.0,,,1.0,,0.0,1.0,1.0,
Person_332,,1.0,0.0,,1.0,,,1.0,1.0,0.0,1.0,,,,,,1.0,0.0,1.0,,,1.0,0.0,,0.0,1.0,1.0,1.0,1.0,,1.0,,,,1.0,0.0,1.0,0.0,1.0,,,0.0,1.0,,,,,1.0,,
Person_333,0.0,1.0,,1.0,,1.0,,0.0,,0.0,1.0,,1.0,1.0,1.0,0.0,0.0,,,,,,,1.0,1.0,1.0,,,1.0,,,,,1.0,,0.0,1.0,1.0,1.0,,1.0,1.0,1.0,,1.0,,1.0,,0.0,0.0
Person_334,1.0,,,1.0,,0.0,,,,,1.0,1.0,1.0,1.0,0.0,0.0,1.0,,,1.0,0.0,,,,1.0,0.0,,,1.0,1.0,0.0,1.0,,1.0,1.0,,0.0,,,0.0,1.0,,1.0,1.0,1.0,0.0,0.0,1.0,,
Person_335,0.0,1.0,,,1.0,0.0,,0.0,0.0,,,1.0,0.0,,0.0,,0.0,1.0,0.0,1.0,0.0,,,0.0,,,0.0,,0.0,,0.0,1.0,0.0,0.0,1.0,,,0.0,1.0,1.0,0.0,1.0,,0.0,1.0,0.0,,1.0,,0.0
Person_336,,,0.0,,,,0.0,0.0,0.0,,1.0,0.0,0.0,0.0,0.0,,,,0.0,1.0,0.0,,,0.0,,0.0,0.0,,,0.0,,,0.0,,0.0,0.0,,0.0,0.0,,0.0,0.0,0.0,0.0,,,0.0,,0.0,0.0
Person_337,,,,,0.0,1.0,0.0,,,1.0,,,,,,0.0,,0.0,,1.0,0.0,0.0,,1.0,,0.0,,,0.0,,0.0,1.0,,,,,,0.0,0.0,1.0,0.0,0.0,,1.0,1.0,,1.0,0.0,0.0,
Person_338,1.0,,0.0,1.0,0.0,,1.0,1.0,,1.0,1.0,1.0,1.0,1.0,0.0,,,,,1.0,0.0,,1.0,0.0,0.0,,,1.0,1.0,0.0,0.0,,,1.0,0.0,0.0,,,1.0,0.0,0.0,,0.0,,1.0,,0.0,,,1.0
Person_339,,1.0,,0.0,1.0,1.0,0.0,0.0,,1.0,,1.0,1.0,1.0,0.0,,0.0,0.0,,,1.0,0.0,0.0,,0.0,,1.0,,1.0,1.0,,1.0,1.0,,1.0,,1.0,0.0,1.0,1.0,0.0,1.0,1.0,1.0,0.0,,,0.0,0.0,1.0
Person_340,0.0,0.0,,0.0,0.0,,,,,,,,,,,,0.0,0.0,1.0,,0.0,0.0,1.0,0.0,0.0,0.0,,0.0,,1.0,0.0,,,,0.0,,0.0,,0.0,,0.0,0.0,0.0,1.0,,0.0,,1.0,0.0,0.0
Person_341,1.0,,1.0,,0.0,,1.0,1.0,0.0,1.0,1.0,1.0,,,1.0,,1.0,1.0,1.0,,0.0,0.0,1.0,,1.0,1.0,1.0,1.0,,,,1.0,1.0,1.0,1.0,0.0,1.0,,1.0,1.0,1.0,1.0,1.0,1.0,0.0,,1.0,1.0,0.0,1.0
Person_342,1.0,1.0,0.0,0.0,1.0,1.0,1.0,0.0,1.0,0.0,,1.0,0.0,,,1.0,1.0,0.0,0.0,,0.0,1.0,1.0,0.0,1.0,,1.0,,0.0,,,,0.0,1.0,0.0,,1.0,0.0,1.0,,1.0,,,1.0,1.0,1.0,0.0,0.0,1.0,1.0
Person_343,0.0,1.0,,,1.0,0.0,0.0,,0.0,0.0,,0.0,1.0,1.0,,1.0,,,1.0,1.0,0.0,0.0,,,1.0,0.0,1.0,0.0,0.0,1.0,0.0,0.0,0.0,0.0,,0.0,,0.0,1.0,1.0,,1.0,1.0,1.0,1.0,,,1.0,,
Person_344,0.0,,0.0,1.0,0.0,0.0,,,1.0,0.0,,1.0,,0.0,0.0,0.0,0.0,1.0,1.0,,,0.0,0.0,0.0,,,0.0,0.0,1.0,,0.0,0.0,,1.0,,,1.0,,,1.0,,0.0,0.0,,0.0,0.0,0.0,0.0,0.0,
Person_345,1.0,,,,1.0,,1.0,1.0,,,,1.0,1.0,,1.0,1.0,1.0,1.0,,1.0,1.0,1.0,,1.0,0.0,0.0,,0.0,,1.0,,,1.0,1.0,,0.0,1.0,,1.0,,1.0,1.0,1.0,1.0,1.0,1.0,1.0,,1.0,1.0
Person_346,,1.0,,0.0,1.0,0.0,0.0,0.0,1.0,1.0,,1.0,,,,0.0,,,1.0,1.0,0.0,1.0,0.0,0.0,1.0,0.0,0.0,1.0,1.0,0.0,0.0,1.0,,0.0,0.0,,0.0,,1.0,,0.0,,1.0,1.0,0.0,0.0,,0.0,0.0,
Person_347,0.0,0.0,0.0,0.0,0.0,,,,1.0,,1.0,,0.0,,,,0.0,0.0,1.0,,,0.0,,,,,,1.0,,,0.0,0.0,0.0,0.0,0.0,,0.0,0.0,0.0,1.0,,,0.0,0.0,1.0,,,0.0,,0.0
Person_348,1.0,,0.0,,1.0,,1.0,1.0,0.0,1.0,1.0,,1.0,,1.0,,,1.0,1.0,1.0,0.0,0.0,0.0,0.0,,1.0,,,1.0,1.0,,1.0,0.0,,1.0,,,,,1.0,0.0,,,,,1.0,1.0,1.0,0.0,
Person_349,,,0.0,,1.0,,,1.0,1.0,,0.0,,0.0,,,,,,0.0,0.0,0.0,0.0,,0.0,,,0.0,0.0,,0.0,,,1.0,0.0,0.0,0.0,1.0,0.0,0.0,0.0,,0.0,1.0,0.0,0.0,0.0,,1.0,0.0,0.0
Person_350,,,,0.0,1.0,,1.0,,1.0,1.0,,,0.0,,,,,0.0,,,1.0,,,1.0,1.0,0.0,0.0,1.0,,,,1.0,1.0,,1.0,,0.0,,0.0,1.0,0.0,,0.0,1.0,1.0,0.0,0.0,1.0,1.0,
Person_351,,,,0.0,,,,0.0,1.0,,,,0.0,1.0,0.0,1.0,0.0,1.0,,,,1.0,1.0,1.0,1.0,1.0,1.0,,1.0,0.0,1.0,1.0,1.0,0.0,1.0,1.0,,1.0,0.0,1.0,1.0,,,,1.0,,0.0,0.0,1.0,0.0
Person_352,,1.0,1.0,1.0,0.0,0.0,1.0,1.0,1.0,0.0,1.0,1.0,1.0,0.0,0.0,1.0,,0.0,0.0,,,0.0,,0.0,0.0,,0.0,,0.0,0.0,0.0,,,0.0,1.0,0.0,,,,0.0,,,,,1.0,1.0,0.0,,,0.0
Person_353,0.0,,1.0,1.0,,1.0,0.0,,1.0,1.0,1.0,1.0,,1.0,1.0,1.0,,1.0,1.0,1.0,1.0,1.0,,0.0,1.0,,,,,1.0,0.0,,0.0,,,,1.0,,1.0,1.0,,,,,0.0,,,1.0,1.0,1.0
Person_354,0.0,,0.0,0.0,0.0,,,0.0,0.0,,0.0,0.0,,0.0,0.0,0.0,,0.0,,1.0,,1.0,0.0,0.0,0.0,0.0,,0.0,0.0,1.0,0.0,0.0,0.0,0.0,0.0,0.0,0.0,,0.0,1.0,,,0.0,,1.0,0.0,0.0,1.0,,0.0
Person_355,,,1.0,,1.0,,1.0,1.0,1.0,,1.0,,0.0,1.0,1.0,1.0,0.0,1.0,1.0,1.0,1.0,1.0,1.0,0.0,,,,0.0,,1.0,1.0,,,1.0,,,1.0,,1.0,,1.0,,1.0,1.0,,1.0,1.0,,,
Person_356,1.0,,0.0,0.0,0.0,0.0,,,,,,,0.0,0.0,0.0,,1.0,,0.0,1.0,0.0,0.0,,,1.0,0.0,,,1.0,0.0,0.0,0.0,1.0,1.0,0.0,0.0,,,1.0,1.0,1.0,1.0,,1.0,0.0,0.0,1.0,1.0,,
Person_357,0.0,1.0,0.0,,,0.0,,,0.0,1.0,,1.0,0.0,0.0,0.0,0.0,0.0,0.0,,1.0,,,0.0,0.0,1.0,,0.0,,1.0,,1.0,1.0,0.0,,1.0,0.0,1.0,1.0,0.0,,1.0,,1.0,,,0.0,,,0.0,1.0
Person_358,1.0,1.0,1.0,0.0,1.0,0.0,1.0,,,1.0,,1.0,0.0,,1.0,1.0,1.0,1.0,,,,,1.0,,1.0,,,0.0,1.0,,0.0,,,1.0,1.0,,,0.0,0.0,,,0.0,1.0,,,,1.0,0.0,1.0,
Person_359,0.0,0.0,,0.0,,0.0,,0.0,1.0,0.0,0.0,1.0,0.0,,0.0,,0.0,,1.0,1.0,,0.0,,0.0,,0.0,0.0,,0.0,,,,,1.0,1.0,,,,,,,1.0,,1.0,0.0,,0.0,0.0,0.0,0.0
Person_360,1.0,,,1.0,,0.0,,1.0,1.0,,,1.0,0.0,1.0,0.0,1.0,,,1.0,1.0,0.0,0.0,1.0,0.0,,1.0,,0.0,1.0,0.0,0.0,1.0,1.0,1.0,,,,0.0,1.0,1.0,,,1.0,1.0,1.0,,,1.0,,0.0
Person_361,,1.0,0.0,0.0,0.0,0.0,,1.0,1.0,0.0,,0.0,0.0,,0.0,,,,,1.0,,0.0,0.0,0.0,0.0,,0.0,,,1.0,,0.0,0.0,0.0,0.0,0.0,0.0,0.0,,1.0,0.0,0.0,,1.0,0.0,0.0,,0.0,0.0,0.0
Person_362,0.0,0.0,,0.0,0.0,,0.0,0.0,,0.0,0.0,0.0,,0.0,,,0.0,,0.0,,,,,0.0,,0.0,0.0,0.0,,0.0,0.0,,0.0,0.0,,1.0,0.0,0.0,0.0,1.0,,,,0.0,1.0,0.0,0.0,0.0,0.0,0.0
Person_363,,1.0,1.0,1.0,,1.0,,1.0,1.0,,1.0,,,1.0,1.0,,1.0,,1.0,1.0,1.0,,,0.0,1.0,1.0,1.0,1.0,1.0,1.0,1.0,1.0,1.0,,,,,1.0,1.0,,,1.0,,,,,,,1.0,1.0
Person_364,,1.0,1.0,1.0,1.0,0.0,,,,1.0,1.0,,1.0,1.0,1.0,0.0,,0.0,,1.0,,,,,1.0,1.0,0.0,,1.0,,0.0,1.0,1.0,,1.0,,,,,1.0,0.0,0.0,0.0,0.0,1.0,0.0,,1.0,0.0,
Person_365,1.0,0.0,0.0,,0.0,0.0,0.0,,,0.0,0.0,1.0,0.0,,,0.0,,0.0,0.0,,0.0,0.0,0.0,0.0,0.0,,,0.0,0.0,1.0,0.0,0.0,0.0,0.0,,0.0,,,,0.0,0.0,,,0.0,,,1.0,1.0,,0.0
Person_366,,1.0,0.0,0.0,0.0,0.0,,0.0,1.0,1.0,0.0,1.0,,0.0,0.0,0.0,0.0,0.0,1.0,,,,0.0,0.0,,,,1.0,,,0.0,1.0,,,0.0,0.0,0.0,1.0,,1.0,1.0,,,,0.0,0.0,0.0,1.0,,0.0
Person_367,,,0.0,,1.0,,1.0,,,,1.0,1.0,,,,,1.0,,,1.0,1.0,,0.0,1.0,0.0,0.0,,0.0,1.0,0.0,0.0,,1.0,,0.0,0.0,1.0,1.0,1.0,1.0,1.0,,0.0,,,1.0,0.0,,0.0,
Person_368,,,0.0,0.0,1.0,1.0,1.0,0.0,1.0,0.0,,1.0,0.0,1.0,1.0,,,,,1.0,,,1.0,1.0,1.0,0.0,1.0,,1.0,1.0,0.0,,1.0,,1.0,,1.0,,1.0,,1.0,0.0,,1.0,1.0,,1.0,,,1.0
Person_369,,1.0,,,,,0.0,,1.0,0.0,1.0,,1.0,0.0,1.0,0.0,,1.0,1.0,1.0,0.0,,1.0,0.0,0.0,1.0,1.0,,1.0,,,,1.0,,1.0,,,1.0,,,1.0,0.0,,1.0,,0.0,0.0,1.0,,
Person_370,1.0,,,,1.0,1.0,,,,0.0,,1.0,1.0,1.0,1.0,1.0,,,1.0,1.0,1.0,,1.0,,1.0,1.0,1.0,1.0,,1.0,,1.0,1.0,1.0,1.0,1.0,,,1.0,1.0,,,,1.0,1.0,,1.0,1.0,1.0,1.0
Person_371,,1.0,0.0,0.0,,0.0,0.0,,,,,1.0,,,1.0,1.0,0.0,0.0,,1.0,1.0,0.0,,0.0,0.0,,0.0,0.0,0.0,,,0.0,,1.0,1.0,0.0,,1.0,0.0,,,1.0,0.0,1.0,1.0,0.0,0.0,0.0,0.0,0.0
Person_372,1.0,,0.0,1.0,1.0,,,0.0,0.0,,0.0,1.0,0.0,0.0,,0.0,0.0,,,,0.0,0.0,,0.0,0.0,0.0,0.0,0.0,,0.0,,,,,1.0,0.0,0.0,,0.0,,0.0,,0.0,,,,,,0.0,1.0
Person_373,1.0,,0.0,,1.0,,0.0,0.0,,0.0,,1.0,,0.0,,,0.0,,1.0,,1.0,1.0,,0.0,,0.0,,,,0.0,0.0,1.0,,1.0,,0.0,,0.0,,0.0,1.0,,,,,,1.0,,0.0,
Person_374,,1.0,0.0,0.0,0.0,0.0,0.0,,1.0,0.0,0.0,0.0,0.0,,0.0,,,,0.0,,0.0,,,,,0.0,,,,,0.0,0.0,0.0,,,0.0,0.0,0.0,0.0,,0.0,,0.0,0.0,,,0.0,0.0,,0.0
Person_375,,0.0,0.0,0.0,,0.0,1.0,1.0,1.0,,,0.0,,0.0,,,0.0,0.0,1.0,1.0,,0.0,,0.0,0.0,,0.0,0.0,0.0,1.0,,,0.0,0.0,,0.0,,0.0,,,1.0,,1.0,,1.0,0.0,0.0,0.0,,0.0
Person_376,1.0,1.0,1.0,1.0,1.0,,1.0,1.0,,,,1.0,,1.0,,,,,1.0,,,1.0,,,1.0,,1.0,,1.0,,1.0,,1.0,1.0,1.0,1.0,1.0,1.0,,,1.0,,1.0,1.0,1.0,1.0,,1.0,1.0,1.0
Person_377,0.0,0.0,0.0,0.0,0.0,1.0,,,1.0,,0.0,1.0,,,,0.0,,1.0,0.0,0.0,0.0,0.0,,0.0,,0.0,0.0,,0.0,0.0,,0.0,,,1.0,0.0,0.0,0.0,,0.0,0.0,1.0,,0.0,,,0.0,,0.0,
Person_378,,,,,0.0,0.0,1.0,,,1.0,1.0,,,1.0,,1.0,0.0,1.0,,1.0,0.0,,1.0,,1.0,1.0,0.0,1.0,,0.0,1.0,1.0,0.0,,0.0,0.0,1.0,0.0,0.0,1.0,1.0,,1.0,,1.0,1.0,,1.0,1.0,
Person_379,0.0,,0.0,1.0,,1.0,1.0,0.0,,0.0,,,1.0,0.0,,0.0,,0.0,0.0,0.0,0.0,,,,,0.0,0.0,0.0,0.0,0.0,,1.0,0.0,1.0,0.0,0.0,1.0,0.0,1.0,1.0,,,,1.0,,,,1.0,,
Person_380,,0.0,,0.0,,0.0,1.0,0.0,0.0,1.0,0.0,1.0,,,0.0,,0.0,,1.0,,0.0,1.0,0.0,0.0,,1.0,1.0,1.0,0.0,0.0,0.0,,1.0,0.0,0.0,1.0,1.0,,,,,1.0,1.0,0.0,,0.0,0.0,0.0,,0.0
Person_381,,1.0,0.0,,,,,,,,1.0,0.0,0.0,,,1.0,0.0,0.0,1.0,,1.0,,0.0,,,0.0,0.0,0.0,,0.0,,1.0,0.0,1.0,1.0,,0.0,0.0,0.0,,1.0,,1.0,1.0,0.0,0.0,0.0,1.0,0.0,
Person_382,,,0.0,0.0,0.0,0.0,,0.0,,0.0,0.0,0.0,,0.0,,0.0,0.0,0.0,0.0,,0.0,0.0,0.0,,0.0,1.0,0.0,,0.0,,,0.0,0.0,0.0,0.0,0.0,0.0,0.0,0.0,0.0,0.0,,0.0,1.0,0.0,,0.0,0.0,,0.0
Person_383,0.0,1.0,0.0,,1.0,0.0,0.0,1.0,,1.0,1.0,1.0,,,,,0.0,0.0,1.0,0.0,0.0,,0.0,,0.0,1.0,,0.0,1.0,0.0,0.0,0.0,0.0,,1.0,0.0,,,0.0,0.0,0.0,0.0,0.0,1.0,,0.0,0.0,,0.0,0.0
Person_384,,1.0,,1.0,1.0,1.0,1.0,0.0,1.0,0.0,,1.0,1.0,0.0,0.0,,0.0,,,,,,1.0,,0.0,0.0,1.0,1.0,1.0,1.0,0.0,,1.0,,1.0,1.0,,0.0,1.0,1.0,,,,1.0,1.0,0.0,1.0,1.0,0.0,
Person_385,,1.0,0.0,0.0,1.0,,0.0,0.0,0.0,,,1.0,0.0,1.0,,0.0,,,1.0,0.0,0.0,0.0,1.0,0.0,1.0,,,0.0,,1.0,1.0,1.0,0.0,,0.0,0.0,0.0,,,,0.0,,0.0,0.0,1.0,0.0,0.0,,,0.0
Person_386,1.0,,1.0,,,,,1.0,1.0,1.0,,1.0,,1.0,,1.0,1.0,0.0,1.0,1.0,,,,1.0,0.0,,1.0,0.0,1.0,,1.0,1.0,,,1.0,,1.0,1.0,0.0,,1.0,,1.0,1.0,1.0,,1.0,,,
Person_387,,,,0.0,,,,0.0,1.0,0.0,1.0,0.0,0.0,0.0,0.0,0.0,0.0,0.0,1.0,0.0,,0.0,,,,,0.0,0.0,1.0,,0.0,1.0,0.0,,0.0,0.0,0.0,,1.0,1.0,,,0.0,1.0,,0.0,0.0,1.0,0.0,0.0
Person_388,0.0,1.0,,,,1.0,1.0,,1.0,1.0,,1.0,1.0,0.0,0.0,0.0,,,1.0,,1.0,,0.0,,,,1.0,0.0,,1.0,0.0,1.0,0.0,1.0,,,,,0.0,1.0,1.0,0.0,,1.0,,,0.0,,0.0,0.0
Person_389,,1.0,1.0,,1.0,1.0,1.0,1.0,,1.0,,,0.0,,0.0,,1.0,,,1.0,0.0,1.0,0.0,0.0,0.0,0.0,1.0,1.0,1.0,,0.0,,1.0,1.0,1.0,,0.0,,,1.0,0.0,,1.0,,,1.0,,1.0,,
Person_390,0.0,,1.0,,0.0,,,,,1.0,0.0,0.0,0.0,,,0.0,,0.0,0.0,,,,,0.0,,,0.0,0.0,0.0,0.0,,0.0,0.0,0.0,,0.0,0.0,,,0.0,0.0,,,,0.0,0.0,0.0,1.0,0.0,0.0
Person_391,0.0,,0.0,0.0,,,0.0,,,0.0,,,,,,,0.0,,1.0,,,0.0,,0.0,0.0,,0.0,0.0,0.0,0.0,0.0,0.0,0.0,,,1.0,1.0,0.0,0.0,,0.0,1.0,1.0,0.0,0.0,0.0,0.0,,1.0,
Person_392,0.0,,0.0,1.0,1.0,,0.0,,0.0,0.0,,,0.0,,0.0,,0.0,,1.0,0.0,0.0,,0.0,,0.0,,,,0.0,1.0,0.0,,0.0,,0.0,0.0,0.0,,,0.0,0.0,1.0,1.0,,0.0,0.0,0.0,1.0,0.0,
Person_393,0.0,1.0,0.0,1.0,,0.0,1.0,,,1.0,1.0,0.0,1.0,0.0,,0.0,,,,1.0,1.0,1.0,0.0,,,0.0,0.0,1.0,,,0.0,1.0,,1.0,,,1.0,0.0,1.0,1.0,0.0,1.0,1.0,,0.0,1.0,1.0,0.0,0.0,
Person_394,1.0,1.0,1.0,1.0,1.0,,1.0,,1.0,1.0,,1.0,1.0,1.0,,,1.0,1.0,1.0,,,1.0,,0.0,1.0,1.0,1.0,,1.0,1.0,,1.0,1.0,,1.0,,1.0,1.0,1.0,1.0,1.0,1.0,1.0,1.0,1.0,1.0,0.0,1.0,1.0,1.0
Person_395,,,,,,1.0,,,1.0,,,1.0,1.0,,,0.0,0.0,0.0,1.0,,1.0,0.0,1.0,0.0,,,0.0,1.0,1.0,1.0,1.0,1.0,0.0,1.0,1.0,,1.0,1.0,0.0,1.0,0.0,,1.0,1.0,,,,1.0,0.0,
Person_396,,,1.0,,1.0,0.0,1.0,1.0,1.0,,,1.0,1.0,0.0,0.0,,0.0,,0.0,0.0,0.0,,1.0,0.0,0.0,1.0,1.0,,1.0,0.0,,,1.0,1.0,,0.0,1.0,,,,,0.0,1.0,,1.0,,,1.0,0.0,1.0
Person_397,,0.0,0.0,0.0,0.0,0.0,,,,,,,,0.0,0.0,,,,,1.0,1.0,,,0.0,0.0,0.0,1.0,,,,0.0,,,1.0,0.0,0.0,,1.0,,,0.0,,1.0,,1.0,1.0,0.0,1.0,1.0,1.0
Person_398,,1.0,1.0,,,,,1.0,1.0,,1.0,1.0,1.0,,1.0,1.0,1.0,,,1.0,,,,1.0,1.0,1.0,1.0,,,1.0,,,,,1.0,1.0,,1.0,1.0,1.0,,,1.0,1.0,,,1.0,1.0,,1.0
Person_399,,,,0.0,1.0,,,0.0,1.0,1.0,1.0,,0.0,0.0,,,0.0,0.0,,,,0.0,0.0,,,,,0.0,,1.0,0.0,,0.0,0.0,0.0,,1.0,,0.0,,0.0,0.0,,1.0,,0.0,1.0,0.0,0.0,
Person_400,,,0.0,,,0.0,1.0,1.0,,1.0,1.0,,1.0,,1.0,,,1.0,1.0,1.0,1.0,1.0,0.0,0.0,1.0,0.0,,,,,,1.0,,,1.0,0.0,,,,1.0,,1.0,1.0,1.0,,0.0,,0.0,0.0,
Person_401,1.0,1.0,1.0,1.0,,1.0,,1.0,1.0,,1.0,,0.0,0.0,1.0,1.0,0.0,,,,1.0,1.0,1.0,1.0,,1.0,,,1.0,,,1.0,,1.0,,,1.0,0.0,1.0,,1.0,,,1.0,,,,1.0,,
Person_402,,0.0,0.0,0.0,0.0,0.0,1.0,1.0,0.0,0.0,,,,,,,1.0,0.0,0.0,0.0,0.0,,0.0,,,0.0,,,,,,1.0,0.0,,0.0,,0.0,,,1.0,0.0,0.0,0.0,,1.0,,1.0,,,
Person_403,0.0,,1.0,1.0,1.0,0.0,1.0,1.0,1.0,1.0,1.0,,1.0,1.0,,0.0,1.0,1.0,,,1.0,1.0,1.0,1.0,1.0,1.0,1.0,,1.0,1.0,,1.0,,,,,1.0,1.0,1.0,1.0,1.0,1.0,1.0,,,,1.0,1.0,,1.0
Person_404,,,0.0,0.0,,0.0,1.0,1.0,,,0.0,1.0,0.0,0.0,0.0,0.0,0.0,0.0,,0.0,0.0,,0.0,0.0,,0.0,,0.0,,0.0,0.0,0.0,,0.0,1.0,1.0,0.0,0.0,,,,,,0.0,,1.0,0.0,,,0.0
Person_405,,1.0,,0.0,1.0,,,,1.0,1.0,,1.0,0.0,0.0,0.0,,0.0,0.0,1.0,,,,0.0,0.0,,1.0,,0.0,,1.0,,,1.0,0.0,,0.0,,,1.0,1.0,1.0,1.0,1.0,,0.0,0.0,0.0,,,
Person_406,,,0.0,0.0,1.0,,0.0,,0.0,,,,0.0,,1.0,,,0.0,0.0,,,0.0,1.0,,,0.0,,0.0,0.0,,0.0,1.0,1.0,1.0,,0.0,1.0,,,0.0,0.0,,1.0,0.0,,0.0,1.0,,,
Person_407,,,1.0,,,0.0,0.0,0.0,,1.0,1.0,1.0,1.0,0.0,,1.0,,0.0,1.0,,,,1.0,,0.0,1.0,0.0,,0.0,1.0,0.0,1.0,,1.0,1.0,,1.0,1.0,,,,,,1.0,1.0,,1.0,,1.0,1.0
Person_408,,0.0,1.0,0.0,,0.0,1.0,,0.0,0.0,0.0,1.0,,0.0,,,0.0,0.0,1.0,0.0,0.0,0.0,1.0,,0.0,0.0,0.0,0.0,,,0.0,1.0,0.0,,,0.0,,0.0,0.0,,0.0,0.0,,0.0,0.0,0.0,0.0,0.0,0.0,0.0
Person_409,,1.0,1.0,1.0,0.0,,0.0,,,1.0,,1.0,1.0,1.0,0.0,1.0,,0.0,1.0,1.0,0.0,,1.0,0.0,0.0,,,0.0,0.0,0.0,0.0,,0.0,1.0,0.0,0.0,1.0,,0.0,1.0,0.0,,1.0,1.0,1.0,0.0,1.0,0.0,,1.0
Person_410,0.0,,0.0,0.0,,,0.0,,0.0,,,,,0.0,0.0,,0.0,,0.0,0.0,1.0,,,,0.0,1.0,0.0,0.0,,1.0,,1.0,1.0,1.0,,,1.0,0.0,1.0,1.0,1.0,0.0,1.0,,,,,,1.0,
Person_411,,1.0,,1.0,1.0,1.0,,0.0,,1.0,1.0,1.0,,0.0,1.0,1.0,,,,,1.0,,1.0,,,1.0,,1.0,1.0,,,1.0,,1.0,0.0,,,,1.0,,,1.0,1.0,1.0,,1.0,1.0,,0.0,0.0
Person_412,0.0,0.0,,,0.0,,0.0,0.0,0.0,,0.0,,0.0,0.0,0.0,,0.0,0.0,0.0,0.0,0.0,,,0.0,0.0,0.0,,,,,0.0,0.0,0.0,,0.0,0.0,0.0,0.0,0.0,0.0,,,,,0.0,0.0,0.0,,,0.0
Person_413,1.0,1.0,,,1.0,,1.0,,,0.0,1.0,1.0,1.0,0.0,1.0,1.0,0.0,,1.0,,,1.0,1.0,0.0,,0.0,1.0,,1.0,1.0,1.0,1.0,,1.0,,0.0,,1.0,1.0,,1.0,,0.0,1.0,,0.0,0.0,1.0,1.0,1.0
Person_414,0.0,1.0,0.0,,,,0.0,0.0,1.0,,1.0,1.0,0.0,,,0.0,1.0,0.0,,,,,,,0.0,0.0,0.0,,,0.0,1.0,1.0,0.0,,0.0,,0.0,,,1.0,,,,,0.0,0.0,0.0,0.0,0.0,1.0
Person_415,0.0,0.0,0.0,0.0,0.0,0.0,0.0,0.0,,,,0.0,0.0,0.0,,,0.0,,,,0.0,0.0,,,,,0.0,0.0,0.0,0.0,0.0,0.0,0.0,0.0,0.0,0.0,,0.0,0.0,,0.0,0.0,0.0,0.0,,0.0,,,,0.0
Person_416,,0.0,0.0,0.0,1.0,0.0,0.0,,1.0,0.0,0.0,1.0,,,0.0,,,0.0,,,0.0,,,,,1.0,0.0,0.0,,,0.0,,0.0,0.0,0.0,0.0,1.0,,,1.0,,,0.0,,1.0,,,1.0,0.0,0.0
Person_417,0.0,,0.0,,1.0,0.0,0.0,0.0,,,1.0,,,,,,0.0,0.0,,0.0,0.0,,,0.0,,0.0,0.0,0.0,1.0,1.0,0.0,0.0,1.0,,,0.0,,0.0,,,1.0,0.0,,0.0,,,0.0,0.0,,
Person_418,,0.0,0.0,0.0,,0.0,1.0,0.0,,,0.0,1.0,,,0.0,,,,0.0,,0.0,0.0,,,0.0,,,0.0,1.0,0.0,,0.0,0.0,,0.0,0.0,,,0.0,,,1.0,,0.0,0.0,0.0,0.0,,0.0,
Person_419,,,1.0,,,,1.0,0.0,1.0,1.0,0.0,,1.0,,1.0,,,,1.0,,0.0,1.0,,0.0,1.0,,1.0,0.0,1.0,1.0,0.0,0.0,0.0,,1.0,1.0,,1.0,0.0,,,1.0,1.0,,,,1.0,1.0,0.0,1.0
Person_420,0.0,1.0,,1.0,,,,,1.0,0.0,1.0,,0.0,0.0,0.0,0.0,,,,1.0,1.0,0.0,,,1.0,,,,,,,1.0,0.0,1.0,,0.0,1.0,1.0,,1.0,,1.0,0.0,0.0,1.0,,0.0,,,
Person_421,0.0,1.0,1.0,0.0,,1.0,1.0,,,1.0,1.0,0.0,0.0,0.0,1.0,0.0,0.0,1.0,1.0,1.0,1.0,0.0,,0.0,1.0,,,0.0,,,0.0,,0.0,1.0,,0.0,0.0,,1.0,1.0,,1.0,,0.0,1.0,,1.0,1.0,0.0,0.0
Person_422,0.0,1.0,0.0,0.0,1.0,1.0,1.0,0.0,1.0,0.0,1.0,0.0,0.0,0.0,,1.0,1.0,0.0,,,0.0,0.0,1.0,0.0,,,,0.0,0.0,0.0,1.0,,,,1.0,0.0,,1.0,0.0,,0.0,,,1.0,0.0,0.0,0.0,1.0,,0.0
Person_423,1.0,1.0,1.0,,,1.0,,,1.0,1.0,1.0,1.0,0.0,1.0,1.0,1.0,,0.0,,1.0,,,1.0,1.0,0.0,,0.0,1.0,1.0,1.0,,1.0,,1.0,0.0,1.0,1.0,1.0,,1.0,,,1.0,,,,,,,
Person_424,1.0,,1.0,1.0,,1.0,1.0,,0.0,1.0,1.0,1.0,1.0,,1.0,,1.0,1.0,,1.0,1.0,1.0,1.0,,0.0,1.0,1.0,,1.0,,,,1.0,0.0,1.0,,,0.0,1.0,1.0,,,1.0,,,,1.0,1.0,1.0,1.0
Person_425,,0.0,,,,0.0,0.0,0.0,1.0,0.0,1.0,1.0,0.0,0.0,1.0,,0.0,0.0,1.0,,,0.0,,0.0,1.0,1.0,0.0,,,,0.0,1.0,0.0,,1.0,0.0,,,,,1.0,1.0,,,1.0,1.0,1.0,,,1.0
Person_426,0.0,1.0,,0.0,1.0,,,,,0.0,0.0,1.0,1.0,,0.0,0.0,,0.0,1.0,0.0,,0.0,,0.0,0.0,,0.0,0.0,,0.0,,,,,0.0,0.0,,0.0,0.0,,0.0,0.0,0.0,0.0,0.0,0.0,0.0,,,0.0
Person_427,1.0,1.0,,,1.0,,,1.0,1.0,,1.0,1.0,1.0,1.0,1.0,1.0,,1.0,1.0,1.0,1.0,1.0,1.0,,,,1.0,,1.0,1.0,,1.0,,1.0,0.0,1.0,,1.0,0.0,1.0,1.0,,1.0,0.0,,,,,,0.0
Person_428,1.0,1.0,,1.0,1.0,,,1.0,,1.0,1.0,1.0,,,,,0.0,1.0,,,,1.0,1.0,0.0,,1.0,,,1.0,,,1.0,,1.0,1.0,1.0,1.0,,1.0,1.0,,,1.0,,1.0,1.0,,,1.0,
Person_429,0.0,0.0,,,0.0,,,0.0,0.0,,0.0,0.0,0.0,0.0,,,0.0,0.0,,,0.0,,,,0.0,0.0,0.0,0.0,,,0.0,,,0.0,0.0,0.0,0.0,,0.0,,,0.0,,0.0,0.0,,,,0.0,
Person_430,1.0,,1.0,0.0,1.0,,1.0,0.0,0.0,1.0,0.0,1.0,0.0,,0.0,,0.0,,,1.0,0.0,,0.0,0.0,0.0,1.0,0.0,0.0,0.0,0.0,0.0,,,0.0,1.0,,0.0,,,0.0,,,1.0,,1.0,0.0,,,0.0,0.0
Person_431,0.0,,0.0,0.0,1.0,0.0,1.0,,1.0,0.0,,0.0,0.0,0.0,0.0,1.0,1.0,0.0,1.0,,0.0,,,0.0,,,,,0.0,1.0,0.0,,1.0,0.0,,0.0,0.0,0.0,1.0,1.0,,1.0,1.0,1.0,1.0,0.0,0.0,0.0,1.0,
Person_432,0.0,0.0,,0.0,1.0,0.0,1.0,0.0,0.0,,0.0,1.0,,,0.0,,0.0,1.0,1.0,,0.0,,,0.0,,1.0,1.0,,,0.0,0.0,1.0,0.0,,0.0,0.0,,0.0,,1.0,1.0,1.0,1.0,0.0,,,0.0,,0.0,
Person_433,1.0,,0.0,0.0,,,1.0,,,,1.0,1.0,0.0,1.0,,,0.0,,1.0,0.0,0.0,1.0,1.0,1.0,,1.0,,,,0.0,1.0,1.0,0.0,,1.0,,0.0,1.0,1.0,1.0,1.0,0.0,,1.0,,,,1.0,,1.0
Person_434,,,,0.0,0.0,0.0,0.0,,0.0,1.0,0.0,0.0,0.0,,0.0,0.0,,0.0,,0.0,0.0,0.0,,0.0,0.0,,0.0,,0.0,0.0,,1.0,,,1.0,0.0,1.0,,0.0,0.0,0.0,0.0,,1.0,,0.0,0.0,,0.0,
Person_435,,0.0,0.0,,,0.0,0.0,1.0,,0.0,,,,,0.0,,,0.0,0.0,0.0,0.0,,1.0,0.0,,,,,0.0,,,0.0,0.0,,0.0,0.0,0.0,0.0,,,0.0,,,1.0,,0.0,0.0,0.0,0.0,0.0
Person_436,0.0,1.0,0.0,0.0,0.0,,,,,,,,,,0.0,,,,0.0,1.0,0.0,0.0,,0.0,,,,0.0,1.0,1.0,0.0,,0.0,0.0,1.0,0.0,,,,1.0,1.0,0.0,1.0,,0.0,0.0,0.0,,,
Person_437,0.0,0.0,,,1.0,0.0,1.0,1.0,1.0,0.0,,,0.0,0.0,0.0,1.0,0.0,,,1.0,,1.0,1.0,0.0,1.0,,,,1.0,,,1.0,,0.0,1.0,,1.0,0.0,0.0,1.0,1.0,,,1.0,,,,1.0,1.0,1.0
Person_438,0.0,0.0,,,,0.0,0.0,0.0,,0.0,0.0,1.0,0.0,0.0,0.0,0.0,,,,0.0,,0.0,,0.0,0.0,0.0,,0.0,,,0.0,1.0,,0.0,0.0,,,,0.0,1.0,,0.0,,0.0,0.0,0.0,0.0,0.0,1.0,0.0
Person_439,1.0,,1.0,,1.0,0.0,1.0,,,0.0,,1.0,,,,,,1.0,0.0,0.0,0.0,,0.0,0.0,,1.0,,1.0,,,,,,1.0,1.0,0.0,1.0,0.0,0.0,,0.0,1.0,,1.0,,1.0,,,,
Person_440,0.0,1.0,0.0,0.0,1.0,0.0,0.0,0.0,0.0,0.0,0.0,1.0,,0.0,0.0,,0.0,0.0,1.0,,1.0,0.0,1.0,0.0,,,0.0,0.0,,0.0,0.0,,,,1.0,0.0,,0.0,0.0,,1.0,1.0,,1.0,,0.0,0.0,0.0,,
Person_441,0.0,,0.0,,1.0,0.0,0.0,0.0,1.0,,1.0,0.0,0.0,1.0,,0.0,,0.0,0.0,,0.0,,1.0,,0.0,0.0,,0.0,0.0,1.0,0.0,0.0,0.0,,0.0,,1.0,,,1.0,,0.0,,,0.0,,,,1.0,0.0
Person_442,0.0,1.0,,0.0,,,,0.0,,,1.0,1.0,,1.0,0.0,,0.0,,1.0,0.0,,0.0,1.0,,,0.0,1.0,1.0,1.0,,,1.0,1.0,,,0.0,,1.0,,,,0.0,0.0,0.0,0.0,1.0,0.0,,,
Person_443,1.0,1.0,1.0,0.0,1.0,1.0,1.0,,,0.0,1.0,1.0,1.0,,1.0,1.0,0.0,0.0,1.0,1.0,1.0,,1.0,,,1.0,1.0,1.0,1.0,,0.0,1.0,,1.0,1.0,,,,0.0,1.0,,,1.0,1.0,1.0,,1.0,1.0,,1.0
Person_444,1.0,1.0,1.0,,,0.0,1.0,0.0,,1.0,,1.0,0.0,,,0.0,0.0,1.0,1.0,1.0,,1.0,1.0,0.0,,1.0,1.0,1.0,1.0,,,,1.0,1.0,1.0,0.0,0.0,1.0,0.0,1.0,,,,,1.0,1.0,1.0,1.0,,1.0
Person_445,,,,0.0,1.0,0.0,1.0,,1.0,,,,0.0,1.0,,0.0,1.0,,1.0,1.0,1.0,,,,0.0,0.0,0.0,,0.0,0.0,,1.0,,1.0,,,,,0.0,0.0,1.0,0.0,,1.0,0.0,0.0,0.0,0.0,,0.0
Person_446,,,1.0,,1.0,,1.0,,1.0,0.0,,,,0.0,0.0,0.0,1.0,0.0,1.0,,0.0,,,,,1.0,0.0,1.0,,,,,1.0,0.0,,0.0,,1.0,,1.0,0.0,0.0,,1.0,0.0,1.0,,1.0,,
Person_447,,1.0,1.0,,1.0,1.0,1.0,,,1.0,,1.0,1.0,1.0,1.0,,,1.0,1.0,1.0,,1.0,1.0,1.0,,,1.0,0.0,0.0,1.0,1.0,,1.0,1.0,,1.0,,,1.0,1.0,1.0,1.0,1.0,1.0,1.0,,,,0.0,1.0
Person_448,,1.0,1.0,0.0,1.0,1.0,1.0,,,,,1.0,,1.0,,1.0,0.0,,1.0,,,,,,,,1.0,,1.0,1.0,0.0,1.0,,,,,1.0,0.0,,1.0,,0.0,1.0,1.0,,,1.0,,,0.0
Person_449,0.0,,0.0,,,0.0,,0.0,,,0.0,0.0,0.0,,0.0,,0.0,,,0.0,,,0.0,,,0.0,0.0,0.0,1.0,1.0,0.0,,0.0,0.0,,0.0,,,,1.0,,1.0,,,,0.0,0.0,,,
Person_450,0.0,,0.0,0.0,,0.0,0.0,,,,,,0.0,0.0,0.0,0.0,0.0,0.0,,,1.0,0.0,,0.0,0.0,,0.0,,,0.0,0.0,0.0,,,0.0,0.0,1.0,0.0,,1.0,0.0,1.0,0.0,0.0,,0.0,0.0,0.0,,0.0
Person_451,1.0,1.0,,1.0,,,1.0,,1.0,1.0,1.0,,,1.0,,1.0,1.0,0.0,1.0,1.0,1.0,,,1.0,,,1.0,,1.0,1.0,1.0,1.0,,1.0,1.0,,1.0,,1.0,1.0,1.0,1.0,1.0,1.0,1.0,,1.0,0.0,,
Person_452,0.0,1.0,,,1.0,0.0,1.0,,,1.0,0.0,,,0.0,0.0,0.0,,,0.0,,,,1.0,0.0,0.0,0.0,0.0,0.0,0.0,1.0,0.0,,0.0,0.0,0.0,0.0,0.0,1.0,,,,0.0,,,0.0,0.0,0.0,0.0,0.0,0.0
Person_453,0.0,,,0.0,,1.0,1.0,,,0.0,1.0,1.0,,,,0.0,,0.0,,,1.0,1.0,0.0,0.0,0.0,,0.0,,0.0,0.0,,,0.0,0.0,0.0,0.0,0.0,0.0,,1.0,0.0,0.0,,1.0,1.0,0.0,,1.0,,
Person_454,,1.0,0.0,1.0,,1.0,1.0,1.0,,1.0,,1.0,,0.0,1.0,0.0,1.0,1.0,,,1.0,0.0,1.0,,,,0.0,,1.0,1.0,0.0,,1.0,,,1.0,,1.0,1.0,1.0,1.0,1.0,,,1.0,,0.0,0.0,,
Person_455,,1.0,0.0,0.0,,0.0,0.0,0.0,,0.0,,0.0,0.0,,0.0,0.0,0.0,,,0.0,0.0,,0.0,,,0.0,0.0,0.0,,,,0.0,,0.0,0.0,0.0,0.0,,0.0,0.0,0.0,0.0,0.0,,1.0,,1.0,,,
Person_456,,,1.0,1.0,,,1.0,,,,,,,,1.0,,0.0,1.0,1.0,1.0,,1.0,1.0,0.0,,1.0,,0.0,,1.0,0.0,,0.0,1.0,,0.0,1.0,,1.0,1.0,,1.0,0.0,,,0.0,1.0,,,
Person_457,1.0,0.0,,0.0,,0.0,1.0,0.0,,1.0,,,,1.0,0.0,1.0,0.0,1.0,0.0,1.0,,,,0.0,1.0,,0.0,,,1.0,0.0,1.0,0.0,,,0.0,1.0,0.0,0.0,,0.0,1.0,,1.0,1.0,0.0,1.0,,,0.0
Person_458,0.0,,,0.0,,1.0,,,1.0,1.0,1.0,1.0,,0.0,,,0.0,1.0,1.0,,1.0,0.0,1.0,0.0,,,1.0,,1.0,,1.0,1.0,1.0,1.0,0.0,0.0,1.0,1.0,1.0,1.0,1.0,0.0,,1.0,1.0,0.0,1.0,0.0,0.0,
Person_459,,1.0,1.0,0.0,1.0,,1.0,,1.0,0.0,0.0,,1.0,,,0.0,0.0,1.0,0.0,1.0,0.0,,1.0,,,,0.0,,1.0,0.0,,1.0,,,1.0,,,,1.0,1.0,0.0,0.0,,0.0,,1.0,1.0,1.0,,
Person_460,,,,,,0.0,,0.0,0.0,0.0,,0.0,0.0,0.0,0.0,0.0,0.0,0.0,0.0,1.0,,,0.0,0.0,0.0,,,,1.0,,0.0,0.0,0.0,0.0,,,0.0,0.0,0.0,,0.0,,0.0,,,,,0.0,0.0,
Person_461,0.0,0.0,0.0,,,,0.0,0.0,0.0,0.0,0.0,1.0,0.0,0.0,,0.0,0.0,,0.0,0.0,,0.0,,0.0,0.0,,1.0,0.0,0.0,0.0,0.0,1.0,0.0,1.0,0.0,0.0,,0.0,0.0,0.0,,0.0,,,0.0,0.0,,,,1.0
Person_462,,1.0,0.0,0.0,,0.0,,0.0,0.0,,,0.0,,0.0,0.0,0.0,0.0,,0.0,1.0,0.0,,,,,0.0,0.0,0.0,,,,0.0,0.0,0.0,0.0,,0.0,0.0,0.0,0.0,,0.0,,,1.0,0.0,0.0,1.0,,0.0
Person_463,,1.0,,,1.0,0.0,1.0,0.0,0.0,1.0,0.0,0.0,1.0,0.0,,0.0,,,0.0,1.0,0.0,,1.0,1.0,,0.0,0.0,,0.0,,0.0,,0.0,1.0,0.0,,,0.0,0.0,,1.0,0.0,,0.0,1.0,,1.0,,0.0,0.0
Person_464,,1.0,,,,1.0,1.0,1.0,1.0,1.0,1.0,,1.0,1.0,1.0,,0.0,0.0,1.0,1.0,1.0,0.0,1.0,0.0,1.0,1.0,,,,,,1.0,1.0,1.0,,0.0,,1.0,1.0,1.0,,1.0,,1.0,1.0,,1.0,1.0,,0.0
Person_465,,1.0,0.0,1.0,1.0,,,,1.0,1.0,1.0,,,0.0,1.0,0.0,,1.0,,,0.0,1.0,,0.0,1.0,,0.0,,1.0,1.0,0.0,,,1.0,1.0,,1.0,,,,0.0,,0.0,1.0,,0.0,1.0,0.0,,1.0
Person_466,0.0,0.0,,0.0,1.0,0.0,0.0,,,0.0,0.0,0.0,0.0,0.0,0.0,0.0,0.0,0.0,1.0,1.0,0.0,0.0,,0.0,,0.0,0.0,,0.0,0.0,0.0,1.0,0.0,1.0,,0.0,1.0,0.0,,1.0,,,,1.0,,,,1.0,,0.0
Person_467,,0.0,,,1.0,,,0.0,1.0,,0.0,0.0,0.0,,,0.0,0.0,,1.0,,0.0,0.0,0.0,0.0,,1.0,0.0,0.0,,,,,0.0,0.0,1.0,0.0,0.0,,0.0,1.0,0.0,,,,,1.0,,0.0,,
Person_468,1.0,,,0.0,1.0,,1.0,0.0,1.0,,1.0,,0.0,0.0,1.0,0.0,1.0,,,0.0,,,,0.0,,,,0.0,,0.0,0.0,,0.0,,0.0,0.0,1.0,0.0,,1.0,,,1.0,1.0,1.0,0.0,,1.0,0.0,1.0
Person_469,0.0,,,,,0.0,,,0.0,0.0,,,,0.0,0.0,,,0.0,,,1.0,0.0,0.0,0.0,,0.0,0.0,1.0,,,,0.0,0.0,0.0,,0.0,0.0,0.0,1.0,1.0,,0.0,0.0,0.0,1.0,,0.0,,,
Person_470,0.0,1.0,,0.0,1.0,0.0,,1.0,1.0,1.0,0.0,0.0,,0.0,0.0,1.0,,,1.0,,,,1.0,0.0,,0.0,,,,,,1.0,1.0,1.0,0.0,0.0,0.0,0.0,0.0,1.0,1.0,0.0,1.0,0.0,1.0,0.0,,0.0,1.0,0.0
Person_471,1.0,0.0,1.0,,,0.0,,1.0,0.0,0.0,1.0,,0.0,0.0,0.0,,0.0,,1.0,1.0,0.0,0.0,,0.0,,0.0,,0.0,,0.0,,0.0,0.0,,0.0,0.0,0.0,,1.0,0.0,0.0,,0.0,1.0,,0.0,0.0,1.0,0.0,
Person_472,,1.0,1.0,,1.0,,,,1.0,,1.0,1.0,,0.0,0.0,,0.0,1.0,1.0,,0.0,0.0,0.0,1.0,,,,,1.0,0.0,,0.0,0.0,,0.0,1.0,0.0,0.0,1.0,1.0,,0.0,,1.0,,0.0,1.0,1.0,,1.0
Person_473,0.0,1.0,0.0,0.0,1.0,0.0,0.0,1.0,,0.0,1.0,,0.0,0.0,,1.0,0.0,,,1.0,0.0,,1.0,0.0,1.0,1.0,,0.0,1.0,,0.0,,,0.0,1.0,0.0,,0.0,,,0.0,0.0,,1.0,1.0,1.0,0.0,0.0,,
Person_474,,1.0,,0.0,1.0,1.0,,,0.0,0.0,1.0,,0.0,0.0,,1.0,0.0,0.0,0.0,,0.0,0.0,0.0,1.0,0.0,,0.0,,0.0,,,0.0,0.0,1.0,0.0,1.0,0.0,0.0,0.0,1.0,,0.0,,,,1.0,,1.0,0.0,0.0
Person_475,1.0,,,0.0,0.0,0.0,,1.0,,1.0,1.0,,0.0,,0.0,,0.0,0.0,,1.0,1.0,0.0,1.0,,,,,,,,0.0,0.0,0.0,,0.0,,0.0,1.0,,1.0,0.0,,0.0,,,0.0,,0.0,,0.0
Person_476,0.0,0.0,0.0,0.0,,,0.0,0.0,0.0,0.0,0.0,0.0,1.0,0.0,,,0.0,,1.0,0.0,0.0,0.0,0.0,0.0,,0.0,0.0,,0.0,,0.0,0.0,0.0,0.0,1.0,0.0,,0.0,,,0.0,0.0,0.0,0.0,1.0,0.0,,,,0.0
Person_477,0.0,,,1.0,,0.0,0.0,,,,,0.0,0.0,0.0,0.0,,0.0,,1.0,1.0,,,,0.0,,1.0,1.0,,,,,1.0,1.0,0.0,,0.0,,,1.0,1.0,1.0,0.0,1.0,1.0,,,0.0,,,
Person_478,1.0,0.0,,,1.0,,,,1.0,0.0,0.0,,1.0,,0.0,0.0,0.0,0.0,1.0,1.0,,0.0,0.0,1.0,0.0,1.0,0.0,0.0,0.0,1.0,0.0,1.0,1.0,1.0,,0.0,1.0,,1.0,,1.0,1.0,,,1.0,,,1.0,1.0,
Person_479,1.0,,,0.0,1.0,0.0,1.0,1.0,,,1.0,,1.0,,,1.0,1.0,,1.0,1.0,,,1.0,0.0,1.0,1.0,,,1.0,1.0,,1.0,1.0,,1.0,0.0,,1.0,1.0,1.0,1.0,,0.0,,,,1.0,0.0,0.0,1.0
Person_480,,1.0,0.0,0.0,1.0,,1.0,0.0,,,1.0,1.0,1.0,0.0,1.0,,0.0,0.0,1.0,1.0,0.0,0.0,1.0,,,,,1.0,,,,0.0,0.0,,1.0,,1.0,0.0,1.0,1.0,0.0,0.0,,,1.0,,,1.0,0.0,1.0
Person_481,,1.0,1.0,,,,,0.0,,1.0,,,0.0,,0.0,,0.0,,1.0,,,0.0,0.0,1.0,,0.0,1.0,1.0,0.0,,0.0,,,1.0,1.0,,1.0,1.0,1.0,1.0,0.0,,1.0,,0.0,0.0,,,,
Person_482,1.0,0.0,,0.0,1.0,0.0,1.0,0.0,,1.0,1.0,1.0,0.0,0.0,0.0,,,0.0,,1.0,,0.0,0.0,0.0,1.0,1.0,1.0,,1.0,,0.0,1.0,,,0.0,,0.0,0.0,,,0.0,1.0,0.0,1.0,1.0,1.0,0.0,,,0.0
Person_483,,,0.0,,1.0,,0.0,,0.0,,,1.0,,,,0.0,,0.0,1.0,,0.0,0.0,1.0,,,,,,,0.0,0.0,1.0,0.0,1.0,1.0,0.0,0.0,0.0,,1.0,0.0,,1.0,0.0,0.0,,1.0,1.0,,0.0
Person_484,0.0,1.0,,0.0,1.0,,0.0,0.0,,1.0,,1.0,,0.0,,,,0.0,0.0,,,,,0.0,0.0,0.0,0.0,1.0,,,0.0,,0.0,0.0,0.0,0.0,,,0.0,1.0,0.0,,0.0,0.0,0.0,0.0,,,,0.0
Person_485,1.0,1.0,,0.0,,,1.0,1.0,1.0,1.0,,1.0,,1.0,1.0,1.0,,,,1.0,1.0,,,,,1.0,1.0,,,,,1.0,0.0,1.0,,,1.0,1.0,,,1.0,,1.0,1.0,1.0,,1.0,,0.0,0.0
Person_486,,0.0,,0.0,1.0,1.0,,,,,,0.0,0.0,0.0,0.0,0.0,0.0,0.0,1.0,1.0,,,0.0,,0.0,1.0,,,1.0,,0.0,,0.0,0.0,1.0,,0.0,,1.0,0.0,0.0,1.0,,0.0,,0.0,1.0,1.0,0.0,0.0
Person_487,,,1.0,,,0.0,0.0,,0.0,0.0,1.0,,1.0,1.0,0.0,0.0,,,,1.0,,1.0,1.0,,,,0.0,0.0,,0.0,,,0.0,,0.0,0.0,1.0,,0.0,,0.0,,0.0,,1.0,0.0,,0.0,0.0,0.0
Person_488,,0.0,1.0,,1.0,0.0,1.0,0.0,,0.0,0.0,,0.0,,0.0,,0.0,,0.0,1.0,,,0.0,0.0,0.0,0.0,0.0,0.0,,0.0,0.0,1.0,0.0,0.0,,0.0,0.0,0.0,,0.0,0.0,,0.0,0.0,0.0,0.0,,,0.0,
Person_489,,1.0,0.0,0.0,,0.0,1.0,0.0,,0.0,,,1.0,0.0,0.0,,,0.0,,1.0,1.0,0.0,,,,,1.0,0.0,0.0,,0.0,0.0,0.0,1.0,1.0,,1.0,0.0,1.0,1.0,0.0,,,1.0,,,1.0,,0.0,0.0
Person_490,,0.0,,0.0,1.0,0.0,,,0.0,0.0,,1.0,0.0,0.0,,0.0,0.0,,,,0.0,,1.0,,0.0,,0.0,,,,1.0,0.0,0.0,1.0,1.0,0.0,,,0.0,1.0,0.0,,,0.0,1.0,0.0,,1.0,,0.0
Person_491,1.0,1.0,,1.0,,,,,1.0,1.0,,1.0,,,,,1.0,0.0,1.0,1.0,,,1.0,1.0,,,1.0,,,1.0,1.0,,,1.0,,0.0,1.0,0.0,,1.0,,0.0,1.0,0.0,1.0,,0.0,1.0,,0.0
Person_492,,,0.0,1.0,1.0,,1.0,1.0,,,,,1.0,,,1.0,,1.0,,,,1.0,1.0,1.0,,1.0,1.0,,,1.0,0.0,,1.0,1.0,1.0,1.0,1.0,,,,,,,,,1.0,1.0,1.0,,1.0
Person_493,,,0.0,1.0,,1.0,1.0,,,,1.0,,,1.0,,,0.0,,1.0,,,1.0,1.0,0.0,0.0,1.0,,,,1.0,0.0,,1.0,0.0,1.0,1.0,,0.0,,1.0,1.0,1.0,,,,,1.0,1.0,1.0,1.0
Person_494,,,,,,0.0,0.0,0.0,1.0,,,0.0,0.0,0.0,0.0,,1.0,0.0,1.0,0.0,,,,0.0,,,0.0,0.0,0.0,0.0,0.0,,,0.0,0.0,0.0,0.0,0.0,,0.0,,0.0,0.0,,0.0,0.0,0.0,0.0,,
Person_495,0.0,1.0,,0.0,1.0,,1.0,0.0,,,1.0,1.0,0.0,,0.0,0.0,,0.0,1.0,1.0,,,0.0,0.0,,1.0,,1.0,1.0,,,1.0,,,,,,0.0,0.0,0.0,,0.0,0.0,1.0,,,0.0,0.0,0.0,
Person_496,1.0,1.0,0.0,,,,1.0,1.0,,1.0,1.0,,0.0,,0.0,,,0.0,,,0.0,0.0,1.0,,1.0,,0.0,,1.0,1.0,,,,0.0,,1.0,,0.0,1.0,,,0.0,,0.0,,1.0,0.0,0.0,0.0,
Person_497,1.0,,1.0,1.0,,,,1.0,,,1.0,1.0,,,0.0,0.0,1.0,1.0,1.0,,,,1.0,,,0.0,0.0,,1.0,1.0,,0.0,1.0,,1.0,1.0,0.0,0.0,,1.0,1.0,0.0,0.0,,,1.0,1.0,,0.0,1.0
Person_498,0.0,,,0.0,1.0,,,,0.0,0.0,,1.0,,0.0,0.0,,0.0,0.0,0.0,,,,,,0.0,,,,,1.0,0.0,0.0,1.0,0.0,,0.0,,0.0,,,1.0,,1.0,0.0,,0.0,0.0,0.0,1.0,
Person_499,1.0,1.0,1.0,,,0.0,,,1.0,,,1.0,,1.0,0.0,1.0,0.0,,,1.0,0.0,1.0,,,,1.0,,0.0,1.0,0.0,,,,,,0.0,1.0,0.0,0.0,1.0,1.0,0.0,,0.0,,1.0,0.0,,0.0,0.0
Person_500,1.0,,0.0,1.0,,0.0,1.0,0.0,0.0,1.0,,1.0,,1.0,,0.0,0.0,1.0,1.0,1.0,0.0,1.0,,0.0,,0.0,0.0,0.0,,1.0,0.0,,1.0,1.0,,0.0,0.0,0.0,1.0,,1.0,1.0,,0.0,1.0,,0.0,,1.0,0.0
Person_501,1.0,,0.0,,0.0,1.0,,0.0,0.0,1.0,,,,1.0,0.0,1.0,0.0,0.0,,0.0,1.0,1.0,1.0,0.0,0.0,1.0,,0.0,1.0,0.0,,,0.0,1.0,,,0.0,1.0,1.0,1.0,1.0,1.0,0.0,1.0,,0.0,,0.0,1.0,
Person_502,1.0,1.0,1.0,1.0,0.0,1.0,1.0,,,0.0,,,,,1.0,,,,1.0,1.0,1.0,,1.0,1.0,,1.0,1.0,,1.0,0.0,,1.0,0.0,,0.0,1.0,,,,1.0,,,1.0,,,0.0,,,0.0,
Person_503,,1.0,0.0,0.0,,,,,0.0,0.0,0.0,1.0,0.0,0.0,,0.0,0.0,0.0,,1.0,,0.0,0.0,0.0,,0.0,0.0,,0.0,0.0,0.0,0.0,0.0,0.0,0.0,0.0,,,0.0,,0.0,,,,,0.0,,,0.0,0.0
Person_504,,1.0,1.0,,,,1.0,0.0,1.0,1.0,,,,1.0,1.0,,,,,1.0,,0.0,0.0,,,,0.0,0.0,0.0,,0.0,1.0,1.0,1.0,,0.0,,0.0,0.0,,0.0,1.0,1.0,1.0,,1.0,1.0,1.0,,
Person_505,1.0,1.0,,1.0,,1.0,1.0,1.0,1.0,,1.0,,,1.0,,0.0,,0.0,1.0,1.0,,,0.0,1.0,,1.0,,,,1.0,1.0,1.0,1.0,1.0,1.0,,0.0,,1.0,0.0,1.0,,1.0,1.0,,,,1.0,1.0,0.0
Person_506,,1.0,,,1.0,0.0,1.0,,,1.0,0.0,1.0,,0.0,0.0,1.0,,,1.0,,1.0,,0.0,,0.0,,,,,,0.0,1.0,0.0,,,,1.0,0.0,0.0,,,,,,0.0,0.0,0.0,1.0,0.0,0.0
Person_507,,0.0,,0.0,0.0,,0.0,1.0,0.0,0.0,0.0,1.0,,0.0,0.0,,,0.0,0.0,,,,,0.0,0.0,0.0,,0.0,0.0,0.0,,,0.0,0.0,,0.0,0.0,,,0.0,0.0,,1.0,,1.0,,1.0,0.0,0.0,0.0
Person_508,1.0,1.0,,0.0,,1.0,,0.0,0.0,,1.0,1.0,,0.0,0.0,0.0,,0.0,1.0,1.0,0.0,1.0,,0.0,0.0,0.0,,1.0,1.0,1.0,0.0,,,1.0,0.0,,,1.0,,1.0,,,,,0.0,1.0,0.0,,1.0,0.0
Person_509,0.0,,1.0,,1.0,1.0,1.0,0.0,,1.0,1.0,,1.0,,,1.0,,1.0,,1.0,1.0,1.0,1.0,,,1.0,,1.0,1.0,,1.0,1.0,1.0,,1.0,,,,,1.0,,1.0,1.0,1.0,,,,1.0,1.0,
Person_510,,1.0,,0.0,,,0.0,,0.0,,,0.0,0.0,,0.0,0.0,,,0.0,,,,,0.0,,,,0.0,,,,1.0,,1.0,,0.0,0.0,,0.0,0.0,,,0.0,0.0,,0.0,,,,0.0
Person_511,0.0,0.0,0.0,0.0,,,0.0,,0.0,0.0,0.0,,,0.0,0.0,0.0,,0.0,0.0,,1.0,,0.0,0.0,1.0,,0.0,0.0,,0.0,0.0,0.0,0.0,1.0,,0.0,,0.0,0.0,1.0,,0.0,0.0,0.0,0.0,,0.0,,0.0,0.0
Person_512,0.0,0.0,,0.0,,0.0,,1.0,0.0,,0.0,0.0,,0.0,0.0,0.0,0.0,0.0,0.0,0.0,0.0,,,0.0,,0.0,,,1.0,0.0,0.0,0.0,0.0,,,0.0,0.0,0.0,0.0,0.0,0.0,,,0.0,0.0,0.0,,,0.0,
Person_513,,1.0,0.0,1.0,,0.0,1.0,1.0,1.0,1.0,,,0.0,1.0,,0.0,,,1.0,,1.0,,0.0,,1.0,1.0,0.0,,,1.0,1.0,,1.0,,0.0,1.0,1.0,0.0,,1.0,1.0,,,1.0,,,,1.0,,
Person_514,,,,0.0,1.0,1.0,,0.0,1.0,1.0,,,,,,,,1.0,1.0,1.0,,,,,0.0,,,0.0,,0.0,0.0,,1.0,1.0,1.0,0.0,1.0,0.0,,,,0.0,,,1.0,,0.0,1.0,,
Person_515,0.0,1.0,0.0,,,0.0,,0.0,,,,1.0,,,0.0,,0.0,0.0,1.0,,0.0,,0.0,,1.0,0.0,,,,,1.0,0.0,0.0,0.0,,0.0,,,,,,0.0,0.0,1.0,,,0.0,0.0,0.0,
Person_516,,,1.0,0.0,1.0,0.0,1.0,1.0,1.0,1.0,1.0,1.0,,0.0,,0.0,,0.0,,,,1.0,,0.0,0.0,1.0,,1.0,1.0,0.0,0.0,1.0,,1.0,1.0,0.0,0.0,,0.0,1.0,1.0,,,0.0,,,1.0,,0.0,1.0
Person_517,,1.0,0.0,1.0,1.0,1.0,0.0,,1.0,0.0,,0.0,,,1.0,,,,1.0,1.0,1.0,0.0,1.0,0.0,,1.0,,1.0,1.0,1.0,0.0,0.0,0.0,,,1.0,,,1.0,,,1.0,,1.0,,1.0,1.0,,0.0,0.0
Person_518,,1.0,,1.0,1.0,1.0,,1.0,,1.0,,1.0,1.0,1.0,1.0,,1.0,,,1.0,,1.0,1.0,,,,,,1.0,,1.0,,0.0,1.0,1.0,0.0,1.0,,,1.0,1.0,,0.0,1.0,1.0,,1.0,,,
Person_519,1.0,1.0,1.0,0.0,1.0,0.0,1.0,1.0,0.0,1.0,1.0,1.0,1.0,,,0.0,,1.0,,1.0,,0.0,1.0,,0.0,,0.0,0.0,,,,,,1.0,1.0,,1.0,,1.0,1.0,1.0,0.0,,1.0,,0.0,0.0,1.0,0.0,1.0
Person_520,1.0,,1.0,1.0,1.0,1.0,,1.0,,1.0,1.0,,1.0,1.0,1.0,,1.0,,1.0,,1.0,0.0,1.0,1.0,,1.0,,,1.0,1.0,,,,,,0.0,,,,1.0,1.0,1.0,,,1.0,,,1.0,0.0,1.0
Person_521,0.0,0.0,,0.0,,0.0,0.0,,0.0,,0.0,0.0,,,0.0,,0.0,0.0,0.0,1.0,0.0,1.0,0.0,0.0,0.0,,,,1.0,0.0,0.0,0.0,,,0.0,0.0,0.0,1.0,0.0,0.0,0.0,,,,,0.0,,0.0,,
Person_522,,1.0,0.0,0.0,,0.0,1.0,,,1.0,,1.0,,0.0,,0.0,,,1.0,,,1.0,0.0,0.0,0.0,1.0,,1.0,,0.0,0.0,1.0,0.0,1.0,,0.0,1.0,1.0,,1.0,,1.0,,0.0,1.0,,0.0,,1.0,0.0
Person_523,,1.0,,,1.0,0.0,1.0,1.0,1.0,,,,0.0,,1.0,1.0,0.0,1.0,1.0,,1.0,0.0,1.0,,0.0,,,1.0,,,0.0,,,1.0,1.0,,1.0,,0.0,0.0,,1.0,,1.0,1.0,0.0,1.0,,0.0,0.0
Person_524,0.0,1.0,,,,,,,1.0,1.0,1.0,0.0,1.0,0.0,,1.0,,,1.0,,1.0,0.0,,0.0,0.0,0.0,,0.0,1.0,1.0,0.0,1.0,0.0,1.0,1.0,0.0,,,0.0,1.0,1.0,,1.0,,1.0,0.0,0.0,1.0,0.0,1.0
Person_525,0.0,0.0,,0.0,1.0,1.0,1.0,0.0,,,1.0,1.0,,,,,0.0,,1.0,1.0,0.0,1.0,1.0,0.0,,0.0,,0.0,1.0,,0.0,1.0,1.0,,,1.0,0.0,0.0,1.0,1.0,,1.0,1.0,1.0,,,,,1.0,1.0
Person_526,,,,0.0,0.0,,,,0.0,,1.0,0.0,,0.0,,0.0,0.0,0.0,0.0,1.0,,0.0,0.0,,,0.0,1.0,,,0.0,,0.0,0.0,,0.0,,,0.0,1.0,1.0,1.0,0.0,0.0,,0.0,0.0,,0.0,,0.0
Person_527,0.0,,,0.0,0.0,,,0.0,,,0.0,0.0,,0.0,0.0,0.0,0.0,0.0,,0.0,,,,0.0,,0.0,0.0,0.0,0.0,1.0,,,,,0.0,0.0,,,0.0,0.0,0.0,0.0,,1.0,,0.0,0.0,,,
Person_528,1.0,1.0,0.0,,,,,,,,,,0.0,0.0,,0.0,0.0,0.0,0.0,1.0,0.0,,,0.0,0.0,1.0,,,0.0,,0.0,,1.0,0.0,,0.0,,,1.0,,1.0,0.0,0.0,,1.0,0.0,0.0,0.0,,0.0
Person_529,,0.0,1.0,1.0,1.0,1.0,,1.0,1.0,1.0,1.0,,,,1.0,,,,,0.0,0.0,,,1.0,,1.0,,1.0,1.0,,1.0,1.0,,,0.0,,,,1.0,,1.0,1.0,1.0,,,,1.0,,,0.0
Person_530,0.0,1.0,0.0,,1.0,,0.0,,1.0,,,,0.0,1.0,0.0,1.0,,0.0,1.0,1.0,1.0,0.0,,0.0,,0.0,,,1.0,,0.0,,0.0,0.0,1.0,0.0,1.0,0.0,0.0,1.0,,0.0,0.0,1.0,1.0,0.0,0.0,0.0,,0.0
Person_531,0.0,1.0,,0.0,,0.0,,0.0,,,,1.0,,0.0,0.0,,,,0.0,,,0.0,,0.0,0.0,,,,0.0,,0.0,1.0,0.0,1.0,0.0,0.0,0.0,,,,0.0,,0.0,,1.0,0.0,,,0.0,
Person_532,1.0,,0.0,,,0.0,1.0,1.0,,,0.0,0.0,,0.0,,0.0,0.0,,0.0,0.0,0.0,,,0.0,0.0,1.0,0.0,0.0,1.0,,,,0.0,,0.0,0.0,1.0,,,1.0,0.0,1.0,1.0,,1.0,0.0,0.0,1.0,0.0,0.0
Person_533,,1.0,1.0,,,,,1.0,0.0,,,,1.0,,1.0,1.0,0.0,,1.0,1.0,1.0,,1.0,,0.0,1.0,0.0,1.0,,0.0,,,,1.0,1.0,,0.0,1.0,1.0,1.0,,,,,,0.0,,,1.0,
Person_534,1.0,1.0,,,,,1.0,,,1.0,1.0,,1.0,1.0,0.0,,,1.0,1.0,1.0,1.0,1.0,1.0,1.0,1.0,1.0,,,,,,1.0,,,1.0,1.0,,1.0,1.0,1.0,1.0,,1.0,1.0,,,1.0,,1.0,0.0
Person_535,1.0,1.0,,,,1.0,,,1.0,1.0,1.0,1.0,,1.0,1.0,0.0,,1.0,1.0,1.0,,,1.0,0.0,1.0,1.0,1.0,1.0,1.0,1.0,1.0,,1.0,1.0,,1.0,1.0,1.0,1.0,1.0,,1.0,,1.0,1.0,1.0,,1.0,1.0,
Person_536,,1.0,0.0,,1.0,0.0,,1.0,,1.0,,1.0,,,,1.0,1.0,0.0,,,0.0,,1.0,0.0,,,0.0,0.0,1.0,0.0,1.0,1.0,,1.0,0.0,,1.0,1.0,,,0.0,1.0,1.0,1.0,,0.0,0.0,,0.0,1.0
Person_537,,1.0,,0.0,1.0,,,,,,,1.0,,1.0,1.0,1.0,1.0,1.0,1.0,1.0,,,0.0,,1.0,,0.0,1.0,1.0,,,,,,1.0,,0.0,,1.0,,,1.0,1.0,1.0,1.0,,1.0,,,
Person_538,,0.0,,0.0,,0.0,1.0,1.0,,0.0,1.0,1.0,1.0,,,0.0,0.0,0.0,0.0,,1.0,,,0.0,0.0,,,0.0,0.0,0.0,0.0,0.0,0.0,1.0,,0.0,1.0,,0.0,,,1.0,0.0,1.0,0.0,1.0,,,0.0,0.0
Person_539,,,1.0,,0.0,0.0,0.0,0.0,,0.0,0.0,0.0,0.0,0.0,0.0,,0.0,0.0,0.0,,,0.0,,0.0,,0.0,0.0,,0.0,,0.0,1.0,,0.0,,,0.0,,,,,,0.0,,,0.0,0.0,1.0,,
Person_540,0.0,0.0,,0.0,,,,0.0,0.0,,0.0,0.0,,0.0,,0.0,0.0,0.0,,0.0,0.0,0.0,,,,,0.0,0.0,,1.0,,0.0,,0.0,1.0,0.0,,0.0,0.0,0.0,0.0,0.0,1.0,0.0,0.0,0.0,,0.0,0.0,
Person_541,,0.0,,,1.0,0.0,,0.0,1.0,,0.0,1.0,0.0,0.0,0.0,0.0,0.0,,0.0,,0.0,,0.0,0.0,,0.0,1.0,,1.0,1.0,0.0,,,,,0.0,,,,,1.0,1.0,1.0,1.0,0.0,,1.0,0.0,,1.0
Person_542,,,,,,1.0,1.0,1.0,0.0,,1.0,1.0,,,0.0,1.0,,,1.0,1.0,1.0,1.0,,0.0,,1.0,0.0,1.0,0.0,1.0,1.0,1.0,1.0,,1.0,,1.0,1.0,1.0,1.0,1.0,1.0,,1.0,1.0,,0.0,1.0,0.0,0.0
Person_543,0.0,,1.0,0.0,1.0,0.0,0.0,0.0,,,0.0,1.0,,,0.0,1.0,,0.0,1.0,1.0,,1.0,1.0,0.0,,1.0,,,,1.0,1.0,1.0,1.0,1.0,,0.0,1.0,1.0,,1.0,0.0,,1.0,1.0,,1.0,,1.0,0.0,1.0
Person_544,,1.0,0.0,,1.0,,0.0,0.0,,,,,,,0.0,,,0.0,,,1.0,0.0,0.0,,1.0,0.0,,0.0,0.0,,0.0,,0.0,,,,0.0,,0.0,,0.0,0.0,0.0,0.0,1.0,0.0,,0.0,0.0,0.0
Person_545,1.0,,1.0,,,1.0,,0.0,1.0,1.0,0.0,1.0,0.0,,,0.0,,0.0,,1.0,,,0.0,,0.0,,0.0,1.0,1.0,1.0,,1.0,,1.0,0.0,,,,1.0,0.0,0.0,,1.0,,,,0.0,1.0,0.0,1.0
Person_546,,0.0,,,1.0,1.0,1.0,1.0,1.0,,1.0,,1.0,1.0,,1.0,1.0,0.0,1.0,,1.0,1.0,1.0,1.0,,,,,1.0,1.0,1.0,,1.0,,1.0,1.0,1.0,,0.0,,1.0,1.0,1.0,1.0,1.0,0.0,,1.0,,
Person_547,0.0,0.0,,,1.0,,,0.0,0.0,0.0,,1.0,,0.0,,,0.0,,0.0,1.0,0.0,0.0,0.0,,,,,0.0,1.0,0.0,0.0,,0.0,0.0,1.0,0.0,1.0,0.0,0.0,0.0,,0.0,1.0,1.0,1.0,0.0,0.0,,1.0,0.0
Person_548,,0.0,0.0,,0.0,,,0.0,,,1.0,,0.0,,,0.0,0.0,0.0,1.0,,0.0,,0.0,0.0,,0.0,,0.0,0.0,0.0,0.0,,0.0,,0.0,,1.0,0.0,0.0,1.0,,0.0,0.0,,0.0,0.0,,0.0,0.0,1.0
Person_549,,,,,,,1.0,1.0,,1.0,1.0,1.0,,0.0,,1.0,1.0,0.0,,,1.0,1.0,,0.0,1.0,,,,,1.0,1.0,1.0,,1.0,1.0,1.0,,1.0,0.0,,1.0,1.0,1.0,1.0,1.0,0.0,1.0,1.0,0.0,1.0
Person_550,0.0,,,0.0,0.0,0.0,,0.0,0.0,0.0,0.0,1.0,,0.0,,,0.0,0.0,1.0,0.0,,0.0,0.0,0.0,0.0,,0.0,,0.0,0.0,0.0,0.0,0.0,,,,,,0.0,0.0,0.0,0.0,,0.0,0.0,0.0,,,0.0,0.0
Person_551,0.0,1.0,0.0,0.0,0.0,0.0,1.0,0.0,0.0,,1.0,1.0,1.0,1.0,0.0,,0.0,0.0,1.0,1.0,0.0,0.0,1.0,,0.0,1.0,,1.0,,,0.0,1.0,0.0,1.0,,0.0,,,,0.0,1.0,0.0,1.0,,,1.0,,1.0,0.0,0.0
Person_552,,1.0,0.0,0.0,,,1.0,,1.0,1.0,1.0,1.0,0.0,,,0.0,,,1.0,,0.0,0.0,1.0,0.0,,1.0,0.0,1.0,1.0,1.0,0.0,1.0,1.0,,1.0,,0.0,1.0,1.0,1.0,,1.0,1.0,,1.0,0.0,,0.0,1.0,
Person_553,1.0,0.0,,1.0,1.0,0.0,,,1.0,,1.0,1.0,0.0,0.0,0.0,0.0,,,0.0,,,,,0.0,,1.0,,1.0,,1.0,0.0,,,1.0,0.0,0.0,0.0,0.0,0.0,,,,0.0,1.0,1.0,,0.0,,0.0,
Person_554,,1.0,,0.0,,,,1.0,1.0,,1.0,1.0,1.0,1.0,0.0,1.0,1.0,,,1.0,,1.0,,1.0,1.0,,1.0,0.0,1.0,,1.0,,,1.0,1.0,,1.0,,,1.0,1.0,1.0,1.0,1.0,,,,1.0,,1.0
Person_555,,1.0,0.0,,,,,,,1.0,,,1.0,1.0,,,0.0,0.0,1.0,1.0,1.0,1.0,,,,,1.0,0.0,1.0,,,,0.0,0.0,,0.0,,,1.0,,0.0,1.0,0.0,0.0,1.0,0.0,,,,
Person_556,,,1.0,,1.0,1.0,1.0,1.0,1.0,1.0,1.0,1.0,1.0,,,,0.0,1.0,1.0,1.0,,1.0,,,1.0,1.0,1.0,1.0,,1.0,1.0,1.0,,1.0,1.0,,1.0,,0.0,1.0,1.0,1.0,1.0,1.0,1.0,,0.0,1.0,1.0,
Person_557,,,,,1.0,,,1.0,,,,1.0,,,1.0,1.0,1.0,1.0,,,1.0,0.0,0.0,,0.0,,0.0,0.0,,1.0,1.0,1.0,1.0,1.0,,1.0,,,,1.0,1.0,,,,1.0,,0.0,,1.0,1.0
Person_558,,1.0,1.0,,1.0,1.0,1.0,,,,1.0,1.0,,,,,1.0,1.0,,1.0,1.0,0.0,1.0,1.0,1.0,1.0,0.0,1.0,,1.0,,1.0,1.0,1.0,1.0,1.0,1.0,1.0,1.0,1.0,1.0,1.0,,1.0,,0.0,1.0,,0.0,1.0
Person_559,,1.0,0.0,0.0,,,,,0.0,0.0,0.0,,0.0,0.0,0.0,0.0,0.0,0.0,1.0,,0.0,0.0,,0.0,,0.0,1.0,,,,0.0,,0.0,0.0,0.0,0.0,,0.0,0.0,0.0,0.0,,0.0,1.0,,,,,0.0,0.0
Person_560,1.0,1.0,1.0,0.0,,0.0,1.0,1.0,,,1.0,,0.0,1.0,0.0,,,1.0,,,1.0,1.0,,1.0,,,1.0,,,,1.0,,1.0,1.0,1.0,1.0,,,1.0,1.0,,,1.0,1.0,,0.0,,1.0,0.0,
Person_561,1.0,,1.0,,1.0,1.0,,0.0,,,,1.0,,1.0,,0.0,,,0.0,,,1.0,0.0,1.0,1.0,1.0,1.0,1.0,0.0,,1.0,1.0,,1.0,,,1.0,1.0,,,0.0,1.0,,1.0,,1.0,1.0,0.0,1.0,
Person_562,,1.0,1.0,1.0,1.0,1.0,,1.0,1.0,,1.0,,1.0,,,1.0,,1.0,,1.0,1.0,1.0,1.0,,1.0,1.0,0.0,1.0,1.0,1.0,1.0,1.0,1.0,,1.0,,1.0,,1.0,1.0,1.0,1.0,1.0,,,0.0,,1.0,,1.0
Person_563,0.0,0.0,0.0,0.0,,0.0,,,,1.0,1.0,,0.0,0.0,,,,,0.0,,0.0,1.0,,0.0,0.0,,0.0,0.0,,0.0,0.0,,0.0,1.0,0.0,0.0,,0.0,0.0,0.0,,0.0,0.0,0.0,1.0,0.0,0.0,,0.0,0.0
Person_564,1.0,0.0,0.0,0.0,,0.0,,1.0,0.0,0.0,0.0,1.0,0.0,0.0,,,,,0.0,0.0,0.0,0.0,,0.0,1.0,0.0,1.0,,,,0.0,0.0,0.0,0.0,0.0,0.0,1.0,,,0.0,,1.0,0.0,,1.0,0.0,1.0,,0.0,0.0
Person_565,0.0,0.0,,1.0,,0.0,,0.0,0.0,,,1.0,,0.0,,,0.0,,,1.0,,,,,0.0,0.0,0.0,,0.0,0.0,0.0,,0.0,1.0,1.0,0.0,,0.0,,,0.0,,1.0,,,0.0,0.0,1.0,,0.0
Person_566,,1.0,0.0,0.0,,1.0,1.0,,,,,1.0,0.0,0.0,,,1.0,,,0.0,,,1.0,0.0,,0.0,1.0,,1.0,1.0,1.0,,,1.0,,,1.0,,0.0,,1.0,,,,1.0,1.0,1.0,,,0.0
Person_567,,,,0.0,1.0,0.0,,1.0,0.0,0.0,,,1.0,,0.0,0.0,1.0,0.0,1.0,,,,,,0.0,1.0,0.0,0.0,0.0,0.0,,,0.0,0.0,0.0,0.0,1.0,0.0,,0.0,1.0,,0.0,1.0,1.0,0.0,,1.0,,
Person_568,1.0,1.0,,,1.0,1.0,,,,1.0,1.0,1.0,0.0,0.0,1.0,0.0,,,1.0,,,0.0,,,1.0,1.0,0.0,1.0,1.0,0.0,,1.0,,,1.0,0.0,,0.0,,1.0,0.0,1.0,0.0,1.0,1.0,0.0,0.0,,1.0,0.0
Person_569,0.0,,,,1.0,0.0,1.0,,1.0,,,,0.0,,0.0,,,,,0.0,,,1.0,,,,0.0,,0.0,1.0,0.0,0.0,0.0,,0.0,0.0,0.0,0.0,,1.0,0.0,,0.0,,0.0,0.0,0.0,0.0,0.0,
Person_570,,,,,1.0,,,,0.0,1.0,0.0,1.0,,0.0,,,,,1.0,,0.0,,0.0,,1.0,,,,0.0,,,0.0,,1.0,,,0.0,,0.0,,1.0,0.0,,,1.0,,,,0.0,0.0
Person_571,,,0.0,0.0,1.0,,1.0,0.0,0.0,,,1.0,1.0,,0.0,0.0,,,,,1.0,1.0,,,0.0,,0.0,,1.0,1.0,0.0,0.0,1.0,0.0,,1.0,0.0,,0.0,,1.0,0.0,,,,1.0,0.0,1.0,,
Person_572,0.0,1.0,1.0,,,0.0,,,1.0,0.0,,,0.0,0.0,,,,1.0,,,0.0,0.0,,0.0,0.0,0.0,0.0,0.0,,0.0,,1.0,0.0,0.0,0.0,0.0,,0.0,1.0,1.0,1.0,,,0.0,0.0,,1.0,1.0,,0.0
Person_573,,1.0,,,,0.0,1.0,0.0,,1.0,1.0,1.0,,,,,1.0,,,,0.0,0.0,1.0,0.0,0.0,0.0,,0.0,,1.0,,,,0.0,,,0.0,,1.0,0.0,1.0,1.0,,1.0,1.0,,1.0,1.0,1.0,0.0
Person_574,1.0,,,0.0,1.0,0.0,,0.0,,1.0,0.0,,0.0,0.0,,,0.0,0.0,1.0,1.0,,,,0.0,,,,0.0,,,0.0,,,1.0,1.0,0.0,,,,,1.0,0.0,,,,,,,0.0,0.0
Person_575,1.0,1.0,,,1.0,1.0,1.0,0.0,1.0,1.0,1.0,,1.0,1.0,1.0,,,,1.0,,1.0,,,1.0,,,1.0,,1.0,,,1.0,,1.0,,,,,1.0,1.0,1.0,1.0,1.0,1.0,,,1.0,,1.0,1.0
Person_576,,0.0,0.0,0.0,1.0,,0.0,0.0,1.0,0.0,,,0.0,,,0.0,,0.0,1.0,1.0,,0.0,1.0,,,0.0,,,,1.0,0.0,1.0,0.0,1.0,,0.0,0.0,0.0,,0.0,1.0,1.0,,0.0,1.0,,1.0,1.0,,
Person_577,0.0,,,0.0,0.0,0.0,0.0,0.0,,0.0,,,0.0,0.0,,,0.0,0.0,,1.0,,0.0,,,0.0,,0.0,,0.0,0.0,0.0,,0.0,,0.0,0.0,0.0,0.0,,0.0,0.0,0.0,,,0.0,0.0,0.0,0.0,0.0,1.0
Person_578,,1.0,1.0,0.0,1.0,0.0,1.0,,,,,1.0,,,0.0,0.0,,1.0,,1.0,0.0,0.0,1.0,0.0,0.0,,1.0,,,0.0,0.0,1.0,1.0,1.0,1.0,0.0,,1.0,1.0,0.0,0.0,0.0,,,1.0,,0.0,1.0,0.0,
Person_579,,0.0,0.0,0.0,1.0,1.0,1.0,0.0,1.0,0.0,,1.0,,,,,0.0,,,1.0,,0.0,,1.0,1.0,,0.0,0.0,1.0,1.0,,,1.0,1.0,0.0,0.0,,0.0,,0.0,1.0,1.0,,1.0,1.0,,0.0,1.0,0.0,0.0
Person_580,,1.0,0.0,0.0,1.0,0.0,1.0,0.0,1.0,1.0,,,,0.0,0.0,0.0,,,1.0,1.0,1.0,,1.0,0.0,0.0,1.0,0.0,,1.0,,,,1.0,1.0,,0.0,,,0.0,,1.0,,,1.0,1.0,0.0,0.0,0.0,0.0,
Person_581,1.0,,1.0,,1.0,,1.0,,,,,1.0,,,,,0.0,1.0,1.0,1.0,,0.0,,,0.0,1.0,1.0,1.0,,1.0,,1.0,0.0,,0.0,,,1.0,1.0,1.0,0.0,,,1.0,1.0,,0.0,0.0,1.0,1.0
Person_582,0.0,1.0,1.0,1.0,0.0,1.0,1.0,1.0,,,,1.0,1.0,0.0,,1.0,1.0,,1.0,1.0,,1.0,1.0,1.0,1.0,,1.0,,,1.0,0.0,,1.0,1.0,1.0,0.0,,,,1.0,1.0,,1.0,1.0,1.0,,1.0,1.0,,
Person_583,,,,0.0,0.0,0.0,0.0,,1.0,0.0,,1.0,,0.0,0.0,0.0,,,1.0,,0.0,,,0.0,0.0,,0.0,,0.0,,,1.0,,0.0,0.0,0.0,,,0.0,1.0,1.0,,,1.0,,0.0,0.0,0.0,0.0,0.0
Person_584,,,0.0,0.0,1.0,,,0.0,,0.0,,,1.0,0.0,,0.0,,1.0,1.0,1.0,,1.0,0.0,0.0,,0.0,0.0,1.0,,1.0,0.0,,0.0,1.0,1.0,1.0,1.0,0.0,1.0,1.0,,1.0,1.0,,,,0.0,,0.0,
Person_585,0.0,,1.0,,0.0,1.0,1.0,0.0,0.0,,,1.0,0.0,1.0,1.0,1.0,0.0,,,,,1.0,,0.0,0.0,,0.0,0.0,1.0,,0.0,1.0,,,1.0,,,,1.0,1.0,0.0,0.0,1.0,1.0,1.0,1.0,0.0,,0.0,
Person_586,,,,1.0,1.0,,1.0,,1.0,1.0,,,0.0,0.0,,,,1.0,1.0,,,,,0.0,1.0,,,1.0,1.0,,0.0,1.0,1.0,,,,1.0,0.0,1.0,1.0,1.0,1.0,0.0,1.0,1.0,,,1.0,1.0,1.0
Person_587,,1.0,0.0,0.0,1.0,1.0,,,,,,,1.0,,1.0,,1.0,1.0,1.0,,1.0,0.0,,,0.0,1.0,1.0,,1.0,,0.0,1.0,,,1.0,1.0,,1.0,0.0,1.0,0.0,,,,,1.0,,1.0,,1.0
Person_588,,,,1.0,1.0,,1.0,1.0,1.0,1.0,,,1.0,,1.0,1.0,0.0,0.0,,1.0,1.0,1.0,1.0,,1.0,,,1.0,1.0,1.0,1.0,1.0,,1.0,1.0,,1.0,1.0,1.0,1.0,1.0,1.0,1.0,,1.0,,,1.0,,1.0
Person_589,1.0,,,1.0,,0.0,1.0,1.0,,,1.0,1.0,,,1.0,1.0,1.0,1.0,1.0,1.0,1.0,1.0,,1.0,,1.0,1.0,1.0,,,1.0,1.0,,1.0,,0.0,1.0,0.0,1.0,1.0,1.0,,1.0,1.0,1.0,,1.0,,1.0,
Person_590,,1.0,0.0,0.0,,1.0,1.0,0.0,1.0,,1.0,,,0.0,0.0,,0.0,,0.0,,0.0,1.0,,1.0,1.0,,,,1.0,0.0,1.0,1.0,,1.0,,0.0,1.0,0.0,1.0,,1.0,,,0.0,1.0,,1.0,,,1.0
Person_591,,0.0,0.0,0.0,,0.0,,0.0,0.0,1.0,,,,0.0,,0.0,0.0,0.0,,,0.0,,,,0.0,0.0,,0.0,0.0,,0.0,0.0,,,0.0,,0.0,,,0.0,,,0.0,0.0,,,,,0.0,0.0
Person_592,,1.0,,,1.0,1.0,,,,,0.0,,,0.0,1.0,0.0,0.0,1.0,1.0,,0.0,,,1.0,,,,,,,0.0,1.0,1.0,,,,1.0,1.0,1.0,,1.0,1.0,1.0,1.0,,,,1.0,0.0,
Person_593,1.0,,0.0,,0.0,,1.0,0.0,1.0,0.0,0.0,,0.0,,0.0,0.0,0.0,,,1.0,0.0,,0.0,1.0,0.0,,0.0,0.0,0.0,1.0,,,,,0.0,,,,0.0,1.0,,1.0,,0.0,1.0,,1.0,1.0,0.0,0.0
Person_594,0.0,0.0,,0.0,,0.0,,,0.0,,,1.0,1.0,,,1.0,,0.0,,0.0,,,0.0,,0.0,,0.0,0.0,,0.0,0.0,,0.0,0.0,0.0,,,,1.0,,0.0,0.0,1.0,1.0,0.0,0.0,,0.0,0.0,
Person_595,1.0,1.0,,1.0,,1.0,1.0,,1.0,1.0,1.0,,1.0,,,0.0,0.0,0.0,1.0,1.0,0.0,,,0.0,,1.0,,,1.0,,,,1.0,1.0,,1.0,,,1.0,,,1.0,1.0,1.0,1.0,,,1.0,1.0,1.0
Person_596,1.0,,,1.0,,,1.0,,1.0,,1.0,1.0,1.0,,,1.0,,,1.0,,1.0,,1.0,,,1.0,1.0,1.0,1.0,1.0,1.0,1.0,1.0,1.0,1.0,,1.0,1.0,1.0,1.0,1.0,1.0,1.0,1.0,,1.0,1.0,1.0,1.0,1.0
Person_597,1.0,,1.0,1.0,,1.0,,1.0,,,1.0,1.0,1.0,,,0.0,1.0,1.0,,,1.0,1.0,1.0,1.0,1.0,1.0,1.0,,1.0,1.0,,1.0,0.0,1.0,,1.0,1.0,,,1.0,1.0,1.0,1.0,1.0,1.0,1.0,1.0,1.0,1.0,
Person_598,0.0,,,,,0.0,1.0,0.0,0.0,,,,0.0,0.0,0.0,0.0,1.0,,1.0,,,0.0,0.0,0.0,,,0.0,0.0,1.0,,,1.0,0.0,1.0,,0.0,0.0,,,0.0,,0.0,0.0,,0.0,0.0,1.0,0.0,1.0,1.0
Person_599,1.0,1.0,1.0,,,1.0,1.0,1.0,,1.0,,1.0,1.0,1.0,1.0,1.0,1.0,1.0,,1.0,0.0,1.0,1.0,1.0,1.0,1.0,1.0,1.0,0.0,,,,1.0,,1.0,,1.0,1.0,,1.0,1.0,,,,,1.0,0.0,1.0,1.0,1.0
Person_600,1.0,,,,1.0,1.0,,1.0,1.0,,,1.0,1.0,0.0,0.0,1.0,1.0,,,1.0,1.0,0.0,0.0,0.0,1.0,1.0,,,,1.0,0.0,1.0,1.0,,1.0,1.0,1.0,0.0,,1.0,1.0,1.0,1.0,1.0,,0.0,1.0,,1.0,
Person_601,1.0,0.0,1.0,1.0,1.0,1.0,1.0,0.0,1.0,,1.0,1.0,,,0.0,,0.0,1.0,1.0,,1.0,0.0,1.0,1.0,1.0,,0.0,1.0,1.0,0.0,0.0,,1.0,1.0,1.0,,,,1.0,1.0,0.0,1.0,1.0,,1.0,0.0,0.0,1.0,,
Person_602,0.0,1.0,,1.0,1.0,0.0,0.0,1.0,,,1.0,,,0.0,0.0,1.0,,,1.0,,0.0,0.0,1.0,0.0,0.0,1.0,,,1.0,,,1.0,0.0,1.0,0.0,0.0,,0.0,0.0,0.0,0.0,1.0,,1.0,,0.0,,0.0,,0.0
Person_603,0.0,,,1.0,,,0.0,1.0,1.0,,1.0,1.0,1.0,,1.0,1.0,1.0,0.0,1.0,1.0,1.0,1.0,,0.0,1.0,,1.0,1.0,,,,1.0,0.0,1.0,,,,1.0,1.0,,,1.0,,,1.0,,,,1.0,1.0
Person_604,0.0,,1.0,1.0,0.0,0.0,1.0,,1.0,0.0,,1.0,,,1.0,1.0,,,1.0,1.0,,0.0,,,1.0,1.0,,0.0,1.0,0.0,1.0,,0.0,1.0,1.0,0.0,,0.0,1.0,,,,0.0,,,,0.0,,,0.0
Person_605,0.0,,0.0,,0.0,0.0,,0.0,1.0,0.0,1.0,,0.0,0.0,,,1.0,,,,,0.0,0.0,0.0,,,0.0,,,0.0,0.0,0.0,0.0,0.0,0.0,0.0,,1.0,0.0,0.0,0.0,,1.0,,0.0,0.0,,1.0,0.0,0.0
Person_606,1.0,,,,1.0,,,0.0,1.0,1.0,,,1.0,,0.0,0.0,1.0,,,,,1.0,1.0,,,1.0,1.0,1.0,,1.0,1.0,1.0,1.0,1.0,,0.0,1.0,1.0,1.0,,1.0,,1.0,,,1.0,,,1.0,
Person_607,,0.0,0.0,0.0,0.0,,1.0,0.0,0.0,,0.0,,,0.0,0.0,0.0,,,0.0,0.0,,0.0,1.0,0.0,,0.0,,0.0,0.0,0.0,,0.0,,0.0,0.0,0.0,0.0,,,0.0,0.0,,0.0,,,,,,,0.0
Person_608,0.0,1.0,0.0,1.0,,0.0,0.0,,1.0,,0.0,,0.0,0.0,,0.0,,,,1.0,,1.0,,,0.0,,0.0,,1.0,,0.0,,0.0,0.0,0.0,0.0,0.0,,0.0,0.0,,1.0,0.0,,1.0,0.0,1.0,1.0,1.0,1.0
Person_609,0.0,,,,,,,0.0,1.0,1.0,1.0,1.0,,1.0,0.0,0.0,0.0,1.0,,1.0,0.0,,,,0.0,0.0,,1.0,,,0.0,,,,1.0,0.0,,,1.0,1.0,,0.0,0.0,1.0,1.0,,1.0,,,0.0
Person_610,1.0,1.0,,,,1.0,1.0,1.0,,0.0,,,,0.0,1.0,,,,,,0.0,0.0,,0.0,0.0,0.0,0.0,0.0,1.0,0.0,0.0,,0.0,,,,0.0,1.0,,,1.0,,,,1.0,,1.0,0.0,1.0,
Person_611,0.0,0.0,0.0,0.0,,0.0,,,0.0,,0.0,,,,0.0,,0.0,,1.0,0.0,0.0,0.0,1.0,,1.0,0.0,0.0,0.0,,0.0,0.0,1.0,,0.0,0.0,,0.0,0.0,,0.0,,1.0,,,,,0.0,,,0.0
Person_612,,1.0,,0.0,,,1.0,0.0,1.0,1.0,,1.0,,1.0,,1.0,,0.0,,1.0,,1.0,,0.0,,1.0,1.0,1.0,1.0,1.0,0.0,1.0,,,1.0,,0.0,1.0,,,0.0,1.0,1.0,1.0,1.0,,,0.0,1.0,1.0
Person_613,,,,,1.0,0.0,1.0,1.0,1.0,1.0,,1.0,,,,1.0,0.0,0.0,1.0,,1.0,0.0,,0.0,0.0,,1.0,0.0,,,0.0,1.0,1.0,,,0.0,0.0,1.0,,1.0,1.0,0.0,,1.0,1.0,0.0,,1.0,0.0,0.0
Person_614,,,,0.0,1.0,1.0,,1.0,1.0,0.0,,,,,,0.0,,,0.0,,0.0,1.0,,,1.0,1.0,,,0.0,,0.0,1.0,,1.0,,1.0,,,0.0,1.0,1.0,,1.0,0.0,0.0,1.0,,,0.0,0.0
Person_615,,1.0,0.0,0.0,0.0,1.0,0.0,0.0,0.0,0.0,0.0,,,,0.0,0.0,0.0,,,1.0,,0.0,0.0,0.0,0.0,,,,,1.0,0.0,0.0,0.0,,0.0,,0.0,,1.0,,1.0,,0.0,0.0,1.0,,0.0,0.0,,0.0
Person_616,,1.0,1.0,0.0,0.0,,,,1.0,1.0,1.0,1.0,,1.0,,,,0.0,,1.0,,0.0,,0.0,1.0,,1.0,,,0.0,0.0,1.0,1.0,1.0,1.0,,0.0,,1.0,,1.0,0.0,,,,1.0,1.0,1.0,,1.0
Person_617,0.0,0.0,,,1.0,0.0,,1.0,0.0,0.0,0.0,,0.0,,,,0.0,0.0,1.0,,0.0,0.0,0.0,0.0,0.0,0.0,,0.0,0.0,,0.0,,,0.0,0.0,0.0,,0.0,1.0,,1.0,,0.0,,,0.0,0.0,,,
Person_618,0.0,0.0,0.0,0.0,,,1.0,,0.0,,0.0,,0.0,0.0,0.0,0.0,,0.0,0.0,,,,0.0,0.0,,0.0,0.0,0.0,0.0,,0.0,,0.0,,0.0,0.0,1.0,,,,0.0,1.0,0.0,1.0,0.0,0.0,,,,0.0
Person_619,0.0,,1.0,0.0,1.0,1.0,1.0,,,1.0,,1.0,,0.0,,,0.0,,,1.0,1.0,,1.0,,,1.0,0.0,,1.0,1.0,0.0,1.0,0.0,1.0,,1.0,1.0,,0.0,1.0,0.0,,1.0,,,1.0,,,0.0,0.0
Person_620,,0.0,,,1.0,,0.0,1.0,,1.0,,1.0,,0.0,0.0,,0.0,0.0,1.0,1.0,,1.0,1.0,,0.0,,,,,,0.0,,,1.0,,0.0,0.0,1.0,,0.0,,,0.0,0.0,0.0,,,1.0,,0.0
Person_621,0.0,1.0,0.0,,,1.0,,1.0,,0.0,,,0.0,,,,0.0,1.0,0.0,,,0.0,,0.0,,,0.0,,,1.0,0.0,,,1.0,1.0,0.0,,1.0,,1.0,0.0,1.0,0.0,1.0,1.0,,,0.0,0.0,
Person_622,1.0,1.0,0.0,0.0,1.0,,,0.0,,1.0,1.0,,0.0,1.0,1.0,1.0,,,,,1.0,,,,0.0,1.0,,1.0,,1.0,0.0,0.0,1.0,1.0,,1.0,,1.0,1.0,1.0,0.0,,1.0,1.0,,0.0,1.0,,,0.0
Person_623,,0.0,0.0,0.0,0.0,,,,,,,1.0,,1.0,0.0,,0.0,0.0,,0.0,0.0,0.0,1.0,0.0,0.0,0.0,,,,,,1.0,0.0,,,0.0,0.0,0.0,,0.0,,,1.0,0.0,0.0,,,,0.0,
Person_624,,1.0,,1.0,1.0,1.0,,,1.0,,1.0,,1.0,,,,1.0,,1.0,,0.0,1.0,,0.0,1.0,,0.0,0.0,,,0.0,,1.0,,1.0,0.0,1.0,,1.0,1.0,1.0,,1.0,,,0.0,,0.0,1.0,
Person_625,,1.0,,,1.0,1.0,,0.0,0.0,1.0,1.0,,,0.0,1.0,0.0,0.0,,1.0,,,1.0,,0.0,1.0,0.0,,1.0,1.0,1.0,,0.0,,,0.0,0.0,,0.0,,1.0,1.0,,0.0,0.0,1.0,,1.0,,,0.0
Person_626,,1.0,0.0,0.0,1.0,,0.0,0.0,1.0,,1.0,,1.0,,0.0,1.0,,,,1.0,1.0,0.0,0.0,0.0,,1.0,,,1.0,,,1.0,1.0,1.0,,,1.0,1.0,,0.0,1.0,1.0,1.0,0.0,1.0,,0.0,,,1.0
Person_627,1.0,1.0,0.0,,1.0,,,,,1.0,0.0,,,0.0,1.0,0.0,1.0,,,1.0,,1.0,,0.0,,,,0.0,1.0,1.0,0.0,,,1.0,,,,1.0,1.0,,1.0,,,,1.0,,0.0,,0.0,0.0
Person_628,,1.0,0.0,,,0.0,1.0,0.0,0.0,,0.0,,1.0,1.0,,1.0,1.0,1.0,,,,,1.0,,,0.0,0.0,0.0,,,,0.0,,,,,1.0,,0.0,1.0,,,1.0,,,1.0,,1.0,0.0,0.0
Person_629,0.0,1.0,,0.0,,,,0.0,1.0,,0.0,1.0,0.0,0.0,0.0,0.0,,,0.0,1.0,,0.0,0.0,0.0,,0.0,0.0,0.0,0.0,0.0,0.0,,0.0,0.0,0.0,,1.0,0.0,0.0,,,0.0,,,,,0.0,1.0,0.0,0.0
Person_630,0.0,,,,1.0,0.0,1.0,0.0,,,,,,1.0,1.0,1.0,,0.0,1.0,1.0,,1.0,,0.0,1.0,1.0,,,1.0,1.0,0.0,1.0,1.0,,,1.0,0.0,1.0,0.0,0.0,,1.0,1.0,,,0.0,0.0,0.0,0.0,0.0
Person_631,0.0,1.0,0.0,0.0,,,1.0,1.0,,0.0,1.0,0.0,0.0,0.0,0.0,0.0,0.0,,,1.0,1.0,0.0,,0.0,,,,,,,,,0.0,,1.0,,1.0,,0.0,0.0,0.0,0.0,1.0,,,1.0,0.0,1.0,,1.0
Person_632,,1.0,1.0,1.0,,0.0,1.0,0.0,0.0,1.0,0.0,1.0,0.0,0.0,0.0,1.0,0.0,,,1.0,,0.0,,,0.0,0.0,,0.0,,,0.0,1.0,1.0,1.0,1.0,,1.0,0.0,1.0,1.0,1.0,1.0,0.0,1.0,1.0,0.0,1.0,1.0,,0.0
Person_633,,1.0,,0.0,1.0,1.0,1.0,1.0,,1.0,,1.0,,,1.0,,1.0,,,1.0,,1.0,1.0,1.0,1.0,1.0,1.0,1.0,1.0,1.0,1.0,1.0,1.0,1.0,,1.0,,1.0,1.0,,,,,1.0,1.0,1.0,,1.0,,1.0
Person_634,1.0,,,0.0,1.0,,1.0,0.0,,,1.0,,1.0,,0.0,1.0,0.0,,0.0,1.0,0.0,0.0,1.0,0.0,,,0.0,,,,0.0,1.0,,1.0,1.0,0.0,1.0,,0.0,1.0,0.0,1.0,1.0,1.0,0.0,1.0,,,,1.0
Person_635,0.0,1.0,,,,,1.0,,,1.0,1.0,,1.0,0.0,,,1.0,,1.0,,0.0,0.0,,0.0,,0.0,0.0,0.0,1.0,0.0,1.0,,,1.0,1.0,0.0,1.0,0.0,0.0,0.0,1.0,0.0,1.0,0.0,,0.0,1.0,,0.0,0.0
Person_636,1.0,,0.0,0.0,,,1.0,1.0,1.0,,1.0,,,0.0,,1.0,1.0,,1.0,1.0,,,,1.0,1.0,1.0,1.0,1.0,,,1.0,,,0.0,1.0,0.0,,1.0,,,1.0,,1.0,1.0,,,1.0,1.0,,1.0
Person_637,1.0,1.0,,0.0,,1.0,0.0,,0.0,1.0,0.0,,0.0,,0.0,0.0,1.0,,,1.0,,0.0,1.0,1.0,1.0,,1.0,,1.0,1.0,0.0,1.0,0.0,1.0,,0.0,1.0,1.0,0.0,1.0,,1.0,,1.0,1.0,1.0,1.0,,0.0,1.0
Person_638,,0.0,0.0,0.0,0.0,0.0,0.0,0.0,0.0,0.0,0.0,0.0,0.0,0.0,,0.0,,,,0.0,0.0,0.0,0.0,0.0,,,0.0,,,0.0,0.0,0.0,,0.0,0.0,,0.0,0.0,0.0,0.0,,,0.0,,0.0,,,,,0.0
Person_639,1.0,1.0,1.0,1.0,1.0,,1.0,1.0,1.0,,1.0,1.0,,1.0,,1.0,1.0,1.0,,,0.0,1.0,,,,1.0,,,1.0,,,1.0,,,1.0,0.0,,1.0,,,1.0,,,,1.0,1.0,,1.0,,
Person_640,0.0,,0.0,,,0.0,,,0.0,0.0,,,0.0,0.0,0.0,0.0,0.0,1.0,1.0,0.0,0.0,0.0,,0.0,1.0,0.0,,,0.0,0.0,0.0,,0.0,0.0,0.0,0.0,,0.0,,0.0,0.0,0.0,0.0,0.0,0.0,,,0.0,0.0,0.0
Person_641,,1.0,0.0,0.0,1.0,,,1.0,1.0,1.0,,,0.0,1.0,0.0,1.0,0.0,,1.0,0.0,1.0,0.0,,0.0,0.0,1.0,1.0,1.0,,,0.0,1.0,,,,0.0,1.0,,1.0,1.0,,,1.0,,,,1.0,1.0,1.0,
Person_642,,1.0,0.0,,1.0,0.0,0.0,1.0,0.0,,1.0,,0.0,0.0,1.0,,,1.0,0.0,1.0,,0.0,,0.0,,,1.0,0.0,,,,,,,,,,0.0,1.0,0.0,,1.0,0.0,1.0,0.0,0.0,,1.0,,
Person_643,0.0,1.0,,0.0,1.0,,,,1.0,0.0,,,,,1.0,0.0,,,0.0,1.0,,1.0,1.0,,1.0,,1.0,1.0,1.0,1.0,0.0,1.0,,,1.0,,1.0,1.0,,1.0,0.0,,1.0,,,1.0,1.0,1.0,1.0,
Person_644,,,,0.0,1.0,,1.0,,1.0,1.0,1.0,,,1.0,,0.0,0.0,0.0,,1.0,,,0.0,,,1.0,0.0,1.0,0.0,0.0,0.0,1.0,,,,0.0,1.0,,1.0,,0.0,1.0,1.0,0.0,1.0,0.0,,1.0,,0.0
Person_645,0.0,1.0,1.0,1.0,0.0,,1.0,,1.0,1.0,1.0,,1.0,,,1.0,0.0,1.0,1.0,1.0,1.0,,1.0,1.0,1.0,1.0,,1.0,,1.0,1.0,1.0,1.0,,1.0,1.0,,,1.0,1.0,1.0,,1.0,,1.0,,,1.0,1.0,1.0
Person_646,1.0,1.0,1.0,1.0,1.0,1.0,1.0,1.0,1.0,1.0,1.0,,1.0,,0.0,1.0,,,,,1.0,,,,1.0,1.0,,0.0,,1.0,,1.0,,,1.0,1.0,1.0,1.0,1.0,,1.0,1.0,1.0,1.0,1.0,,0.0,1.0,,0.0
Person_647,0.0,1.0,1.0,0.0,,1.0,,1.0,1.0,1.0,1.0,,1.0,1.0,1.0,0.0,1.0,1.0,,1.0,,0.0,1.0,0.0,1.0,1.0,1.0,,1.0,1.0,0.0,1.0,,,1.0,,1.0,,,,,,1.0,1.0,,1.0,1.0,,1.0,1.0
Person_648,,,0.0,1.0,,0.0,,,1.0,,1.0,0.0,1.0,0.0,0.0,0.0,0.0,,1.0,1.0,0.0,0.0,1.0,0.0,,1.0,,0.0,,1.0,0.0,1.0,,1.0,0.0,0.0,1.0,,0.0,1.0,1.0,0.0,,,,,1.0,,0.0,1.0
Person_649,1.0,,0.0,1.0,1.0,,1.0,0.0,1.0,0.0,,1.0,0.0,0.0,0.0,0.0,,0.0,,,,,,1.0,,1.0,,,,1.0,0.0,0.0,,,1.0,,,,0.0,0.0,0.0,,1.0,,,1.0,0.0,,,
Person_650,,1.0,,0.0,1.0,,1.0,1.0,1.0,,,1.0,1.0,,0.0,0.0,1.0,1.0,,1.0,1.0,,,0.0,1.0,,,,1.0,1.0,1.0,,,,,,1.0,1.0,1.0,,1.0,0.0,,1.0,1.0,1.0,,1.0,,1.0
Person_651,,0.0,0.0,,1.0,0.0,0.0,0.0,,0.0,1.0,,0.0,0.0,,0.0,,,0.0,0.0,0.0,0.0,0.0,,0.0,0.0,0.0,0.0,,,0.0,1.0,0.0,0.0,0.0,,,0.0,,,0.0,0.0,,,,0.0,0.0,0.0,0.0,0.0
Person_652,1.0,,1.0,,1.0,1.0,1.0,,,1.0,1.0,,,,,0.0,,,1.0,1.0,1.0,1.0,,,1.0,1.0,1.0,,,,,,1.0,1.0,1.0,0.0,1.0,1.0,1.0,0.0,1.0,,,0.0,0.0,,0.0,,0.0,
Person_653,,1.0,0.0,0.0,,0.0,1.0,1.0,0.0,,,,0.0,1.0,,0.0,0.0,1.0,1.0,1.0,1.0,1.0,1.0,,1.0,1.0,0.0,1.0,1.0,0.0,,1.0,0.0,1.0,,,0.0,,,,0.0,1.0,,0.0,1.0,1.0,0.0,1.0,0.0,
Person_654,1.0,,,,1.0,,1.0,1.0,,0.0,,1.0,0.0,0.0,0.0,,0.0,0.0,1.0,0.0,1.0,0.0,,0.0,,0.0,0.0,1.0,,,0.0,1.0,0.0,1.0,,0.0,0.0,,0.0,,1.0,1.0,0.0,,1.0,,0.0,1.0,0.0,
Person_655,1.0,,,,0.0,1.0,,,,,1.0,,,1.0,1.0,0.0,,1.0,1.0,1.0,1.0,1.0,1.0,0.0,,1.0,,1.0,,1.0,,1.0,1.0,1.0,0.0,,1.0,,,,1.0,,1.0,,1.0,1.0,1.0,,1.0,1.0
Person_656,0.0,1.0,,1.0,,1.0,1.0,,1.0,,1.0,1.0,,1.0,1.0,,0.0,,,,0.0,1.0,1.0,1.0,0.0,1.0,1.0,1.0,1.0,,,1.0,1.0,,1.0,0.0,1.0,1.0,1.0,,,1.0,1.0,1.0,1.0,1.0,1.0,1.0,1.0,0.0
Person_657,0.0,,0.0,,0.0,,,0.0,,,,,,0.0,,0.0,0.0,0.0,0.0,,,0.0,,,0.0,0.0,0.0,0.0,0.0,,0.0,,,0.0,0.0,,0.0,,0.0,,0.0,,0.0,1.0,,,0.0,,0.0,
Person_658,,,,0.0,1.0,1.0,,1.0,,,1.0,1.0,1.0,,1.0,0.0,0.0,1.0,1.0,,1.0,1.0,,,1.0,1.0,,1.0,0.0,,,1.0,,1.0,1.0,,1.0,,0.0,,,,1.0,1.0,,1.0,0.0,1.0,,0.0
Person_659,1.0,1.0,1.0,,,,1.0,,1.0,0.0,1.0,,1.0,0.0,1.0,1.0,,,1.0,,1.0,,0.0,,,,1.0,1.0,,,0.0,1.0,,,1.0,0.0,,,1.0,1.0,,,,1.0,1.0,,1.0,,1.0,1.0
Person_660,0.0,0.0,0.0,,1.0,1.0,1.0,0.0,,,0.0,0.0,0.0,1.0,,0.0,0.0,0.0,0.0,1.0,0.0,,0.0,,0.0,,0.0,0.0,0.0,0.0,1.0,1.0,1.0,1.0,,0.0,0.0,0.0,0.0,,0.0,1.0,0.0,1.0,,0.0,1.0,1.0,0.0,
Person_661,,1.0,1.0,,,0.0,,,1.0,,,1.0,,,1.0,1.0,1.0,1.0,1.0,1.0,,1.0,1.0,1.0,,,1.0,1.0,1.0,,1.0,,1.0,1.0,1.0,,,,1.0,1.0,,1.0,1.0,,,1.0,1.0,,,
Person_662,,,1.0,1.0,0.0,0.0,1.0,0.0,1.0,0.0,1.0,1.0,1.0,,,0.0,,0.0,1.0,1.0,,,1.0,,,1.0,,1.0,1.0,1.0,,1.0,1.0,,1.0,0.0,1.0,1.0,0.0,,,1.0,1.0,1.0,0.0,,0.0,0.0,1.0,0.0
Person_663,1.0,0.0,0.0,,0.0,0.0,1.0,1.0,0.0,1.0,1.0,,1.0,1.0,1.0,1.0,1.0,1.0,1.0,1.0,1.0,0.0,,,1.0,0.0,1.0,0.0,1.0,1.0,,,0.0,1.0,,,,1.0,1.0,1.0,1.0,0.0,0.0,1.0,1.0,,1.0,1.0,1.0,1.0
Person_664,,,0.0,0.0,1.0,0.0,,0.0,,,1.0,,,0.0,0.0,,1.0,0.0,1.0,,1.0,1.0,,,,1.0,,,,1.0,0.0,1.0,,0.0,,,0.0,,,1.0,1.0,,1.0,1.0,,,,0.0,0.0,1.0
Person_665,1.0,,1.0,0.0,1.0,1.0,1.0,1.0,,1.0,,,,1.0,,,0.0,1.0,,1.0,,0.0,1.0,1.0,1.0,,1.0,1.0,1.0,,,,0.0,1.0,,,,,0.0,,0.0,,1.0,1.0,1.0,,1.0,,1.0,
Person_666,1.0,1.0,1.0,1.0,,,,,,1.0,1.0,,0.0,1.0,0.0,1.0,0.0,,1.0,1.0,0.0,,1.0,,1.0,1.0,0.0,,1.0,1.0,1.0,1.0,1.0,,1.0,,,,1.0,1.0,,,1.0,,,1.0,1.0,1.0,1.0,
Person_667,,,0.0,0.0,1.0,,0.0,0.0,0.0,0.0,0.0,0.0,0.0,0.0,,0.0,0.0,1.0,,1.0,,0.0,0.0,0.0,0.0,,0.0,0.0,,1.0,0.0,1.0,0.0,0.0,0.0,0.0,0.0,,1.0,0.0,0.0,,,1.0,,,0.0,,,0.0
Person_668,1.0,1.0,,1.0,1.0,1.0,1.0,1.0,1.0,,,1.0,,1.0,0.0,1.0,1.0,1.0,,,1.0,1.0,,,1.0,1.0,1.0,1.0,1.0,1.0,1.0,1.0,1.0,0.0,0.0,1.0,1.0,1.0,,0.0,1.0,1.0,1.0,1.0,1.0,1.0,0.0,1.0,0.0,1.0
Person_669,1.0,1.0,0.0,0.0,,1.0,0.0,1.0,,1.0,,1.0,0.0,,0.0,0.0,,0.0,0.0,,0.0,1.0,,0.0,,1.0,,1.0,1.0,1.0,0.0,,1.0,1.0,0.0,0.0,,1.0,,,0.0,,0.0,,,,,,0.0,1.0
Person_670,,1.0,0.0,0.0,1.0,0.0,,1.0,1.0,1.0,1.0,1.0,1.0,1.0,0.0,1.0,0.0,,1.0,,1.0,,,1.0,1.0,1.0,1.0,0.0,1.0,1.0,0.0,,0.0,1.0,,,1.0,1.0,0.0,1.0,,1.0,1.0,,1.0,0.0,1.0,,1.0,1.0
Person_671,0.0,1.0,0.0,0.0,1.0,,1.0,,,1.0,0.0,,0.0,0.0,,,,0.0,1.0,0.0,,,0.0,0.0,0.0,1.0,,1.0,1.0,,0.0,1.0,,1.0,0.0,,1.0,0.0,0.0,,1.0,,0.0,1.0,1.0,0.0,1.0,,1.0,0.0
Person_672,1.0,1.0,,,,0.0,,1.0,,0.0,,,1.0,0.0,,,0.0,0.0,1.0,0.0,0.0,0.0,0.0,0.0,1.0,0.0,1.0,,1.0,,0.0,,0.0,,1.0,,1.0,,1.0,1.0,1.0,,0.0,0.0,,,1.0,,,1.0
Person_673,1.0,1.0,,0.0,1.0,,,0.0,,,1.0,0.0,0.0,0.0,0.0,,0.0,,1.0,1.0,,,,,0.0,,,,0.0,,0.0,0.0,0.0,,0.0,0.0,,0.0,0.0,,0.0,,0.0,,1.0,,,0.0,0.0,0.0
Person_674,,,0.0,0.0,1.0,1.0,,1.0,,,0.0,,0.0,,,1.0,,0.0,0.0,,0.0,,,0.0,1.0,,1.0,,,,,0.0,1.0,0.0,0.0,0.0,1.0,0.0,0.0,1.0,,0.0,,0.0,1.0,0.0,0.0,,,0.0
Person_675,0.0,,,,1.0,0.0,1.0,0.0,0.0,,0.0,0.0,0.0,,0.0,0.0,,,,0.0,0.0,0.0,,,0.0,,0.0,0.0,0.0,1.0,,0.0,0.0,,,0.0,0.0,1.0,1.0,,0.0,,,0.0,1.0,,,1.0,0.0,0.0
Person_676,,0.0,,0.0,0.0,1.0,,0.0,,0.0,1.0,,,0.0,,,0.0,,,0.0,1.0,,1.0,,0.0,,1.0,,0.0,,,,0.0,,,0.0,,,0.0,,,,0.0,1.0,0.0,0.0,0.0,0.0,0.0,
Person_677,1.0,,1.0,0.0,1.0,,1.0,1.0,1.0,1.0,,1.0,,,,,0.0,1.0,,1.0,1.0,1.0,1.0,0.0,1.0,,1.0,1.0,0.0,,0.0,,0.0,1.0,,,1.0,0.0,,,1.0,1.0,1.0,,,0.0,,1.0,0.0,1.0
Person_678,1.0,1.0,,,,0.0,1.0,1.0,1.0,1.0,,1.0,0.0,,1.0,0.0,0.0,1.0,,1.0,0.0,1.0,,0.0,0.0,,0.0,,1.0,1.0,0.0,1.0,0.0,,1.0,0.0,,,,0.0,,,,1.0,1.0,,,1.0,0.0,
Person_679,0.0,,1.0,1.0,1.0,,1.0,1.0,1.0,1.0,1.0,,0.0,,,0.0,0.0,1.0,,1.0,,1.0,,0.0,0.0,,0.0,1.0,1.0,1.0,,1.0,,,,0.0,,,0.0,,,1.0,1.0,0.0,1.0,1.0,,,1.0,
Person_680,0.0,0.0,0.0,0.0,1.0,0.0,0.0,0.0,,,0.0,,,0.0,0.0,,0.0,0.0,0.0,0.0,1.0,0.0,,,0.0,0.0,0.0,0.0,0.0,,0.0,0.0,0.0,0.0,,0.0,0.0,0.0,0.0,,0.0,1.0,1.0,0.0,,0.0,,,,0.0
Person_681,1.0,1.0,,1.0,1.0,,1.0,1.0,1.0,1.0,,1.0,1.0,,1.0,,,0.0,,,,1.0,,0.0,1.0,1.0,1.0,1.0,1.0,1.0,1.0,1.0,,,1.0,0.0,1.0,0.0,1.0,1.0,1.0,,,1.0,1.0,,,,1.0,
Person_682,,,0.0,,1.0,0.0,0.0,0.0,0.0,0.0,,0.0,0.0,0.0,,,,,,,1.0,0.0,,,0.0,1.0,,0.0,0.0,,0.0,1.0,,1.0,0.0,0.0,0.0,0.0,,1.0,0.0,0.0,,1.0,,0.0,1.0,,,
Person_683,1.0,1.0,1.0,0.0,1.0,,1.0,0.0,1.0,1.0,1.0,1.0,1.0,,,1.0,,,1.0,1.0,,1.0,,1.0,,,,1.0,1.0,,0.0,1.0,1.0,1.0,1.0,1.0,,,1.0,1.0,0.0,,,1.0,,0.0,,,0.0,
Person_684,,,0.0,,,1.0,1.0,0.0,,1.0,1.0,,0.0,,0.0,1.0,0.0,1.0,,1.0,0.0,,0.0,0.0,0.0,,,,,0.0,,0.0,,,,0.0,1.0,0.0,1.0,1.0,,1.0,0.0,1.0,,0.0,0.0,1.0,,1.0
Person_685,1.0,0.0,,0.0,1.0,0.0,1.0,1.0,1.0,,1.0,,0.0,0.0,1.0,1.0,,0.0,1.0,,0.0,,1.0,,0.0,,,1.0,1.0,1.0,1.0,,1.0,,1.0,1.0,1.0,1.0,,,,1.0,1.0,,1.0,,1.0,,0.0,1.0
Person_686,0.0,0.0,,0.0,0.0,0.0,0.0,,,1.0,0.0,0.0,0.0,,0.0,,,0.0,0.0,0.0,0.0,0.0,0.0,0.0,0.0,1.0,0.0,,,0.0,,0.0,1.0,,0.0,0.0,0.0,0.0,1.0,0.0,,0.0,,0.0,0.0,0.0,0.0,,0.0,0.0
Person_687,,1.0,,0.0,,0.0,,,,1.0,,1.0,,,1.0,1.0,,0.0,,1.0,,,1.0,,,1.0,,,0.0,0.0,,1.0,,,,0.0,,0.0,0.0,,,,1.0,,1.0,0.0,1.0,1.0,0.0,
Person_688,,,1.0,,0.0,,0.0,0.0,1.0,1.0,1.0,,0.0,,,0.0,1.0,,1.0,1.0,,,0.0,0.0,1.0,,0.0,0.0,0.0,1.0,1.0,1.0,0.0,1.0,0.0,0.0,1.0,1.0,,,0.0,1.0,,,1.0,,,,,
Person_689,0.0,0.0,,,1.0,1.0,,0.0,0.0,1.0,0.0,,0.0,1.0,0.0,0.0,,0.0,0.0,,0.0,,1.0,,0.0,0.0,,0.0,0.0,,,0.0,,0.0,,,0.0,,0.0,0.0,,0.0,0.0,0.0,0.0,,1.0,,,0.0
Person_690,0.0,1.0,,,0.0,,,0.0,1.0,0.0,,1.0,0.0,0.0,1.0,0.0,1.0,0.0,,1.0,0.0,0.0,1.0,,,0.0,,0.0,,1.0,0.0,,,1.0,0.0,,0.0,,0.0,0.0,0.0,0.0,,1.0,1.0,0.0,0.0,,,
Person_691,0.0,1.0,0.0,1.0,,0.0,0.0,,,,,1.0,,,,0.0,0.0,0.0,,0.0,,,0.0,1.0,0.0,1.0,,1.0,1.0,,0.0,,0.0,,1.0,0.0,,0.0,1.0,0.0,0.0,0.0,0.0,1.0,,0.0,,0.0,0.0,0.0
Person_692,,,0.0,,,1.0,1.0,0.0,,1.0,,,1.0,1.0,,,,0.0,,1.0,,1.0,1.0,0.0,,0.0,,,,1.0,,1.0,1.0,,1.0,0.0,,,,,1.0,1.0,1.0,1.0,1.0,1.0,0.0,,1.0,
Person_693,,,1.0,0.0,1.0,0.0,0.0,0.0,1.0,1.0,,1.0,0.0,,0.0,,0.0,,,,0.0,,1.0,0.0,,,1.0,1.0,1.0,,1.0,,1.0,,1.0,,,1.0,1.0,,,0.0,,1.0,,0.0,0.0,0.0,,
Person_694,1.0,,,,,1.0,1.0,1.0,1.0,1.0,1.0,,1.0,1.0,1.0,1.0,1.0,,,1.0,1.0,,,,1.0,0.0,1.0,1.0,,,,1.0,1.0,1.0,,1.0,1.0,,1.0,1.0,1.0,1.0,1.0,1.0,1.0,1.0,1.0,,,1.0
Person_695,,1.0,,1.0,1.0,,1.0,1.0,1.0,0.0,0.0,1.0,1.0,,0.0,,0.0,1.0,1.0,0.0,,,,0.0,0.0,0.0,0.0,,1.0,1.0,1.0,1.0,1.0,1.0,,,1.0,,,1.0,1.0,0.0,1.0,,1.0,,1.0,,,
Person_696,,,0.0,0.0,,0.0,0.0,0.0,0.0,0.0,,0.0,0.0,0.0,0.0,0.0,0.0,,1.0,1.0,0.0,0.0,,1.0,0.0,,0.0,,1.0,0.0,,,1.0,1.0,,,0.0,0.0,,0.0,,,,0.0,,0.0,0.0,,,0.0
Person_697,0.0,1.0,,0.0,0.0,1.0,1.0,,1.0,,,,1.0,0.0,,0.0,,1.0,,1.0,,1.0,,0.0,1.0,1.0,0.0,1.0,,,0.0,0.0,,1.0,,0.0,,1.0,0.0,1.0,,1.0,,1.0,0.0,,0.0,,0.0,1.0
Person_698,,1.0,,,1.0,0.0,,,0.0,0.0,1.0,0.0,,,0.0,,,0.0,,0.0,0.0,1.0,,,,0.0,,0.0,0.0,0.0,1.0,1.0,,0.0,,0.0,,0.0,,0.0,0.0,0.0,1.0,,,0.0,,0.0,0.0,
Person_699,,,1.0,0.0,1.0,1.0,,1.0,1.0,1.0,,,1.0,1.0,,1.0,1.0,,1.0,1.0,1.0,,1.0,,1.0,1.0,,1.0,,1.0,1.0,1.0,1.0,1.0,1.0,1.0,1.0,,1.0,,,,1.0,1.0,,1.0,,,,
Person_700,0.0,1.0,,1.0,,0.0,,1.0,1.0,0.0,1.0,,1.0,,0.0,,,0.0,1.0,1.0,0.0,,0.0,1.0,,1.0,0.0,,,1.0,0.0,1.0,,,,1.0,1.0,,,1.0,1.0,1.0,,1.0,1.0,,1.0,1.0,,
Person_701,0.0,,,0.0,,,,,0.0,,1.0,0.0,,0.0,0.0,,,0.0,0.0,1.0,0.0,0.0,0.0,,0.0,0.0,,0.0,0.0,,,0.0,0.0,0.0,0.0,,0.0,,,,,1.0,0.0,0.0,0.0,,,0.0,0.0,0.0
Person_702,1.0,,0.0,,1.0,,,,1.0,1.0,,1.0,,1.0,,1.0,,,1.0,,,1.0,,0.0,1.0,,1.0,1.0,,1.0,,,1.0,1.0,,1.0,1.0,,1.0,1.0,,,1.0,0.0,,1.0,1.0,,,1.0
Person_703,0.0,1.0,1.0,,1.0,,,1.0,0.0,1.0,1.0,,1.0,0.0,,,1.0,,,,0.0,,1.0,0.0,,0.0,1.0,1.0,1.0,,,,,,,0.0,0.0,,1.0,,,1.0,,0.0,,,0.0,1.0,0.0,
Person_704,,1.0,0.0,,1.0,0.0,0.0,,1.0,0.0,,1.0,1.0,0.0,,0.0,1.0,0.0,1.0,1.0,,0.0,0.0,0.0,,,1.0,,,,,1.0,0.0,1.0,1.0,,,0.0,,,0.0,0.0,,1.0,,0.0,0.0,1.0,0.0,1.0
Person_705,0.0,,,,1.0,,1.0,,0.0,1.0,1.0,1.0,1.0,,0.0,,1.0,0.0,1.0,1.0,0.0,,,1.0,0.0,1.0,1.0,,1.0,,,1.0,0.0,,1.0,1.0,1.0,,1.0,,1.0,0.0,,,1.0,,,0.0,1.0,1.0
Person_706,,,1.0,1.0,1.0,,1.0,1.0,,,1.0,1.0,,,,1.0,1.0,0.0,1.0,1.0,1.0,0.0,,1.0,,1.0,,,1.0,1.0,0.0,1.0,,1.0,,,0.0,1.0,1.0,,0.0,1.0,1.0,,1.0,1.0,1.0,,,
Person_707,0.0,,1.0,,,,,0.0,,,0.0,,,1.0,0.0,0.0,0.0,0.0,,,,,,,0.0,0.0,0.0,,1.0,,,1.0,0.0,,0.0,0.0,0.0,,1.0,,0.0,,1.0,0.0,0.0,,1.0,1.0,0.0,0.0
Person_708,0.0,1.0,0.0,1.0,,,1.0,,1.0,1.0,1.0,,,1.0,,1.0,,1.0,1.0,1.0,,,,1.0,0.0,1.0,1.0,0.0,1.0,,0.0,1.0,1.0,,,,1.0,0.0,,1.0,1.0,1.0,1.0,1.0,,,,,0.0,
Person_709,,1.0,,1.0,,,1.0,0.0,1.0,,,,1.0,1.0,1.0,,,0.0,1.0,,1.0,,1.0,,,,1.0,1.0,1.0,1.0,1.0,,,,,1.0,1.0,,1.0,1.0,,0.0,,1.0,1.0,0.0,0.0,1.0,,1.0
Person_710,1.0,1.0,0.0,,,0.0,1.0,0.0,0.0,,,1.0,,1.0,1.0,0.0,0.0,1.0,,1.0,0.0,0.0,1.0,0.0,1.0,1.0,,0.0,1.0,,0.0,,0.0,,,0.0,1.0,0.0,0.0,1.0,1.0,1.0,,,1.0,1.0,1.0,0.0,,
Person_711,,0.0,,0.0,1.0,0.0,0.0,0.0,,,,1.0,,,1.0,,0.0,,1.0,1.0,,0.0,0.0,0.0,,,0.0,0.0,,0.0,0.0,,,,0.0,0.0,1.0,0.0,0.0,,,1.0,0.0,1.0,0.0,0.0,0.0,,0.0,0.0
Person_712,,,,,,1.0,1.0,,1.0,1.0,,1.0,0.0,0.0,0.0,0.0,1.0,,,1.0,0.0,,,1.0,1.0,,,1.0,0.0,0.0,,1.0,1.0,0.0,0.0,,,0.0,,,1.0,0.0,1.0,,,,1.0,1.0,0.0,0.0
Person_713,0.0,0.0,,,1.0,0.0,1.0,,0.0,,,,,0.0,,1.0,0.0,0.0,1.0,0.0,0.0,0.0,,,0.0,0.0,1.0,0.0,,,0.0,,,0.0,,0.0,1.0,0.0,0.0,,,0.0,0.0,1.0,0.0,,,0.0,1.0,0.0
Person_714,,1.0,,0.0,1.0,,,1.0,1.0,1.0,1.0,1.0,,,0.0,0.0,0.0,,,1.0,1.0,,,,0.0,,,0.0,0.0,,0.0,1.0,,1.0,1.0,0.0,0.0,,1.0,1.0,1.0,,,1.0,1.0,0.0,,1.0,0.0,
Person_715,,,0.0,0.0,0.0,0.0,1.0,0.0,1.0,0.0,1.0,1.0,0.0,,0.0,1.0,0.0,,1.0,,0.0,1.0,,,0.0,1.0,1.0,1.0,,1.0,0.0,,,0.0,0.0,,,,1.0,,,,,,1.0,0.0,0.0,1.0,0.0,0.0
Person_716,,,1.0,0.0,,1.0,1.0,1.0,1.0,1.0,1.0,,1.0,1.0,1.0,0.0,0.0,,1.0,,1.0,,,0.0,0.0,1.0,0.0,1.0,,1.0,,,1.0,1.0,,0.0,0.0,1.0,1.0,,1.0,1.0,,1.0,1.0,,,1.0,,1.0
Person_717,,0.0,,0.0,0.0,,1.0,,,,,1.0,0.0,0.0,,0.0,0.0,0.0,1.0,1.0,0.0,,0.0,0.0,0.0,,0.0,1.0,0.0,0.0,0.0,0.0,0.0,,,0.0,0.0,0.0,,1.0,,0.0,,1.0,,0.0,0.0,0.0,0.0,
Person_718,,1.0,,0.0,1.0,1.0,,1.0,1.0,,1.0,,,,,,,,1.0,,1.0,1.0,,1.0,1.0,1.0,1.0,,0.0,1.0,1.0,,,1.0,,1.0,,0.0,,1.0,1.0,1.0,1.0,1.0,,,,,1.0,1.0
Person_719,0.0,1.0,1.0,0.0,,,,0.0,0.0,,1.0,,0.0,,0.0,,1.0,,,1.0,1.0,,,1.0,0.0,0.0,0.0,0.0,,0.0,,1.0,0.0,0.0,1.0,1.0,,1.0,,,,0.0,,,0.0,,,1.0,,0.0
Person_720,,1.0,1.0,1.0,1.0,0.0,,,1.0,,,1.0,,,,0.0,0.0,0.0,1.0,1.0,0.0,0.0,1.0,,1.0,,0.0,,,1.0,,0.0,,1.0,,0.0,0.0,,1.0,,,1.0,,1.0,,1.0,,1.0,,1.0
Person_721,0.0,1.0,0.0,0.0,1.0,0.0,0.0,,1.0,,1.0,0.0,0.0,1.0,,1.0,0.0,0.0,0.0,,,0.0,,1.0,0.0,1.0,0.0,1.0,0.0,,0.0,,,1.0,1.0,0.0,0.0,,0.0,1.0,,,,1.0,,1.0,0.0,0.0,1.0,0.0
Person_722,,,,1.0,,1.0,1.0,,1.0,1.0,1.0,1.0,1.0,1.0,1.0,,1.0,1.0,1.0,1.0,1.0,1.0,,1.0,1.0,1.0,,1.0,,1.0,0.0,,0.0,1.0,1.0,,1.0,,,1.0,1.0,1.0,1.0,1.0,,,,1.0,,1.0
Person_723,,1.0,,,,1.0,,,,1.0,0.0,,,,,,0.0,,,1.0,1.0,0.0,,0.0,,1.0,,,1.0,1.0,1.0,,0.0,,,0.0,0.0,0.0,1.0,,0.0,,1.0,,,1.0,,1.0,1.0,1.0
Person_724,,1.0,1.0,,1.0,1.0,,1.0,0.0,,1.0,1.0,,,1.0,,,1.0,1.0,,1.0,0.0,1.0,,1.0,1.0,1.0,1.0,,1.0,1.0,1.0,1.0,,1.0,1.0,,0.0,,1.0,1.0,,,1.0,1.0,1.0,,0.0,1.0,
Person_725,1.0,1.0,,,1.0,1.0,1.0,0.0,1.0,1.0,,1.0,,0.0,,,1.0,1.0,1.0,1.0,1.0,,,0.0,1.0,,1.0,,1.0,1.0,0.0,,0.0,,0.0,,1.0,,,1.0,1.0,0.0,1.0,1.0,,,1.0,0.0,,1.0
Person_726,1.0,0.0,0.0,,1.0,1.0,,,,,1.0,1.0,,0.0,,,0.0,0.0,1.0,1.0,0.0,,1.0,,0.0,,,0.0,,0.0,0.0,1.0,,,1.0,0.0,0.0,0.0,1.0,,0.0,0.0,1.0,,,0.0,0.0,0.0,,0.0
Person_727,1.0,1.0,1.0,,1.0,0.0,,,1.0,0.0,0.0,1.0,,,0.0,,0.0,0.0,1.0,,,0.0,0.0,,0.0,0.0,1.0,0.0,1.0,,0.0,,0.0,1.0,0.0,0.0,0.0,0.0,,,,0.0,,,1.0,,0.0,1.0,0.0,0.0
Person_728,,,0.0,0.0,1.0,0.0,1.0,0.0,,1.0,1.0,1.0,1.0,1.0,1.0,,,,1.0,,,0.0,1.0,,,1.0,0.0,,1.0,,,1.0,1.0,,,0.0,0.0,1.0,,,1.0,0.0,,1.0,,,,1.0,1.0,0.0
Person_729,0.0,1.0,,0.0,,0.0,1.0,,,1.0,,,0.0,,,,,,,0.0,,0.0,0.0,0.0,0.0,0.0,,1.0,,,,,0.0,1.0,1.0,,1.0,1.0,1.0,1.0,1.0,1.0,,1.0,,0.0,,,0.0,0.0
Person_730,0.0,1.0,,,1.0,0.0,,0.0,1.0,,0.0,0.0,0.0,,,0.0,0.0,0.0,0.0,0.0,,0.0,1.0,0.0,,0.0,,,1.0,0.0,,,0.0,1.0,,,,,0.0,,,0.0,,0.0,0.0,0.0,0.0,,0.0,
Person_731,0.0,,,0.0,0.0,,0.0,,0.0,0.0,,0.0,,0.0,0.0,,0.0,,,0.0,,0.0,,0.0,,0.0,,,0.0,0.0,1.0,,,0.0,1.0,,,0.0,0.0,0.0,0.0,0.0,,,,0.0,0.0,,,0.0
Person_732,,1.0,1.0,,1.0,,,0.0,,,1.0,,0.0,,0.0,0.0,,0.0,1.0,0.0,1.0,0.0,1.0,0.0,,,1.0,1.0,,1.0,0.0,,0.0,,1.0,,,0.0,1.0,0.0,,,0.0,,1.0,,,1.0,0.0,
Person_733,,,0.0,,,0.0,,0.0,,0.0,,0.0,0.0,,,,,0.0,,,,,,1.0,0.0,1.0,0.0,,1.0,0.0,,1.0,,1.0,,0.0,1.0,,,0.0,1.0,0.0,1.0,,1.0,0.0,,0.0,0.0,
Person_734,,,0.0,0.0,1.0,,1.0,0.0,1.0,,1.0,1.0,,,0.0,0.0,0.0,0.0,1.0,,0.0,,0.0,,1.0,1.0,0.0,,,,1.0,1.0,,1.0,,,0.0,,0.0,,1.0,,1.0,,,,1.0,,0.0,1.0
Person_735,,1.0,,0.0,,1.0,,,,,,1.0,1.0,1.0,0.0,0.0,,,1.0,,0.0,0.0,1.0,,0.0,,0.0,,,,0.0,1.0,,,0.0,0.0,0.0,0.0,,0.0,0.0,1.0,0.0,1.0,0.0,0.0,,0.0,1.0,0.0
Person_736,0.0,1.0,,,,,0.0,0.0,0.0,0.0,0.0,,,,,0.0,1.0,,1.0,,0.0,,0.0,,1.0,0.0,0.0,,1.0,,0.0,,,0.0,,0.0,0.0,1.0,,,1.0,1.0,0.0,1.0,1.0,,0.0,,0.0,0.0
Person_737,1.0,1.0,,1.0,1.0,1.0,,1.0,1.0,,,,,0.0,1.0,,1.0,,1.0,1.0,,,1.0,1.0,1.0,0.0,1.0,1.0,1.0,1.0,1.0,1.0,1.0,,,1.0,,1.0,1.0,,,,1.0,1.0,1.0,,,1.0,0.0,
Person_738,0.0,0.0,1.0,0.0,0.0,0.0,,,1.0,0.0,0.0,,,0.0,0.0,,0.0,,0.0,0.0,,,0.0,,0.0,0.0,,0.0,0.0,0.0,0.0,0.0,0.0,,,0.0,0.0,,,,0.0,0.0,,1.0,0.0,0.0,,,,0.0
Person_739,,,0.0,,,,1.0,1.0,1.0,1.0,1.0,1.0,,,1.0,0.0,,1.0,1.0,1.0,,0.0,0.0,,1.0,0.0,,0.0,1.0,,1.0,1.0,,,1.0,0.0,,,,,,1.0,1.0,1.0,,1.0,,1.0,,0.0
Person_740,1.0,,,0.0,1.0,,1.0,,,1.0,0.0,1.0,1.0,0.0,0.0,,0.0,0.0,,,1.0,0.0,0.0,0.0,0.0,,1.0,1.0,1.0,0.0,0.0,,1.0,1.0,,1.0,,,1.0,0.0,1.0,,,,,0.0,,,0.0,0.0
Person_741,0.0,,0.0,0.0,,,1.0,1.0,0.0,1.0,1.0,1.0,,1.0,1.0,1.0,0.0,,0.0,1.0,0.0,1.0,,0.0,,,1.0,0.0,0.0,,0.0,,0.0,,1.0,0.0,,,0.0,0.0,,,1.0,1.0,1.0,,0.0,1.0,0.0,
Person_742,0.0,,1.0,,,,1.0,,1.0,,,1.0,1.0,0.0,,1.0,,,1.0,1.0,,1.0,,,1.0,,1.0,,,,1.0,,,1.0,,1.0,0.0,,1.0,,,,1.0,1.0,1.0,,0.0,,1.0,0.0
Person_743,,,,,0.0,0.0,,0.0,0.0,,0.0,,0.0,,0.0,0.0,,,0.0,0.0,0.0,,,,,,0.0,,,0.0,,0.0,,0.0,,0.0,,,,,,0.0,,0.0,0.0,0.0,,,,
Person_744,0.0,,1.0,0.0,,,1.0,1.0,,,1.0,1.0,1.0,,1.0,0.0,,0.0,1.0,,1.0,1.0,,0.0,0.0,0.0,,0.0,1.0,1.0,0.0,1.0,,1.0,,,1.0,0.0,1.0,1.0,,0.0,1.0,,1.0,,0.0,1.0,,1.0
Person_745,,0.0,0.0,0.0,,,1.0,0.0,1.0,0.0,0.0,1.0,0.0,0.0,0.0,,0.0,,0.0,,0.0,,0.0,,0.0,,0.0,,0.0,0.0,,0.0,0.0,1.0,0.0,0.0,,,0.0,,,0.0,0.0,,1.0,,0.0,0.0,,0.0
Person_746,0.0,,,1.0,1.0,,,,,,1.0,1.0,0.0,0.0,,0.0,,0.0,1.0,1.0,,,,,0.0,0.0,0.0,,0.0,1.0,,1.0,0.0,1.0,,,0.0,0.0,1.0,1.0,,,0.0,1.0,1.0,,0.0,0.0,0.0,
Person_747,0.0,0.0,,,1.0,,,,0.0,0.0,,1.0,1.0,,0.0,0.0,0.0,0.0,,0.0,,0.0,0.0,,0.0,0.0,0.0,,0.0,,0.0,,0.0,,,0.0,0.0,0.0,0.0,0.0,,1.0,,0.0,,,,,0.0,0.0
Person_748,0.0,0.0,,,1.0,1.0,,0.0,,0.0,,1.0,0.0,,0.0,0.0,0.0,,1.0,1.0,0.0,0.0,0.0,0.0,0.0,1.0,1.0,1.0,,1.0,,1.0,,,,,1.0,0.0,1.0,0.0,,0.0,1.0,,1.0,,0.0,,1.0,0.0
Person_749,0.0,1.0,,0.0,,,1.0,0.0,1.0,,1.0,,,,0.0,0.0,,1.0,,,,0.0,,0.0,1.0,,0.0,1.0,1.0,,1.0,1.0,,1.0,1.0,,1.0,,1.0,1.0,1.0,1.0,,1.0,1.0,1.0,0.0,,,0.0
Person_750,0.0,1.0,,,1.0,0.0,,0.0,1.0,,1.0,1.0,,,,1.0,0.0,0.0,1.0,1.0,1.0,0.0,1.0,0.0,0.0,,0.0,,,1.0,0.0,1.0,0.0,1.0,,,,,,,,1.0,,0.0,,1.0,0.0,1.0,0.0,1.0
Person_751,0.0,1.0,,0.0,1.0,,1.0,,1.0,0.0,,1.0,,,,1.0,,1.0,,1.0,1.0,1.0,1.0,0.0,0.0,,,0.0,0.0,1.0,,1.0,0.0,1.0,1.0,0.0,1.0,1.0,,1.0,,,1.0,,,1.0,1.0,1.0,0.0,
Person_752,0.0,,,0.0,,0.0,0.0,,1.0,0.0,,,,0.0,0.0,0.0,0.0,0.0,0.0,0.0,,0.0,,0.0,,,0.0,,,,,,0.0,0.0,,,1.0,,,1.0,,0.0,,,0.0,,,0.0,,
Person_753,0.0,0.0,0.0,0.0,0.0,,,,,,0.0,,,,0.0,0.0,0.0,,0.0,1.0,,0.0,0.0,0.0,0.0,0.0,0.0,0.0,,,,,0.0,0.0,,0.0,,0.0,0.0,,,0.0,,,0.0,0.0,0.0,0.0,0.0,
Person_754,,0.0,0.0,0.0,1.0,,1.0,0.0,1.0,,,0.0,0.0,,0.0,,0.0,,1.0,,,,0.0,0.0,1.0,0.0,0.0,,,0.0,0.0,1.0,0.0,1.0,0.0,0.0,,,0.0,1.0,,0.0,0.0,,0.0,0.0,,,0.0,0.0
Person_755,,0.0,0.0,,,,,,,1.0,,1.0,0.0,,,,0.0,0.0,,,,0.0,0.0,0.0,0.0,0.0,0.0,0.0,0.0,,0.0,,0.0,,,0.0,1.0,0.0,,,1.0,1.0,0.0,1.0,1.0,,0.0,1.0,,0.0
Person_756,1.0,0.0,0.0,0.0,1.0,0.0,1.0,0.0,,,,,0.0,0.0,0.0,,0.0,0.0,,1.0,1.0,0.0,,0.0,0.0,1.0,0.0,,1.0,,,,0.0,1.0,1.0,1.0,1.0,,0.0,,0.0,,1.0,,,0.0,,,0.0,
Person_757,1.0,1.0,,1.0,1.0,,,1.0,1.0,,0.0,1.0,,1.0,1.0,1.0,1.0,1.0,1.0,,1.0,,,1.0,1.0,1.0,1.0,1.0,1.0,1.0,1.0,0.0,0.0,1.0,1.0,1.0,1.0,0.0,1.0,1.0,0.0,1.0,1.0,,,1.0,1.0,,1.0,
Person_758,,,,0.0,,,0.0,0.0,1.0,,0.0,1.0,0.0,,0.0,0.0,0.0,,,,0.0,1.0,0.0,0.0,0.0,,,,,,0.0,0.0,0.0,0.0,1.0,0.0,,1.0,1.0,1.0,0.0,,1.0,0.0,0.0,1.0,0.0,,0.0,0.0
Person_759,,0.0,0.0,,,0.0,0.0,0.0,,0.0,,,0.0,,0.0,,,0.0,,,,0.0,,,0.0,,1.0,0.0,1.0,,0.0,1.0,,,1.0,0.0,1.0,,0.0,1.0,,0.0,,,0.0,,0.0,,,
Person_760,,1.0,,0.0,,0.0,1.0,1.0,1.0,,,1.0,0.0,,,1.0,,0.0,,,0.0,0.0,0.0,,,,,1.0,0.0,0.0,0.0,,,0.0,,,1.0,0.0,1.0,1.0,0.0,1.0,0.0,0.0,,,0.0,,0.0,
Person_761,1.0,,0.0,,1.0,,,1.0,0.0,1.0,1.0,,,,0.0,1.0,,0.0,0.0,1.0,,,0.0,1.0,0.0,,0.0,0.0,1.0,,0.0,1.0,0.0,1.0,1.0,0.0,1.0,1.0,1.0,1.0,1.0,0.0,0.0,1.0,,,1.0,,,
Person_762,,0.0,,,0.0,,,0.0,0.0,0.0,,1.0,,0.0,0.0,,0.0,,1.0,1.0,0.0,1.0,,0.0,,,1.0,0.0,1.0,0.0,,,,0.0,1.0,,1.0,0.0,,1.0,0.0,1.0,0.0,,0.0,0.0,0.0,1.0,0.0,
Person_763,,1.0,1.0,1.0,,0.0,,,,,,,,1.0,1.0,1.0,0.0,1.0,1.0,1.0,0.0,1.0,,1.0,1.0,1.0,1.0,,1.0,0.0,,1.0,1.0,1.0,1.0,0.0,,0.0,,1.0,,1.0,,1.0,1.0,,,1.0,1.0,
Person_764,1.0,,,,1.0,1.0,,1.0,1.0,1.0,1.0,,,1.0,1.0,0.0,1.0,,1.0,1.0,0.0,1.0,,,1.0,,,,,1.0,,1.0,,,1.0,,1.0,1.0,,,1.0,1.0,,1.0,1.0,,1.0,1.0,,0.0
Person_765,,,0.0,1.0,1.0,0.0,,,0.0,,1.0,1.0,1.0,,,1.0,1.0,,1.0,,,,1.0,0.0,0.0,,0.0,,,1.0,,1.0,1.0,,,1.0,1.0,,1.0,1.0,1.0,,1.0,,1.0,,,,1.0,
Person_766,1.0,,,,,,0.0,0.0,,,1.0,1.0,1.0,0.0,0.0,0.0,0.0,1.0,1.0,1.0,0.0,,,0.0,0.0,0.0,1.0,0.0,,1.0,,,,1.0,,,,,1.0,1.0,,0.0,1.0,,,1.0,0.0,1.0,,0.0
Person_767,1.0,0.0,,0.0,,,0.0,,0.0,1.0,,,0.0,0.0,0.0,0.0,0.0,0.0,,,0.0,0.0,0.0,0.0,1.0,,,0.0,1.0,1.0,,,0.0,0.0,1.0,,,0.0,,,0.0,1.0,0.0,0.0,,0.0,0.0,0.0,,0.0
Person_768,,,0.0,1.0,1.0,1.0,,,0.0,0.0,,,1.0,0.0,,1.0,1.0,1.0,,1.0,,,1.0,,,,,1.0,1.0,1.0,0.0,1.0,0.0,1.0,1.0,1.0,,0.0,1.0,,0.0,,,1.0,1.0,1.0,0.0,,,1.0
Person_769,0.0,,0.0,0.0,,0.0,1.0,0.0,,1.0,0.0,,0.0,0.0,,,,1.0,,,,0.0,,,0.0,1.0,,0.0,0.0,0.0,0.0,0.0,0.0,1.0,1.0,,,,1.0,1.0,0.0,0.0,,,0.0,,,1.0,1.0,
Person_770,0.0,0.0,0.0,0.0,1.0,0.0,0.0,1.0,0.0,,,,,0.0,0.0,,0.0,,1.0,,1.0,,1.0,0.0,0.0,,0.0,,,0.0,,0.0,0.0,0.0,,0.0,0.0,,,0.0,0.0,0.0,0.0,,0.0,0.0,,,,0.0
Person_771,,,0.0,0.0,1.0,0.0,1.0,0.0,1.0,,1.0,,1.0,0.0,,0.0,1.0,0.0,,1.0,,0.0,,1.0,,1.0,,1.0,1.0,,1.0,1.0,,,1.0,0.0,0.0,1.0,1.0,,,1.0,1.0,1.0,1.0,0.0,,1.0,0.0,0.0
Person_772,0.0,0.0,0.0,,,,,,,,,1.0,,,,,,,1.0,,0.0,0.0,0.0,,0.0,0.0,0.0,,0.0,,0.0,1.0,0.0,,1.0,,0.0,,,1.0,,,0.0,0.0,1.0,,0.0,1.0,0.0,0.0
Person_773,0.0,,0.0,1.0,0.0,1.0,,0.0,,,,1.0,0.0,0.0,0.0,,,1.0,1.0,1.0,,,0.0,0.0,0.0,0.0,0.0,0.0,0.0,1.0,0.0,,0.0,1.0,1.0,,,,,0.0,,,,0.0,1.0,1.0,,0.0,1.0,
Person_774,,,,0.0,,0.0,,1.0,0.0,0.0,1.0,1.0,,0.0,0.0,0.0,1.0,1.0,,,,,1.0,,0.0,,0.0,,1.0,1.0,1.0,,,,0.0,1.0,,,0.0,1.0,1.0,,1.0,,1.0,1.0,0.0,0.0,,
Person_775,0.0,1.0,1.0,0.0,1.0,0.0,,,0.0,,1.0,,,0.0,0.0,0.0,,,,,,,0.0,0.0,,0.0,0.0,0.0,1.0,0.0,,0.0,0.0,1.0,0.0,0.0,0.0,0.0,,1.0,,,,0.0,1.0,1.0,1.0,0.0,,0.0
Person_776,,0.0,0.0,0.0,0.0,0.0,,1.0,0.0,,,0.0,0.0,,0.0,,0.0,,1.0,1.0,,1.0,,,0.0,0.0,0.0,0.0,0.0,,0.0,0.0,,,0.0,,0.0,0.0,0.0,1.0,0.0,,0.0,1.0,1.0,,,0.0,0.0,0.0
Person_777,0.0,0.0,0.0,0.0,,,1.0,0.0,0.0,0.0,1.0,0.0,,,,,,0.0,,0.0,0.0,0.0,0.0,,0.0,0.0,0.0,0.0,,,,,0.0,0.0,0.0,,0.0,0.0,0.0,,0.0,0.0,,0.0,1.0,,0.0,0.0,,
Person_778,0.0,0.0,,,,0.0,1.0,0.0,,,0.0,,,,0.0,0.0,0.0,0.0,,,,0.0,0.0,0.0,0.0,0.0,0.0,0.0,0.0,0.0,0.0,0.0,0.0,,1.0,0.0,1.0,,0.0,0.0,0.0,0.0,,1.0,0.0,,0.0,,,0.0
Person_779,,,0.0,1.0,,0.0,1.0,,0.0,1.0,,,0.0,0.0,0.0,1.0,,,1.0,1.0,,,1.0,0.0,0.0,,0.0,,0.0,0.0,0.0,1.0,0.0,,,,1.0,,,,0.0,,,0.0,0.0,,,1.0,0.0,0.0
Person_780,1.0,,0.0,,0.0,0.0,,1.0,,0.0,0.0,1.0,,0.0,0.0,,,0.0,,1.0,0.0,0.0,,,1.0,1.0,,,0.0,1.0,0.0,1.0,,1.0,0.0,,1.0,0.0,0.0,,,1.0,1.0,0.0,0.0,,,0.0,0.0,0.0
Person_781,0.0,,0.0,0.0,,0.0,0.0,0.0,,,0.0,0.0,0.0,1.0,1.0,0.0,1.0,0.0,,,0.0,,0.0,,0.0,0.0,0.0,,0.0,,0.0,,0.0,,0.0,1.0,1.0,,0.0,,0.0,0.0,0.0,1.0,,,0.0,0.0,0.0,
Person_782,0.0,0.0,,0.0,,,1.0,0.0,,0.0,1.0,1.0,0.0,0.0,,,0.0,,1.0,,0.0,,0.0,0.0,,0.0,0.0,,,1.0,,,0.0,0.0,0.0,1.0,0.0,0.0,0.0,1.0,0.0,,,0.0,0.0,,0.0,0.0,1.0,
Person_783,0.0,1.0,1.0,,1.0,,1.0,,,,,1.0,1.0,1.0,,1.0,0.0,,1.0,,1.0,1.0,1.0,1.0,,,1.0,0.0,,1.0,1.0,1.0,1.0,1.0,1.0,,1.0,1.0,1.0,1.0,1.0,,1.0,,1.0,,1.0,1.0,1.0,
Person_784,,1.0,,0.0,1.0,0.0,1.0,0.0,,1.0,1.0,0.0,1.0,0.0,,,1.0,,,,1.0,,,1.0,,1.0,1.0,,1.0,1.0,1.0,0.0,1.0,1.0,1.0,0.0,1.0,0.0,1.0,1.0,,,,1.0,1.0,,,1.0,,0.0
Person_785,,,0.0,0.0,,0.0,,,,0.0,1.0,0.0,,0.0,,,0.0,0.0,0.0,,,,0.0,0.0,0.0,,0.0,,,,0.0,1.0,0.0,1.0,,,0.0,0.0,,0.0,0.0,0.0,,0.0,,,0.0,0.0,0.0,
Person_786,,0.0,0.0,0.0,1.0,,,,,,0.0,1.0,0.0,,,1.0,,0.0,,1.0,0.0,,1.0,0.0,,1.0,,0.0,0.0,0.0,,0.0,1.0,1.0,,,,0.0,1.0,0.0,0.0,1.0,0.0,,0.0,0.0,0.0,,,
Person_787,1.0,,,,,0.0,0.0,0.0,1.0,1.0,0.0,1.0,0.0,0.0,0.0,0.0,0.0,,1.0,0.0,0.0,0.0,0.0,0.0,1.0,0.0,,,0.0,,1.0,0.0,,,,,0.0,0.0,1.0,,,1.0,0.0,1.0,,0.0,,1.0,,0.0
Person_788,0.0,0.0,0.0,1.0,1.0,0.0,1.0,0.0,,,0.0,1.0,,0.0,,,,,1.0,,1.0,0.0,1.0,0.0,0.0,,0.0,,,0.0,,,,,1.0,0.0,,0.0,0.0,,0.0,0.0,,1.0,1.0,0.0,0.0,0.0,,
Person_789,,,,0.0,1.0,1.0,,1.0,,1.0,1.0,,1.0,,,,,,1.0,,0.0,,1.0,1.0,1.0,1.0,,1.0,,,,1.0,,1.0,,,1.0,,1.0,,1.0,1.0,,1.0,1.0,0.0,,1.0,1.0,1.0
Person_790,1.0,1.0,0.0,0.0,,0.0,,,0.0,0.0,1.0,0.0,,0.0,0.0,0.0,0.0,1.0,0.0,,1.0,0.0,0.0,1.0,0.0,,0.0,1.0,,1.0,,1.0,1.0,0.0,1.0,0.0,1.0,,1.0,1.0,,,0.0,,1.0,,1.0,,1.0,0.0
Person_791,1.0,0.0,0.0,,1.0,,,,,0.0,1.0,0.0,0.0,1.0,0.0,,0.0,1.0,1.0,,0.0,,1.0,,1.0,,1.0,0.0,0.0,0.0,0.0,,0.0,,1.0,,,,,0.0,1.0,,1.0,1.0,0.0,,1.0,1.0,,1.0
Person_792,1.0,,0.0,,0.0,1.0,1.0,1.0,1.0,0.0,,1.0,1.0,,0.0,1.0,0.0,0.0,1.0,1.0,1.0,,,0.0,,,,1.0,,0.0,,,,,0.0,,1.0,,,1.0,1.0,0.0,0.0,1.0,,,1.0,1.0,0.0,1.0
Person_793,,,1.0,1.0,,1.0,1.0,1.0,,1.0,1.0,1.0,1.0,1.0,1.0,1.0,0.0,0.0,,1.0,0.0,,1.0,0.0,0.0,1.0,,,1.0,1.0,,,0.0,,1.0,1.0,,1.0,1.0,1.0,,,,1.0,1.0,1.0,0.0,1.0,,
Person_794,0.0,0.0,,0.0,0.0,,,1.0,,,,,0.0,,,0.0,0.0,,,0.0,0.0,,0.0,0.0,,0.0,,,1.0,0.0,0.0,,,0.0,0.0,,,,0.0,0.0,1.0,,0.0,,0.0,,0.0,,0.0,
Person_795,0.0,,0.0,,1.0,,0.0,0.0,1.0,,0.0,1.0,,0.0,,,,,,1.0,0.0,1.0,,0.0,0.0,1.0,0.0,0.0,1.0,,,1.0,0.0,1.0,0.0,0.0,,,0.0,1.0,,,,1.0,,0.0,1.0,,1.0,1.0
Person_796,1.0,,0.0,0.0,1.0,,1.0,,1.0,0.0,1.0,,0.0,0.0,0.0,,,0.0,1.0,0.0,,1.0,,,1.0,0.0,,0.0,1.0,1.0,0.0,1.0,0.0,,1.0,,1.0,,,1.0,1.0,1.0,1.0,1.0,0.0,,0.0,,0.0,1.0
Person_797,1.0,1.0,,0.0,1.0,1.0,1.0,1.0,,1.0,1.0,,0.0,1.0,1.0,1.0,0.0,1.0,1.0,1.0,0.0,,0.0,,1.0,1.0,1.0,1.0,,,0.0,,1.0,1.0,1.0,0.0,,1.0,,1.0,,,1.0,1.0,,,1.0,1.0,1.0,0.0
Person_798,1.0,1.0,0.0,,1.0,,,1.0,1.0,,1.0,1.0,,1.0,1.0,0.0,,,0.0,1.0,,,1.0,0.0,,1.0,0.0,,,1.0,,1.0,0.0,1.0,1.0,,1.0,1.0,,,,,1.0,,,0.0,1.0,1.0,1.0,
Person_799,1.0,1.0,,1.0,,,1.0,,1.0,0.0,1.0,1.0,1.0,,1.0,,1.0,0.0,1.0,1.0,1.0,0.0,1.0,0.0,1.0,,,1.0,1.0,1.0,,1.0,,,0.0,,,,1.0,,1.0,1.0,0.0,0.0,1.0,0.0,1.0,1.0,0.0,
Person_800,0.0,1.0,0.0,0.0,,,1.0,,1.0,1.0,1.0,,0.0,1.0,0.0,0.0,0.0,,,1.0,0.0,,,,,1.0,,0.0,1.0,1.0,0.0,1.0,1.0,,1.0,0.0,0.0,1.0,1.0,1.0,1.0,1.0,1.0,0.0,1.0,1.0,,,0.0,1.0
Person_801,,,,,0.0,0.0,0.0,,,0.0,1.0,,,0.0,0.0,,0.0,,0.0,1.0,0.0,,,,0.0,,1.0,,0.0,0.0,0.0,0.0,0.0,0.0,,,,,0.0,0.0,,,,0.0,0.0,,,,,0.0
Person_802,,1.0,,,,0.0,1.0,,0.0,0.0,,1.0,,,0.0,0.0,,,1.0,,0.0,1.0,1.0,0.0,,0.0,0.0,0.0,,,0.0,1.0,,,0.0,0.0,,,,,,1.0,,1.0,1.0,0.0,,,,
Person_803,0.0,0.0,0.0,,,1.0,,,,1.0,0.0,1.0,0.0,,,0.0,0.0,,1.0,,1.0,,,,1.0,,0.0,1.0,,1.0,,,1.0,,1.0,0.0,1.0,0.0,,1.0,0.0,,0.0,,1.0,0.0,0.0,0.0,0.0,
Person_804,0.0,0.0,,0.0,,0.0,0.0,,0.0,,,,0.0,0.0,,0.0,0.0,0.0,,0.0,0.0,,,0.0,,0.0,,,,0.0,0.0,0.0,0.0,,0.0,0.0,0.0,0.0,,0.0,0.0,0.0,,1.0,0.0,,0.0,,1.0,0.0
Person_805,0.0,0.0,,,,0.0,0.0,0.0,0.0,,0.0,1.0,0.0,0.0,1.0,1.0,0.0,,1.0,0.0,1.0,0.0,,,,,1.0,0.0,0.0,,0.0,1.0,0.0,1.0,1.0,0.0,0.0,,0.0,1.0,0.0,0.0,,0.0,,0.0,,1.0,0.0,
Person_806,0.0,0.0,0.0,0.0,1.0,0.0,0.0,0.0,,1.0,1.0,1.0,,0.0,0.0,0.0,0.0,0.0,0.0,,,0.0,,0.0,,0.0,,,1.0,0.0,1.0,1.0,0.0,0.0,1.0,0.0,,0.0,1.0,0.0,0.0,0.0,1.0,1.0,,0.0,0.0,0.0,0.0,0.0
Person_807,0.0,1.0,,1.0,1.0,0.0,,1.0,,1.0,1.0,1.0,,,0.0,,0.0,1.0,1.0,1.0,0.0,,,,,0.0,0.0,,0.0,,,1.0,,1.0,1.0,1.0,1.0,0.0,1.0,1.0,1.0,1.0,,1.0,,0.0,0.0,0.0,0.0,1.0
Person_808,,1.0,1.0,0.0,1.0,,,1.0,,1.0,,1.0,,,1.0,,0.0,,1.0,1.0,1.0,1.0,1.0,1.0,,,0.0,0.0,1.0,,1.0,,1.0,,1.0,,1.0,,1.0,,0.0,,,,1.0,1.0,,1.0,1.0,0.0
Person_809,0.0,1.0,,,1.0,1.0,1.0,0.0,0.0,0.0,1.0,1.0,,,0.0,0.0,0.0,,0.0,0.0,,1.0,,,,,,0.0,1.0,1.0,,1.0,1.0,1.0,1.0,0.0,0.0,0.0,0.0,1.0,,1.0,,1.0,,0.0,,1.0,0.0,0.0
Person_810,1.0,,0.0,1.0,1.0,1.0,,1.0,1.0,,1.0,1.0,,,1.0,0.0,0.0,0.0,1.0,,,,,0.0,1.0,,1.0,,,,,,,1.0,0.0,0.0,1.0,0.0,,1.0,1.0,,0.0,,0.0,0.0,0.0,1.0,,0.0
Person_811,,,0.0,0.0,1.0,0.0,1.0,1.0,1.0,0.0,0.0,,0.0,,,,0.0,,1.0,0.0,0.0,0.0,,0.0,0.0,0.0,0.0,0.0,0.0,,0.0,,,,,0.0,0.0,,,,0.0,,0.0,1.0,1.0,0.0,,1.0,,
Person_812,,,,0.0,,,,0.0,,0.0,0.0,,,0.0,,,1.0,0.0,1.0,1.0,,,0.0,0.0,,,,1.0,0.0,,,,0.0,,,,1.0,,0.0,1.0,0.0,0.0,,0.0,,,1.0,,0.0,
Person_813,0.0,1.0,0.0,,1.0,,,0.0,,0.0,,0.0,,0.0,0.0,0.0,0.0,0.0,,0.0,0.0,,0.0,0.0,0.0,,,1.0,,0.0,0.0,,0.0,0.0,1.0,,0.0,0.0,1.0,,,1.0,,1.0,1.0,0.0,,,0.0,0.0
Person_814,0.0,,,1.0,0.0,0.0,,,0.0,0.0,0.0,0.0,0.0,,0.0,,0.0,,0.0,,0.0,,0.0,0.0,0.0,0.0,0.0,,,0.0,,,0.0,0.0,,,0.0,,0.0,,0.0,,0.0,,0.0,,0.0,0.0,0.0,1.0
Person_815,,,0.0,,1.0,1.0,1.0,0.0,0.0,1.0,,1.0,0.0,,1.0,0.0,0.0,,1.0,1.0,0.0,,,,1.0,1.0,1.0,,1.0,0.0,0.0,1.0,,1.0,,,,1.0,1.0,,1.0,,,1.0,,,1.0,0.0,,1.0
Person_816,1.0,1.0,,0.0,1.0,1.0,1.0,,1.0,0.0,0.0,0.0,1.0,,0.0,1.0,0.0,0.0,1.0,1.0,0.0,,1.0,,,0.0,0.0,0.0,,0.0,,,,1.0,1.0,,0.0,0.0,0.0,1.0,0.0,0.0,1.0,1.0,1.0,0.0,,,,0.0
Person_817,,0.0,0.0,,,,0.0,1.0,0.0,1.0,1.0,,0.0,,0.0,,,0.0,1.0,,0.0,0.0,,0.0,,,0.0,,0.0,0.0,,0.0,0.0,1.0,0.0,,0.0,,0.0,,,,,0.0,,,,0.0,0.0,0.0
Person_818,0.0,,,0.0,0.0,0.0,,,0.0,,0.0,1.0,,,0.0,0.0,0.0,,0.0,1.0,0.0,0.0,0.0,0.0,,0.0,0.0,,,0.0,0.0,,,,,0.0,0.0,0.0,0.0,,1.0,,,,0.0,0.0,,0.0,0.0,1.0
Person_819,,,0.0,0.0,,0.0,,,0.0,1.0,0.0,1.0,,,1.0,0.0,,,,1.0,0.0,0.0,1.0,0.0,,,1.0,,1.0,,0.0,1.0,,1.0,1.0,,0.0,0.0,,,0.0,1.0,1.0,1.0,,0.0,,,,1.0
Person_820,0.0,0.0,,0.0,1.0,,1.0,1.0,,0.0,,,0.0,,0.0,,0.0,,1.0,1.0,,0.0,1.0,0.0,0.0,,0.0,0.0,,0.0,0.0,1.0,0.0,0.0,,0.0,,,,,,0.0,,1.0,0.0,,1.0,0.0,1.0,0.0
Person_821,1.0,,0.0,,,1.0,1.0,1.0,1.0,,,1.0,1.0,0.0,,,0.0,0.0,,,0.0,1.0,,1.0,,1.0,1.0,0.0,,1.0,,1.0,1.0,1.0,,1.0,0.0,,0.0,,,,1.0,,,,,,1.0,0.0
Person_822,1.0,1.0,0.0,,1.0,,,0.0,,,1.0,1.0,,0.0,0.0,1.0,,,,1.0,,,0.0,0.0,0.0,0.0,,,0.0,1.0,0.0,1.0,,,1.0,0.0,0.0,1.0,0.0,0.0,0.0,,1.0,,1.0,0.0,0.0,0.0,1.0,
Person_823,,,1.0,1.0,,0.0,1.0,1.0,,1.0,1.0,,1.0,,1.0,1.0,,0.0,1.0,1.0,1.0,1.0,,0.0,0.0,1.0,,,,,0.0,1.0,1.0,,0.0,0.0,,,,1.0,0.0,1.0,,,1.0,0.0,,,,1.0
Person_824,0.0,1.0,,1.0,,,,0.0,,1.0,0.0,0.0,,,0.0,,,1.0,1.0,0.0,0.0,0.0,0.0,,,,1.0,,0.0,0.0,0.0,1.0,0.0,1.0,,,1.0,1.0,0.0,1.0,0.0,1.0,0.0,1.0,1.0,0.0,0.0,,,
Person_825,0.0,,0.0,0.0,0.0,0.0,,0.0,0.0,,,0.0,1.0,,1.0,0.0,,1.0,1.0,0.0,0.0,0.0,,,0.0,0.0,0.0,,,1.0,0.0,,0.0,0.0,1.0,,0.0,,1.0,,0.0,0.0,,1.0,1.0,0.0,,0.0,0.0,
Person_826,0.0,1.0,0.0,0.0,0.0,,1.0,1.0,0.0,,1.0,1.0,0.0,,,,0.0,0.0,0.0,0.0,,0.0,,0.0,0.0,0.0,,,,0.0,,,,,0.0,0.0,,0.0,0.0,0.0,,0.0,0.0,,,0.0,1.0,0.0,,
Person_827,1.0,,1.0,1.0,1.0,,1.0,,,1.0,1.0,,1.0,,1.0,1.0,1.0,,1.0,,1.0,,1.0,1.0,1.0,,1.0,0.0,1.0,1.0,,,1.0,,1.0,,,,1.0,,1.0,1.0,1.0,,1.0,,1.0,,1.0,1.0
Person_828,0.0,0.0,0.0,,,1.0,,1.0,0.0,1.0,1.0,,,1.0,1.0,,0.0,,1.0,1.0,,,,,0.0,,0.0,,,,1.0,1.0,,,1.0,,1.0,1.0,1.0,1.0,,1.0,1.0,,,,,1.0,,
Person_829,1.0,1.0,1.0,,1.0,,,0.0,,0.0,,,,1.0,,,0.0,0.0,0.0,,0.0,1.0,1.0,0.0,,,,,1.0,0.0,,1.0,,1.0,0.0,0.0,,1.0,1.0,,,0.0,1.0,1.0,1.0,,1.0,1.0,0.0,0.0
Person_830,,1.0,0.0,,0.0,0.0,0.0,0.0,,0.0,0.0,,0.0,0.0,0.0,0.0,,0.0,1.0,0.0,0.0,0.0,,,,0.0,0.0,0.0,0.0,0.0,0.0,,0.0,0.0,0.0,,0.0,,0.0,,0.0,0.0,,0.0,,0.0,,,0.0,0.0
Person_831,1.0,,1.0,1.0,1.0,,1.0,,1.0,,1.0,,1.0,,,,0.0,,,1.0,,0.0,,0.0,,0.0,,0.0,0.0,1.0,0.0,0.0,,1.0,0.0,,1.0,1.0,1.0,1.0,0.0,1.0,,,0.0,0.0,0.0,1.0,0.0,0.0
Person_832,0.0,0.0,1.0,1.0,1.0,1.0,1.0,1.0,,1.0,,0.0,,1.0,1.0,,,,,1.0,,1.0,1.0,1.0,,1.0,0.0,,1.0,1.0,,1.0,,,1.0,0.0,0.0,1.0,1.0,,0.0,0.0,,0.0,1.0,0.0,1.0,1.0,,
Person_833,0.0,0.0,,0.0,,,,,1.0,0.0,,,0.0,,0.0,,0.0,0.0,,0.0,0.0,,0.0,,,1.0,,,,,,0.0,,,,0.0,1.0,0.0,0.0,,,0.0,0.0,,0.0,,0.0,1.0,0.0,
Person_834,0.0,,0.0,0.0,,1.0,1.0,0.0,1.0,0.0,,1.0,1.0,1.0,0.0,0.0,,,,1.0,0.0,,1.0,,0.0,0.0,0.0,,,,0.0,0.0,1.0,,,0.0,1.0,,0.0,0.0,1.0,0.0,1.0,,0.0,0.0,0.0,0.0,0.0,
Person_835,1.0,0.0,0.0,,,,1.0,0.0,1.0,0.0,1.0,1.0,1.0,0.0,,,0.0,0.0,,1.0,0.0,,0.0,,,0.0,,0.0,0.0,,1.0,,,,1.0,0.0,0.0,0.0,1.0,1.0,1.0,,1.0,0.0,1.0,0.0,,,0.0,
Person_836,,1.0,,1.0,1.0,,0.0,0.0,1.0,0.0,1.0,1.0,0.0,0.0,1.0,,1.0,0.0,,1.0,0.0,1.0,1.0,0.0,1.0,0.0,,,1.0,,,1.0,1.0,1.0,,,1.0,1.0,0.0,1.0,0.0,,1.0,1.0,1.0,1.0,1.0,1.0,,0.0
Person_837,0.0,1.0,0.0,,,,1.0,0.0,1.0,0.0,1.0,1.0,0.0,0.0,0.0,0.0,,0.0,1.0,1.0,0.0,0.0,,0.0,,1.0,0.0,0.0,0.0,,0.0,1.0,,1.0,,,0.0,0.0,0.0,,1.0,0.0,0.0,1.0,,,0.0,0.0,,0.0
Person_838,,0.0,0.0,0.0,,0.0,,,,0.0,0.0,1.0,0.0,0.0,0.0,,,,,0.0,,0.0,0.0,0.0,,,0.0,,,1.0,0.0,0.0,1.0,0.0,,0.0,0.0,,,1.0,0.0,,0.0,0.0,1.0,1.0,,0.0,,
Person_839,0.0,0.0,,0.0,0.0,0.0,0.0,,0.0,,,0.0,0.0,,,0.0,,0.0,0.0,,,,,0.0,,0.0,0.0,,,1.0,,0.0,,0.0,0.0,,0.0,0.0,0.0,0.0,0.0,0.0,,1.0,0.0,0.0,0.0,,,0.0
Person_840,1.0,0.0,1.0,0.0,1.0,1.0,1.0,,,1.0,1.0,,1.0,,,,1.0,0.0,1.0,,,1.0,,0.0,1.0,,,,,,1.0,1.0,0.0,,1.0,,1.0,1.0,1.0,1.0,,1.0,1.0,1.0,1.0,,1.0,,1.0,1.0
Person_841,,,,,,0.0,1.0,0.0,,0.0,0.0,0.0,0.0,0.0,,0.0,,,0.0,,,0.0,0.0,,0.0,1.0,,,1.0,,,0.0,,,,,,1.0,,,1.0,1.0,0.0,1.0,1.0,0.0,,1.0,0.0,
Person_842,0.0,,1.0,0.0,0.0,0.0,1.0,,,1.0,,1.0,0.0,0.0,0.0,0.0,1.0,1.0,1.0,1.0,,0.0,,,0.0,0.0,,,,0.0,,1.0,,,,1.0,,,1.0,,0.0,0.0,,,,0.0,0.0,,0.0,
Person_843,1.0,1.0,0.0,,,1.0,,,1.0,1.0,0.0,1.0,1.0,1.0,,1.0,,0.0,,,0.0,1.0,,,,1.0,,,0.0,1.0,0.0,1.0,1.0,1.0,,0.0,1.0,0.0,1.0,1.0,,1.0,1.0,,,,0.0,,1.0,1.0
Person_844,0.0,,,0.0,,,,,0.0,0.0,1.0,,,,0.0,0.0,,0.0,1.0,,1.0,0.0,0.0,,0.0,0.0,,1.0,1.0,0.0,0.0,,,,0.0,,0.0,1.0,1.0,1.0,,0.0,,1.0,1.0,1.0,,,1.0,
Person_845,,1.0,0.0,,1.0,,1.0,0.0,,,0.0,1.0,1.0,1.0,0.0,,0.0,,0.0,0.0,1.0,0.0,1.0,0.0,,0.0,1.0,,0.0,,0.0,1.0,0.0,,0.0,,,0.0,1.0,,0.0,0.0,0.0,,,0.0,,,0.0,0.0
Person_846,0.0,1.0,0.0,,,0.0,,0.0,1.0,1.0,,,,0.0,0.0,0.0,,,1.0,1.0,1.0,0.0,,,1.0,,1.0,,1.0,0.0,,,0.0,,1.0,,,1.0,,,,0.0,,1.0,0.0,0.0,0.0,1.0,0.0,1.0
Person_847,,,0.0,,1.0,,,1.0,1.0,1.0,,,1.0,1.0,0.0,,1.0,,,1.0,1.0,,,,,,1.0,1.0,1.0,,0.0,1.0,1.0,1.0,,1.0,1.0,1.0,1.0,,1.0,1.0,1.0,1.0,,0.0,1.0,,1.0,1.0
Person_848,1.0,,1.0,,1.0,,0.0,0.0,0.0,1.0,1.0,1.0,,,,0.0,1.0,,,1.0,,0.0,,,1.0,0.0,,,1.0,,,1.0,0.0,,1.0,0.0,1.0,0.0,,0.0,,0.0,,1.0,,,,,,1.0
Person_849,,,1.0,,1.0,1.0,,,1.0,1.0,1.0,1.0,,1.0,1.0,,,1.0,1.0,1.0,,0.0,1.0,,,,1.0,,1.0,1.0,1.0,1.0,1.0,,,1.0,1.0,1.0,1.0,1.0,,,1.0,0.0,,1.0,,,,1.0
Person_850,,,,,,,,1.0,,,1.0,1.0,1.0,1.0,1.0,1.0,1.0,,,,0.0,1.0,1.0,0.0,1.0,1.0,,1.0,1.0,1.0,,1.0,1.0,1.0,,,1.0,1.0,,,,,,1.0,,,1.0,,,
Person_851,0.0,0.0,0.0,,,0.0,1.0,0.0,0.0,0.0,,,0.0,1.0,0.0,0.0,0.0,0.0,1.0,,1.0,0.0,,,0.0,0.0,,0.0,,,,1.0,0.0,1.0,1.0,1.0,0.0,0.0,,,,0.0,1.0,1.0,1.0,,,,,
Person_852,1.0,1.0,1.0,,1.0,1.0,,1.0,,1.0,,1.0,1.0,1.0,,,,1.0,,1.0,,0.0,1.0,0.0,1.0,1.0,0.0,0.0,,,0.0,,,1.0,,1.0,1.0,1.0,0.0,,1.0,1.0,,,,,,0.0,,1.0
Person_853,,,,0.0,0.0,1.0,1.0,0.0,,,0.0,,,0.0,0.0,0.0,0.0,0.0,0.0,0.0,0.0,0.0,,0.0,,0.0,0.0,1.0,0.0,,0.0,0.0,0.0,1.0,0.0,0.0,,,0.0,0.0,,0.0,,0.0,1.0,0.0,0.0,,0.0,
Person_854,,1.0,,,,,0.0,,,,1.0,1.0,,,0.0,0.0,,1.0,1.0,,,0.0,,1.0,,,0.0,0.0,1.0,,,1.0,0.0,1.0,,0.0,1.0,0.0,1.0,,0.0,,,1.0,1.0,0.0,1.0,0.0,0.0,0.0
Person_855,1.0,,1.0,0.0,1.0,,1.0,,1.0,,,1.0,,,,,1.0,,1.0,,1.0,0.0,1.0,1.0,0.0,1.0,1.0,0.0,,1.0,0.0,1.0,,1.0,1.0,,1.0,1.0,,1.0,,1.0,1.0,1.0,1.0,,,1.0,,
Person_856,0.0,1.0,0.0,0.0,0.0,1.0,0.0,0.0,1.0,,1.0,1.0,,0.0,,,,,,1.0,1.0,0.0,1.0,,0.0,,1.0,,,,0.0,0.0,1.0,1.0,1.0,1.0,1.0,0.0,,1.0,,0.0,,1.0,1.0,,,1.0,0.0,0.0
Person_857,1.0,1.0,0.0,,1.0,1.0,1.0,,,0.0,0.0,0.0,1.0,0.0,0.0,0.0,0.0,0.0,1.0,,,1.0,,0.0,,,0.0,,1.0,,1.0,1.0,,0.0,1.0,,,0.0,0.0,,0.0,,0.0,0.0,,,1.0,,0.0,0.0
Person_858,,,1.0,1.0,,,1.0,0.0,0.0,,0.0,,0.0,0.0,,0.0,,,0.0,1.0,0.0,,0.0,1.0,,1.0,0.0,,1.0,0.0,,1.0,1.0,,0.0,0.0,,,,,,,1.0,1.0,1.0,0.0,,0.0,0.0,
Person_859,0.0,0.0,1.0,,1.0,1.0,,,1.0,0.0,1.0,1.0,,,1.0,,0.0,,1.0,1.0,1.0,,1.0,1.0,,,1.0,1.0,1.0,1.0,1.0,1.0,,1.0,,0.0,1.0,1.0,1.0,,,1.0,1.0,,1.0,1.0,1.0,1.0,,
Person_860,1.0,,0.0,1.0,1.0,1.0,1.0,,1.0,1.0,1.0,,0.0,,,0.0,1.0,,1.0,1.0,1.0,,1.0,,1.0,1.0,1.0,1.0,,,,1.0,,,1.0,0.0,,1.0,1.0,1.0,,1.0,,,1.0,1.0,,1.0,,0.0
Person_861,1.0,1.0,,,,,1.0,1.0,1.0,,,1.0,1.0,,1.0,1.0,,,1.0,1.0,1.0,,1.0,1.0,1.0,1.0,,1.0,,,,1.0,1.0,,,,1.0,1.0,1.0,1.0,1.0,,,,1.0,,1.0,1.0,,1.0
Person_862,,0.0,,0.0,1.0,,,,,1.0,1.0,1.0,1.0,,0.0,,,1.0,,,,0.0,1.0,0.0,,1.0,0.0,0.0,1.0,,,1.0,,0.0,,1.0,,0.0,,,1.0,1.0,1.0,0.0,1.0,1.0,0.0,1.0,0.0,1.0
Person_863,,1.0,1.0,,,,1.0,,,1.0,1.0,1.0,1.0,,,1.0,0.0,0.0,,,0.0,1.0,1.0,,,1.0,0.0,,,1.0,0.0,,0.0,0.0,,1.0,,,0.0,0.0,1.0,1.0,1.0,1.0,1.0,,,0.0,,
Person_864,,,1.0,,1.0,,1.0,,1.0,,1.0,,1.0,,1.0,1.0,1.0,,1.0,1.0,1.0,1.0,,0.0,,,,1.0,1.0,,1.0,1.0,1.0,1.0,,,1.0,1.0,1.0,,,1.0,,,1.0,1.0,,1.0,1.0,1.0
Person_865,0.0,1.0,,0.0,,1.0,,,1.0,1.0,1.0,1.0,,1.0,0.0,1.0,,,,1.0,0.0,,,0.0,,1.0,1.0,,,1.0,,,,0.0,,,1.0,,,,0.0,,1.0,1.0,1.0,,,,1.0,0.0
Person_866,1.0,,1.0,,,0.0,1.0,0.0,,,1.0,1.0,0.0,,1.0,1.0,0.0,1.0,,1.0,0.0,1.0,,0.0,,,,0.0,,,1.0,,,0.0,1.0,0.0,1.0,,1.0,1.0,,1.0,,0.0,1.0,0.0,0.0,,,1.0
Person_867,,0.0,,0.0,0.0,0.0,0.0,,,0.0,0.0,,,,,,0.0,0.0,,,1.0,,0.0,,,0.0,,,,0.0,0.0,,,0.0,,,0.0,1.0,,,,0.0,,,0.0,0.0,0.0,,0.0,
Person_868,0.0,,1.0,1.0,0.0,0.0,,,1.0,0.0,1.0,1.0,0.0,,,0.0,,0.0,,1.0,,1.0,1.0,0.0,0.0,,0.0,0.0,0.0,,0.0,,,0.0,,0.0,1.0,,,1.0,1.0,0.0,0.0,1.0,1.0,0.0,,0.0,,1.0
Person_869,0.0,0.0,0.0,0.0,0.0,0.0,0.0,1.0,0.0,0.0,,0.0,,0.0,,0.0,0.0,,1.0,,0.0,,0.0,,,,0.0,0.0,0.0,,0.0,0.0,,,0.0,0.0,0.0,0.0,,,,,,0.0,0.0,0.0,0.0,,0.0,0.0
Person_870,1.0,1.0,0.0,,1.0,0.0,,0.0,,1.0,0.0,1.0,0.0,,,0.0,1.0,1.0,,1.0,1.0,0.0,0.0,,0.0,1.0,0.0,1.0,,1.0,0.0,,,,1.0,0.0,0.0,0.0,1.0,0.0,1.0,0.0,0.0,1.0,,1.0,0.0,1.0,,1.0
Person_871,,1.0,,1.0,1.0,,,,,,1.0,0.0,1.0,,1.0,,0.0,,,1.0,1.0,,1.0,1.0,,,,1.0,0.0,1.0,,1.0,0.0,1.0,1.0,0.0,,,,1.0,0.0,0.0,,1.0,1.0,0.0,,1.0,0.0,
Person_872,,1.0,1.0,1.0,1.0,1.0,,1.0,1.0,0.0,,1.0,,0.0,,0.0,0.0,,1.0,,1.0,1.0,1.0,,1.0,1.0,1.0,1.0,,,0.0,,0.0,1.0,0.0,0.0,1.0,,1.0,,1.0,1.0,1.0,1.0,1.0,,,1.0,0.0,
Person_873,,0.0,0.0,0.0,1.0,,0.0,1.0,0.0,0.0,,0.0,0.0,,0.0,,,,1.0,0.0,0.0,0.0,,,0.0,1.0,,,,0.0,,0.0,,,,0.0,,,,,,,0.0,0.0,,,,0.0,0.0,0.0
Person_874,,1.0,1.0,,,,0.0,,1.0,1.0,1.0,1.0,1.0,,0.0,1.0,0.0,,,,0.0,,,0.0,0.0,0.0,1.0,1.0,,,1.0,1.0,,,,0.0,1.0,1.0,1.0,0.0,,1.0,,1.0,1.0,,1.0,1.0,0.0,
Person_875,,,,0.0,1.0,,1.0,0.0,1.0,,,1.0,0.0,,0.0,0.0,1.0,0.0,,,0.0,1.0,0.0,,0.0,,1.0,0.0,1.0,1.0,0.0,,,0.0,,0.0,0.0,,,1.0,,1.0,1.0,,,,,,0.0,
Person_876,1.0,,,1.0,1.0,0.0,1.0,0.0,,1.0,,1.0,,,0.0,,,,,0.0,1.0,0.0,,,0.0,1.0,,,,1.0,0.0,,,1.0,0.0,0.0,1.0,1.0,1.0,,,1.0,1.0,1.0,1.0,0.0,,1.0,,
Person_877,1.0,1.0,,1.0,,1.0,1.0,0.0,1.0,,,1.0,1.0,,1.0,,1.0,,1.0,,,,1.0,,1.0,1.0,,0.0,1.0,1.0,,,1.0,1.0,,,,,1.0,0.0,1.0,1.0,,1.0,1.0,1.0,,,0.0,1.0
Person_878,,,,,,0.0,,0.0,,1.0,0.0,0.0,0.0,0.0,0.0,0.0,,,0.0,0.0,0.0,0.0,0.0,0.0,,0.0,0.0,,0.0,0.0,0.0,0.0,0.0,0.0,,,,,1.0,1.0,,,0.0,0.0,,,,1.0,,
Person_879,,,,0.0,1.0,0.0,1.0,0.0,1.0,1.0,1.0,1.0,1.0,0.0,0.0,0.0,,,,1.0,0.0,,,0.0,1.0,1.0,,,1.0,1.0,,1.0,,1.0,,,,0.0,,,0.0,1.0,,,,0.0,,,1.0,0.0
Person_880,,1.0,,,,,,,,,,,1.0,,1.0,1.0,0.0,,1.0,,,1.0,,0.0,1.0,1.0,0.0,1.0,1.0,1.0,1.0,1.0,,1.0,,1.0,,1.0,1.0,,0.0,1.0,1.0,,0.0,0.0,1.0,1.0,0.0,
Person_881,,,,1.0,,1.0,,1.0,,1.0,,1.0,1.0,,,0.0,1.0,1.0,1.0,,1.0,1.0,,,1.0,,1.0,,,,,1.0,1.0,1.0,1.0,1.0,,1.0,0.0,,1.0,1.0,1.0,,1.0,,1.0,,1.0,
Person_882,1.0,0.0,,,1.0,1.0,1.0,,1.0,,1.0,1.0,,1.0,0.0,1.0,1.0,,,1.0,1.0,,1.0,,1.0,1.0,,1.0,,,,0.0,1.0,1.0,1.0,,,,1.0,1.0,1.0,,,,,,0.0,,,
Person_883,,0.0,1.0,1.0,1.0,1.0,1.0,,1.0,,,,1.0,,0.0,,0.0,1.0,,1.0,1.0,1.0,1.0,,1.0,1.0,1.0,1.0,,,,1.0,,1.0,,1.0,1.0,,,1.0,1.0,0.0,,,,1.0,0.0,1.0,,1.0
Person_884,,1.0,0.0,,,0.0,0.0,0.0,0.0,,1.0,0.0,,,0.0,0.0,0.0,1.0,,,0.0,0.0,,0.0,1.0,1.0,0.0,0.0,,,,0.0,0.0,,1.0,1.0,,,1.0,1.0,,0.0,1.0,1.0,1.0,1.0,,,,1.0
Person_885,0.0,,0.0,0.0,1.0,,0.0,1.0,1.0,,,1.0,,,0.0,0.0,,,1.0,,1.0,1.0,1.0,,0.0,0.0,0.0,1.0,0.0,,,0.0,1.0,,,0.0,1.0,1.0,1.0,1.0,1.0,1.0,1.0,1.0,1.0,0.0,0.0,1.0,0.0,1.0
Person_886,1.0,,,,,0.0,0.0,,1.0,0.0,,0.0,,0.0,,0.0,,,,0.0,,,1.0,,0.0,1.0,,,1.0,0.0,,1.0,0.0,1.0,0.0,0.0,1.0,0.0,,1.0,0.0,0.0,,0.0,,,,,0.0,
Person_887,,,,0.0,,0.0,,1.0,1.0,,,1.0,0.0,1.0,0.0,,0.0,0.0,1.0,1.0,,0.0,,,1.0,1.0,,1.0,,,0.0,,0.0,0.0,0.0,,0.0,1.0,1.0,,1.0,,,,1.0,,0.0,0.0,0.0,
Person_888,,0.0,0.0,0.0,0.0,1.0,0.0,,1.0,,1.0,0.0,,,,0.0,1.0,,0.0,,1.0,,0.0,,0.0,1.0,1.0,,1.0,0.0,0.0,1.0,,1.0,,,,,,0.0,,1.0,0.0,0.0,1.0,,0.0,,0.0,0.0
Person_889,,,0.0,1.0,,,1.0,1.0,0.0,,1.0,0.0,,0.0,1.0,,,,1.0,0.0,0.0,0.0,0.0,0.0,0.0,1.0,0.0,1.0,,1.0,,1.0,0.0,,1.0,,0.0,1.0,,1.0,,,1.0,1.0,1.0,0.0,0.0,,0.0,0.0
Person_890,,1.0,1.0,1.0,1.0,,,1.0,1.0,0.0,1.0,,,,0.0,1.0,0.0,,1.0,,0.0,,1.0,,1.0,,0.0,,1.0,,1.0,1.0,,1.0,,,,,1.0,1.0,1.0,,1.0,1.0,,,1.0,1.0,,0.0
Person_891,1.0,0.0,1.0,,0.0,0.0,,0.0,,0.0,1.0,1.0,1.0,,0.0,0.0,0.0,1.0,0.0,1.0,,,,,1.0,0.0,0.0,1.0,0.0,1.0,0.0,1.0,,1.0,0.0,0.0,1.0,0.0,0.0,,,1.0,1.0,0.0,,,0.0,0.0,0.0,1.0
Person_892,0.0,,,0.0,1.0,0.0,0.0,0.0,,0.0,,1.0,,0.0,,0.0,0.0,0.0,,1.0,1.0,0.0,0.0,,0.0,0.0,1.0,0.0,0.0,0.0,0.0,0.0,,0.0,1.0,,0.0,0.0,0.0,1.0,,0.0,,0.0,0.0,,,,0.0,
Person_893,0.0,0.0,,,1.0,0.0,0.0,1.0,,1.0,0.0,,,,1.0,0.0,0.0,0.0,,,0.0,,1.0,,1.0,,0.0,0.0,1.0,1.0,0.0,1.0,,,0.0,0.0,0.0,,1.0,1.0,0.0,1.0,1.0,,1.0,,,1.0,,
Person_894,1.0,1.0,,1.0,1.0,1.0,,1.0,0.0,1.0,1.0,1.0,,0.0,,1.0,,,1.0,,1.0,,,0.0,1.0,,,,1.0,1.0,,,0.0,,,,1.0,1.0,1.0,1.0,,,1.0,,1.0,0.0,1.0,1.0,1.0,0.0
Person_895,,,0.0,0.0,,0.0,,,,0.0,1.0,1.0,1.0,,0.0,,0.0,0.0,0.0,0.0,0.0,,,0.0,0.0,,0.0,0.0,,,,0.0,0.0,1.0,,0.0,0.0,1.0,0.0,1.0,0.0,0.0,0.0,0.0,,0.0,,0.0,0.0,
Person_896,0.0,,,0.0,0.0,,1.0,1.0,1.0,0.0,,1.0,1.0,0.0,1.0,1.0,0.0,0.0,1.0,,1.0,0.0,0.0,1.0,1.0,,1.0,,1.0,,,1.0,1.0,1.0,1.0,,1.0,1.0,1.0,,1.0,,1.0,0.0,,0.0,0.0,1.0,,1.0
Person_897,,,0.0,,,,,0.0,0.0,0.0,0.0,,,,,1.0,0.0,,0.0,,,0.0,,0.0,,,,0.0,,,,,0.0,0.0,,,0.0,0.0,,0.0,0.0,,0.0,0.0,,,,,,0.0
Person_898,0.0,0.0,,,1.0,0.0,,,,0.0,,,,1.0,0.0,,0.0,0.0,0.0,1.0,0.0,0.0,,0.0,0.0,0.0,0.0,,1.0,,0.0,1.0,0.0,1.0,0.0,0.0,0.0,0.0,,,,,,0.0,,1.0,1.0,,,0.0
Person_899,,,,0.0,1.0,0.0,,0.0,0.0,,,,0.0,0.0,,0.0,0.0,,0.0,1.0,,0.0,0.0,0.0,,,1.0,0.0,0.0,,,0.0,,0.0,,,,0.0,1.0,0.0,,0.0,0.0,,,,0.0,0.0,1.0,
Person_900,0.0,1.0,0.0,0.0,,0.0,1.0,1.0,1.0,1.0,0.0,1.0,,,0.0,,,,1.0,1.0,,0.0,,1.0,1.0,,,0.0,1.0,1.0,,1.0,0.0,0.0,1.0,0.0,,,0.0,1.0,0.0,0.0,0.0,1.0,,1.0,,1.0,,0.0
Person_901,1.0,0.0,,0.0,0.0,0.0,,,,1.0,,,0.0,,0.0,1.0,0.0,,1.0,0.0,1.0,0.0,,0.0,0.0,,0.0,,,0.0,0.0,1.0,0.0,1.0,1.0,1.0,0.0,0.0,1.0,1.0,0.0,,,,,1.0,0.0,,0.0,
Person_902,0.0,,0.0,,1.0,1.0,1.0,,,1.0,1.0,1.0,1.0,0.0,,,0.0,,1.0,1.0,,,1.0,,1.0,1.0,,,,0.0,,0.0,,1.0,0.0,,1.0,,0.0,,1.0,0.0,1.0,0.0,,0.0,1.0,,0.0,
Person_903,,,,1.0,,1.0,1.0,,,1.0,1.0,,1.0,1.0,0.0,1.0,0.0,0.0,,1.0,,0.0,1.0,,1.0,,,,1.0,,,1.0,,1.0,0.0,0.0,0.0,0.0,1.0,,1.0,,1.0,1.0,,,0.0,1.0,,1.0
Person_904,1.0,1.0,,0.0,1.0,,1.0,0.0,,,,0.0,1.0,,0.0,,,,,1.0,,,1.0,,1.0,1.0,1.0,,1.0,,,,1.0,,0.0,,1.0,1.0,,,1.0,1.0,1.0,1.0,1.0,0.0,,,,1.0
Person_905,0.0,,0.0,,0.0,0.0,,1.0,0.0,,1.0,1.0,0.0,,0.0,,,,,,0.0,0.0,0.0,1.0,0.0,,0.0,0.0,0.0,1.0,,,0.0,,1.0,0.0,,0.0,0.0,0.0,1.0,0.0,0.0,,1.0,,1.0,0.0,0.0,0.0
Person_906,0.0,0.0,0.0,0.0,,0.0,0.0,0.0,0.0,0.0,0.0,,,0.0,,,,0.0,1.0,0.0,0.0,,,,0.0,1.0,,,,0.0,,0.0,0.0,,,0.0,,,0.0,0.0,0.0,,0.0,0.0,0.0,,0.0,0.0,0.0,0.0
Person_907,,1.0,,,,,0.0,0.0,0.0,,1.0,1.0,0.0,,,,0.0,0.0,0.0,0.0,1.0,0.0,0.0,,0.0,,0.0,0.0,1.0,1.0,,0.0,0.0,0.0,1.0,,0.0,0.0,1.0,0.0,0.0,1.0,,1.0,,1.0,,,,0.0
Person_908,0.0,1.0,,0.0,1.0,1.0,,1.0,,1.0,1.0,1.0,1.0,1.0,0.0,1.0,1.0,,1.0,,1.0,1.0,1.0,0.0,1.0,,1.0,1.0,1.0,1.0,1.0,1.0,,,1.0,,1.0,1.0,1.0,1.0,1.0,1.0,1.0,,,0.0,,1.0,1.0,1.0
Person_909,0.0,,0.0,,0.0,,0.0,0.0,1.0,0.0,0.0,,,0.0,0.0,0.0,,,,,0.0,0.0,0.0,0.0,,0.0,0.0,0.0,0.0,,0.0,0.0,,0.0,,,,,,,,,0.0,,0.0,0.0,0.0,0.0,0.0,0.0
Person_910,,1.0,1.0,0.0,1.0,1.0,,,1.0,1.0,1.0,1.0,0.0,1.0,1.0,1.0,1.0,,1.0,1.0,1.0,0.0,1.0,,1.0,1.0,,,1.0,1.0,0.0,,0.0,,1.0,,1.0,1.0,,1.0,,1.0,1.0,,1.0,1.0,1.0,,0.0,1.0
Person_911,,,0.0,1.0,1.0,,1.0,,1.0,,1.0,,,0.0,1.0,1.0,1.0,0.0,,,0.0,0.0,1.0,0.0,1.0,1.0,0.0,1.0,,1.0,,,0.0,,0.0,0.0,0.0,,1.0,1.0,,0.0,1.0,,1.0,1.0,0.0,,,0.0
Person_912,,,1.0,,,,1.0,,,0.0,0.0,1.0,,1.0,,,1.0,1.0,,1.0,,,1.0,0.0,,,0.0,,,0.0,0.0,1.0,0.0,1.0,0.0,1.0,,1.0,,1.0,1.0,,,1.0,1.0,,,1.0,0.0,
Person_913,,,0.0,,,0.0,,1.0,,1.0,,,1.0,,0.0,0.0,,0.0,,0.0,1.0,,1.0,1.0,,1.0,1.0,1.0,1.0,0.0,0.0,1.0,0.0,1.0,,0.0,0.0,0.0,,,,,1.0,1.0,1.0,0.0,0.0,1.0,0.0,1.0
Person_914,0.0,1.0,,,1.0,0.0,,0.0,0.0,,,1.0,1.0,,,0.0,0.0,,1.0,1.0,,0.0,1.0,0.0,0.0,,,1.0,,1.0,,1.0,1.0,0.0,1.0,,,0.0,1.0,,1.0,1.0,1.0,1.0,,,1.0,0.0,0.0,0.0
Person_915,0.0,,0.0,,1.0,0.0,1.0,1.0,1.0,,,1.0,,0.0,,0.0,,1.0,1.0,1.0,,,1.0,0.0,,1.0,0.0,0.0,1.0,1.0,,,1.0,1.0,1.0,1.0,1.0,,0.0,0.0,1.0,,,,0.0,,1.0,1.0,0.0,
Person_916,1.0,0.0,,0.0,0.0,1.0,0.0,0.0,0.0,0.0,,1.0,,0.0,0.0,,0.0,,0.0,0.0,0.0,0.0,,,0.0,,1.0,0.0,1.0,0.0,,0.0,0.0,0.0,1.0,0.0,,0.0,0.0,0.0,0.0,,0.0,,0.0,0.0,,1.0,,
Person_917,1.0,,0.0,,,,1.0,,1.0,,1.0,,1.0,1.0,1.0,1.0,1.0,1.0,1.0,1.0,,0.0,1.0,,0.0,0.0,0.0,0.0,1.0,,1.0,,,1.0,1.0,,,1.0,1.0,1.0,1.0,,,,,0.0,1.0,1.0,,1.0
Person_918,0.0,,,,0.0,0.0,,0.0,0.0,0.0,,,0.0,,0.0,0.0,,,1.0,1.0,,0.0,0.0,0.0,,,0.0,,,0.0,0.0,0.0,0.0,,0.0,0.0,,,,,,,0.0,,,,0.0,1.0,0.0,
Person_919,,,1.0,0.0,,0.0,,,1.0,,1.0,,,1.0,,0.0,0.0,,1.0,1.0,,,1.0,,,1.0,0.0,,,,0.0,,,1.0,,0.0,1.0,1.0,,1.0,0.0,0.0,0.0,,1.0,,0.0,0.0,0.0,1.0
Person_920,0.0,0.0,0.0,,,0.0,,1.0,,,1.0,,,0.0,,,0.0,,1.0,,,,,0.0,0.0,0.0,,,,0.0,,1.0,1.0,1.0,1.0,,1.0,0.0,1.0,,0.0,,0.0,0.0,1.0,0.0,,,1.0,0.0
Person_921,1.0,1.0,0.0,,,,,,0.0,1.0,1.0,,,1.0,,0.0,1.0,,,1.0,0.0,0.0,1.0,,,,,1.0,0.0,,,,0.0,1.0,1.0,,,1.0,1.0,1.0,,0.0,,,1.0,0.0,0.0,,,1.0
Person_922,0.0,1.0,0.0,0.0,1.0,0.0,,,,,,0.0,0.0,,1.0,1.0,,,1.0,1.0,,0.0,1.0,,0.0,,,1.0,,0.0,1.0,1.0,,,,0.0,1.0,1.0,1.0,1.0,0.0,1.0,0.0,1.0,1.0,,0.0,0.0,,0.0
Person_923,0.0,,0.0,0.0,1.0,0.0,,,1.0,,1.0,1.0,1.0,,0.0,1.0,,,1.0,,1.0,,,0.0,1.0,1.0,1.0,1.0,,,0.0,1.0,1.0,0.0,0.0,0.0,,1.0,1.0,,,,,1.0,1.0,1.0,,,,
Person_924,0.0,1.0,,,1.0,0.0,1.0,0.0,1.0,1.0,,,1.0,1.0,1.0,1.0,,,1.0,,,1.0,,,1.0,1.0,1.0,1.0,1.0,1.0,,,,0.0,1.0,,1.0,1.0,1.0,,1.0,1.0,,,1.0,,,1.0,1.0,1.0
Person_925,1.0,,0.0,0.0,1.0,,,,0.0,1.0,1.0,,,1.0,0.0,0.0,0.0,0.0,0.0,,0.0,,1.0,,0.0,1.0,0.0,0.0,1.0,1.0,0.0,0.0,0.0,0.0,0.0,0.0,,,0.0,1.0,0.0,0.0,0.0,1.0,1.0,,,0.0,0.0,
Person_926,1.0,1.0,0.0,,1.0,1.0,,0.0,1.0,,1.0,,,1.0,1.0,0.0,,,0.0,1.0,,1.0,1.0,0.0,0.0,1.0,0.0,1.0,1.0,,,1.0,0.0,1.0,0.0,,1.0,,,1.0,,0.0,,1.0,1.0,1.0,,0.0,0.0,1.0
Person_927,0.0,0.0,0.0,,,,0.0,0.0,0.0,0.0,0.0,,1.0,,,,,1.0,,0.0,0.0,0.0,0.0,,,0.0,,1.0,0.0,,0.0,1.0,,1.0,1.0,,0.0,,,,,1.0,0.0,0.0,,,,1.0,0.0,
Person_928,,1.0,0.0,0.0,1.0,1.0,0.0,0.0,,1.0,0.0,0.0,,0.0,,0.0,,1.0,,0.0,,1.0,0.0,,1.0,1.0,,,0.0,0.0,0.0,,,,1.0,0.0,,,0.0,,0.0,,0.0,0.0,,0.0,0.0,0.0,0.0,0.0
Person_929,0.0,,,,1.0,0.0,0.0,1.0,,0.0,,1.0,,,1.0,1.0,0.0,0.0,,1.0,,1.0,,1.0,,1.0,1.0,0.0,1.0,,0.0,,0.0,1.0,,0.0,,,1.0,1.0,1.0,,,,,,,0.0,,
Person_930,1.0,1.0,1.0,0.0,1.0,1.0,1.0,0.0,,,,1.0,1.0,1.0,1.0,,0.0,1.0,1.0,,,1.0,,,0.0,,1.0,,,1.0,1.0,1.0,0.0,,1.0,,,1.0,0.0,,,,,1.0,,,0.0,,0.0,1.0
Person_931,0.0,1.0,0.0,1.0,1.0,0.0,1.0,1.0,1.0,,,1.0,1.0,,,,,,1.0,,,,0.0,0.0,0.0,,,,,,,,0.0,1.0,1.0,0.0,0.0,,0.0,,,1.0,0.0,,,,,1.0,,1.0
Person_932,1.0,1.0,1.0,,1.0,,,0.0,,,1.0,0.0,,,,0.0,1.0,,1.0,,,0.0,1.0,,0.0,,0.0,0.0,1.0,0.0,,1.0,,,1.0,1.0,1.0,,1.0,,0.0,,1.0,,,1.0,0.0,1.0,1.0,
Person_933,,0.0,0.0,,1.0,,,,0.0,0.0,1.0,1.0,0.0,,,0.0,1.0,1.0,,,,0.0,0.0,0.0,0.0,,0.0,0.0,1.0,0.0,,1.0,0.0,0.0,,,1.0,0.0,,1.0,0.0,,0.0,1.0,0.0,,,0.0,,
Person_934,,,0.0,0.0,,0.0,0.0,,,0.0,,,,,,0.0,0.0,,,,0.0,0.0,,0.0,0.0,0.0,,0.0,0.0,0.0,0.0,0.0,,0.0,0.0,,0.0,,,,,0.0,0.0,,,0.0,0.0,0.0,0.0,0.0
Person_935,,1.0,0.0,0.0,,,0.0,0.0,,0.0,0.0,1.0,0.0,,0.0,,,1.0,1.0,,,0.0,0.0,0.0,0.0,,1.0,0.0,0.0,0.0,0.0,,0.0,1.0,0.0,,,0.0,0.0,,1.0,0.0,,,1.0,0.0,,,1.0,1.0
Person_936,0.0,,,1.0,1.0,,0.0,,0.0,,1.0,,1.0,,0.0,,0.0,,,1.0,,0.0,,,0.0,1.0,,,1.0,,,1.0,,1.0,0.0,0.0,,,,1.0,0.0,1.0,1.0,1.0,1.0,0.0,1.0,1.0,,0.0
Person_937,0.0,,0.0,0.0,0.0,,,0.0,,0.0,,,,,,0.0,0.0,0.0,,,1.0,0.0,,0.0,,1.0,1.0,1.0,,1.0,,0.0,0.0,,0.0,0.0,0.0,,0.0,0.0,0.0,,0.0,1.0,1.0,0.0,,,,
Person_938,1.0,0.0,,0.0,1.0,0.0,0.0,,0.0,0.0,,1.0,0.0,0.0,0.0,0.0,0.0,,1.0,1.0,0.0,,,0.0,0.0,,0.0,0.0,,0.0,,,,,0.0,,1.0,,0.0,,,1.0,,1.0,1.0,0.0,0.0,1.0,0.0,0.0
Person_939,0.0,,0.0,0.0,,1.0,0.0,1.0,0.0,,0.0,0.0,,0.0,0.0,0.0,0.0,,1.0,0.0,,,0.0,0.0,0.0,0.0,,,,0.0,,,0.0,,1.0,,0.0,,,1.0,,1.0,,,1.0,0.0,,1.0,0.0,1.0
Person_940,1.0,1.0,,1.0,1.0,,,1.0,,1.0,,1.0,,,1.0,,,1.0,,1.0,1.0,1.0,,,,1.0,1.0,1.0,,,,1.0,,1.0,,1.0,1.0,1.0,1.0,1.0,,,,,1.0,,1.0,1.0,,
Person_941,1.0,1.0,0.0,,1.0,1.0,1.0,,1.0,1.0,,1.0,,1.0,,,1.0,0.0,1.0,1.0,1.0,0.0,1.0,0.0,0.0,1.0,,1.0,1.0,1.0,1.0,1.0,0.0,1.0,1.0,1.0,1.0,,1.0,,1.0,,1.0,,,1.0,,1.0,0.0,
Person_942,0.0,,,1.0,,0.0,1.0,1.0,1.0,1.0,,1.0,1.0,0.0,0.0,0.0,0.0,,0.0,,1.0,0.0,0.0,,0.0,,0.0,0.0,1.0,,0.0,1.0,1.0,,,0.0,,,,1.0,1.0,0.0,,1.0,1.0,,,,0.0,0.0
Person_943,1.0,1.0,1.0,1.0,,1.0,1.0,1.0,,1.0,,1.0,,1.0,1.0,,1.0,,1.0,1.0,1.0,,,1.0,1.0,,1.0,,1.0,1.0,0.0,1.0,0.0,,,,1.0,,1.0,,1.0,1.0,1.0,1.0,,,,1.0,1.0,
Person_944,,,,0.0,1.0,1.0,1.0,1.0,,,0.0,,,,0.0,0.0,0.0,0.0,1.0,1.0,1.0,0.0,,0.0,,,,0.0,1.0,,,1.0,,1.0,,,,,1.0,1.0,0.0,1.0,1.0,,1.0,0.0,,1.0,1.0,
Person_945,,,,1.0,,0.0,1.0,,0.0,1.0,,1.0,1.0,,,1.0,1.0,,1.0,1.0,1.0,,1.0,0.0,0.0,1.0,1.0,,1.0,1.0,,,,,,,1.0,,1.0,1.0,,1.0,1.0,1.0,1.0,1.0,1.0,,0.0,1.0
Person_946,0.0,0.0,0.0,0.0,1.0,0.0,0.0,0.0,,,0.0,1.0,,,0.0,0.0,,0.0,0.0,0.0,0.0,,0.0,0.0,1.0,,,1.0,0.0,,0.0,,1.0,0.0,1.0,,0.0,0.0,1.0,1.0,1.0,0.0,0.0,0.0,,,1.0,0.0,,0.0
Person_947,0.0,1.0,,0.0,1.0,,1.0,0.0,,,,,0.0,,,0.0,,0.0,1.0,1.0,0.0,,,0.0,0.0,,,0.0,1.0,,0.0,1.0,,1.0,,,1.0,,,,,1.0,,,1.0,0.0,,0.0,0.0,0.0
Person_948,0.0,1.0,1.0,,1.0,0.0,1.0,,,1.0,,,1.0,0.0,0.0,,0.0,0.0,,1.0,1.0,1.0,,0.0,0.0,1.0,0.0,,1.0,,1.0,,,0.0,1.0,0.0,,,0.0,,1.0,1.0,1.0,1.0,,0.0,,1.0,1.0,
Person_949,1.0,,,,1.0,1.0,1.0,,,1.0,,1.0,1.0,1.0,,,,,,,,,1.0,,,1.0,1.0,1.0,,0.0,,1.0,,,1.0,,1.0,0.0,,,1.0,,1.0,1.0,1.0,1.0,,,1.0,0.0
Person_950,,,0.0,1.0,1.0,,,,,1.0,,1.0,0.0,1.0,1.0,0.0,1.0,1.0,,,1.0,,,1.0,,,1.0,1.0,,,,,1.0,,1.0,0.0,,1.0,1.0,1.0,,1.0,,,1.0,,1.0,,,1.0
Person_951,,1.0,,0.0,1.0,,,1.0,,,1.0,1.0,,,1.0,,,,1.0,1.0,,,1.0,0.0,,,1.0,,1.0,,,,,,,,1.0,1.0,1.0,,1.0,,1.0,1.0,1.0,1.0,1.0,1.0,,
Person_952,1.0,1.0,,,1.0,1.0,1.0,,,,,,1.0,,,,1.0,1.0,,,,1.0,1.0,,0.0,1.0,1.0,1.0,,1.0,1.0,1.0,0.0,,,,1.0,,1.0,1.0,,,1.0,1.0,,1.0,,1.0,1.0,0.0
Person_953,1.0,,,0.0,1.0,0.0,,1.0,,1.0,0.0,1.0,,,,1.0,1.0,0.0,0.0,0.0,0.0,1.0,,0.0,0.0,1.0,,,,1.0,0.0,1.0,0.0,1.0,1.0,,,0.0,0.0,1.0,1.0,0.0,,,,,,,0.0,
Person_954,,1.0,,,,0.0,,0.0,,,,1.0,1.0,0.0,0.0,0.0,0.0,,,1.0,0.0,0.0,,,0.0,,,1.0,,,,,,,0.0,0.0,0.0,,1.0,,1.0,0.0,,,1.0,,,,,1.0
Person_955,0.0,,1.0,1.0,1.0,1.0,,1.0,1.0,1.0,1.0,1.0,,,1.0,1.0,1.0,1.0,1.0,,1.0,1.0,,1.0,1.0,,,1.0,1.0,1.0,1.0,,1.0,,1.0,1.0,,1.0,1.0,,,,,1.0,1.0,1.0,1.0,1.0,1.0,
Person_956,,,0.0,0.0,,0.0,1.0,,1.0,0.0,,1.0,0.0,,,0.0,0.0,1.0,1.0,1.0,0.0,0.0,,0.0,,1.0,,1.0,1.0,0.0,,,,0.0,,,0.0,,,1.0,0.0,,1.0,1.0,0.0,,0.0,0.0,0.0,0.0
Person_957,,,0.0,1.0,1.0,,0.0,1.0,0.0,0.0,0.0,,,1.0,,,0.0,,1.0,1.0,0.0,1.0,,0.0,1.0,0.0,,0.0,,,,1.0,0.0,1.0,1.0,,1.0,1.0,1.0,0.0,0.0,1.0,1.0,,1.0,,,,0.0,
Person_958,0.0,,1.0,1.0,1.0,1.0,1.0,,1.0,,1.0,1.0,,1.0,1.0,,1.0,,,1.0,,1.0,,,,1.0,,,1.0,,0.0,,,1.0,,0.0,1.0,,,,,1.0,0.0,1.0,1.0,,0.0,1.0,0.0,
Person_959,1.0,,,,1.0,1.0,,0.0,,,,1.0,,1.0,,1.0,,,1.0,1.0,,1.0,1.0,1.0,0.0,1.0,,0.0,1.0,,0.0,,0.0,,1.0,,0.0,0.0,,0.0,,0.0,,1.0,1.0,0.0,,,0.0,1.0
Person_960,,1.0,0.0,0.0,0.0,0.0,1.0,0.0,0.0,0.0,1.0,1.0,,1.0,,,,,,,0.0,0.0,0.0,,1.0,,0.0,0.0,,1.0,0.0,1.0,,0.0,0.0,,0.0,0.0,,,,0.0,1.0,0.0,,,0.0,,,
Person_961,1.0,1.0,,1.0,,1.0,,,1.0,1.0,1.0,1.0,,,0.0,1.0,,,1.0,,,,0.0,0.0,,,1.0,,1.0,,,,,1.0,1.0,0.0,1.0,,,1.0,1.0,1.0,,,1.0,1.0,1.0,1.0,1.0,
Person_962,1.0,1.0,1.0,,,,,1.0,1.0,,1.0,1.0,0.0,0.0,1.0,,,,1.0,,1.0,,,,1.0,,1.0,1.0,0.0,,,,0.0,1.0,1.0,0.0,1.0,1.0,,,1.0,,1.0,1.0,1.0,0.0,1.0,,0.0,
Person_963,1.0,1.0,1.0,1.0,,,1.0,,1.0,,1.0,1.0,1.0,,0.0,1.0,,,,0.0,1.0,1.0,1.0,,1.0,1.0,0.0,1.0,1.0,1.0,0.0,1.0,1.0,1.0,1.0,,1.0,0.0,,,1.0,1.0,1.0,1.0,,0.0,,,1.0,1.0
Person_964,,,1.0,,0.0,,0.0,,0.0,0.0,1.0,1.0,,0.0,0.0,0.0,0.0,0.0,,0.0,0.0,1.0,0.0,,0.0,,,1.0,,,,,,1.0,0.0,0.0,0.0,1.0,1.0,,0.0,,,0.0,,,1.0,0.0,0.0,
Person_965,0.0,,0.0,0.0,,0.0,,1.0,1.0,,0.0,1.0,,0.0,0.0,,,1.0,0.0,0.0,0.0,,,0.0,0.0,,0.0,,1.0,,0.0,1.0,0.0,0.0,,,1.0,,,,,1.0,0.0,,,0.0,,0.0,,0.0
Person_966,1.0,0.0,,0.0,1.0,,,,1.0,0.0,,1.0,1.0,0.0,,0.0,0.0,0.0,0.0,,0.0,0.0,0.0,,,0.0,0.0,0.0,,1.0,0.0,1.0,,,,,,1.0,1.0,,1.0,,,,1.0,,,0.0,,0.0
Person_967,0.0,1.0,,1.0,,0.0,1.0,0.0,1.0,0.0,1.0,1.0,0.0,0.0,,,,0.0,1.0,1.0,0.0,,0.0,,,,,,1.0,1.0,1.0,1.0,0.0,,0.0,1.0,,0.0,1.0,1.0,,,0.0,1.0,0.0,0.0,,,,
Person_968,,1.0,0.0,0.0,1.0,0.0,0.0,0.0,0.0,0.0,1.0,,0.0,0.0,0.0,0.0,,,1.0,0.0,,0.0,0.0,0.0,0.0,,0.0,1.0,0.0,0.0,0.0,0.0,,0.0,0.0,0.0,,0.0,,0.0,,,0.0,0.0,,0.0,1.0,1.0,,
Person_969,1.0,,0.0,0.0,1.0,,1.0,0.0,0.0,1.0,,,,0.0,,1.0,1.0,0.0,1.0,1.0,0.0,,,0.0,,1.0,0.0,,1.0,,,0.0,0.0,1.0,1.0,,0.0,0.0,0.0,1.0,1.0,0.0,1.0,1.0,,0.0,1.0,0.0,,0.0
Person_970,1.0,,0.0,0.0,,,0.0,0.0,1.0,1.0,0.0,,,,,0.0,,0.0,,,0.0,,1.0,,0.0,1.0,0.0,1.0,1.0,0.0,0.0,1.0,0.0,1.0,,0.0,,1.0,1.0,1.0,1.0,0.0,1.0,,,0.0,,0.0,0.0,0.0
Person_971,1.0,,,,,0.0,1.0,1.0,1.0,0.0,,,,,0.0,,0.0,0.0,,1.0,,,0.0,,,0.0,,,,0.0,0.0,1.0,,1.0,,1.0,1.0,0.0,1.0,,1.0,0.0,,1.0,0.0,0.0,,,1.0,
Person_972,,,0.0,0.0,1.0,0.0,1.0,,1.0,,,1.0,1.0,1.0,,0.0,,,1.0,1.0,0.0,,1.0,,,1.0,0.0,0.0,0.0,,,1.0,0.0,0.0,0.0,1.0,,,1.0,0.0,,0.0,,1.0,,0.0,,0.0,1.0,
Person_973,0.0,0.0,0.0,,0.0,0.0,0.0,0.0,,,0.0,0.0,,0.0,0.0,0.0,,0.0,0.0,0.0,,,0.0,,0.0,0.0,,0.0,0.0,,0.0,,0.0,,0.0,,0.0,,0.0,0.0,,,,0.0,1.0,0.0,0.0,0.0,0.0,
Person_974,0.0,,,,1.0,1.0,1.0,,,,1.0,1.0,,,0.0,,,0.0,,1.0,1.0,1.0,,1.0,1.0,1.0,1.0,,1.0,1.0,,1.0,1.0,,1.0,,1.0,,0.0,1.0,1.0,,,1.0,0.0,0.0,0.0,,1.0,1.0
Person_975,0.0,1.0,0.0,1.0,,0.0,,0.0,1.0,1.0,1.0,,1.0,0.0,1.0,0.0,,,,0.0,,,0.0,1.0,0.0,,0.0,0.0,0.0,1.0,,,0.0,,,1.0,0.0,0.0,1.0,1.0,1.0,,,,1.0,0.0,,,0.0,
Person_976,0.0,1.0,0.0,0.0,,1.0,0.0,,1.0,,0.0,1.0,,,0.0,,0.0,,,1.0,0.0,,0.0,0.0,,,,0.0,,,,,,0.0,0.0,,0.0,,,,,,1.0,0.0,,,0.0,0.0,0.0,
Person_977,1.0,0.0,1.0,0.0,1.0,0.0,1.0,0.0,,0.0,,0.0,1.0,,,0.0,0.0,,,1.0,1.0,0.0,,,,0.0,0.0,1.0,0.0,0.0,,,0.0,,0.0,0.0,0.0,,0.0,,1.0,,,,1.0,0.0,1.0,,1.0,0.0
Person_978,0.0,,,0.0,1.0,0.0,,0.0,,0.0,0.0,0.0,1.0,0.0,1.0,,0.0,0.0,,,,0.0,,0.0,0.0,0.0,,0.0,1.0,1.0,0.0,0.0,0.0,0.0,1.0,,,0.0,,,1.0,1.0,0.0,0.0,,0.0,0.0,0.0,0.0,
Person_979,1.0,,,,,,0.0,,,0.0,0.0,0.0,,0.0,,,0.0,0.0,,,,0.0,,,0.0,,0.0,,,,0.0,,1.0,,,,0.0,0.0,,0.0,0.0,,1.0,,0.0,,0.0,0.0,0.0,
Person_980,,1.0,,0.0,,,1.0,,1.0,1.0,1.0,1.0,,1.0,0.0,0.0,0.0,0.0,1.0,1.0,1.0,,,,,0.0,,1.0,,,1.0,1.0,,1.0,1.0,1.0,,,1.0,1.0,1.0,1.0,1.0,,,,1.0,1.0,,
Person_981,1.0,,1.0,1.0,1.0,1.0,,,,,1.0,1.0,1.0,1.0,1.0,,1.0,1.0,1.0,1.0,1.0,,1.0,1.0,1.0,,,1.0,,,,1.0,1.0,,,1.0,1.0,1.0,,1.0,1.0,,1.0,,1.0,,1.0,1.0,1.0,1.0
Person_982,0.0,1.0,0.0,0.0,0.0,,,0.0,,,0.0,0.0,0.0,,0.0,0.0,,,0.0,0.0,,0.0,0.0,0.0,,0.0,,0.0,0.0,0.0,0.0,0.0,0.0,,0.0,,0.0,,,0.0,,0.0,1.0,,0.0,,,1.0,1.0,
Person_983,,1.0,0.0,0.0,1.0,,0.0,0.0,0.0,,0.0,0.0,1.0,0.0,,,0.0,,,,0.0,0.0,,,,1.0,,,1.0,0.0,0.0,1.0,,,0.0,0.0,1.0,,0.0,0.0,0.0,0.0,,0.0,0.0,0.0,,0.0,0.0,
Person_984,,0.0,0.0,0.0,,0.0,1.0,,,1.0,0.0,1.0,0.0,0.0,1.0,,0.0,0.0,1.0,1.0,,,0.0,,,1.0,,,,0.0,,1.0,,0.0,1.0,0.0,,,0.0,,1.0,0.0,,1.0,1.0,,1.0,1.0,0.0,0.0
Person_985,1.0,1.0,,,1.0,,,1.0,1.0,1.0,,,0.0,0.0,1.0,0.0,,1.0,0.0,,,0.0,0.0,,1.0,,0.0,,1.0,0.0,0.0,0.0,,0.0,1.0,1.0,,0.0,1.0,1.0,1.0,,,,1.0,,0.0,1.0,0.0,1.0
Person_986,0.0,1.0,1.0,,1.0,1.0,1.0,,1.0,1.0,1.0,,1.0,1.0,1.0,1.0,,,,,1.0,1.0,0.0,1.0,,,1.0,,0.0,1.0,0.0,1.0,0.0,1.0,1.0,,1.0,1.0,,,1.0,,1.0,1.0,,,1.0,,1.0,1.0
Person_987,1.0,,0.0,0.0,,0.0,,0.0,,0.0,1.0,,0.0,0.0,0.0,,0.0,,1.0,,0.0,,0.0,,0.0,,0.0,0.0,0.0,0.0,0.0,0.0,,1.0,1.0,0.0,1.0,,,,1.0,0.0,1.0,,,,0.0,,,
Person_988,0.0,1.0,,0.0,0.0,,,0.0,,0.0,0.0,1.0,1.0,,0.0,0.0,,0.0,,0.0,,,1.0,,1.0,1.0,,,0.0,0.0,0.0,0.0,0.0,0.0,,,,,,1.0,,,0.0,0.0,1.0,0.0,,,,0.0
Person_989,0.0,,,,0.0,0.0,0.0,,,1.0,,0.0,,0.0,0.0,0.0,0.0,0.0,0.0,0.0,,,,0.0,0.0,1.0,,,,,0.0,,0.0,0.0,0.0,0.0,0.0,0.0,,,0.0,0.0,0.0,0.0,,0.0,0.0,0.0,,0.0
Person_990,0.0,,1.0,0.0,,1.0,1.0,,,1.0,,1.0,,,,,0.0,,,1.0,,1.0,1.0,,1.0,1.0,,,,,,1.0,,1.0,1.0,,1.0,1.0,,1.0,1.0,1.0,1.0,,1.0,1.0,,0.0,1.0,1.0
Person_991,,1.0,,0.0,,1.0,,1.0,1.0,0.0,1.0,,,0.0,0.0,,0.0,,0.0,1.0,1.0,0.0,0.0,0.0,,1.0,1.0,,0.0,,0.0,1.0,,1.0,,0.0,1.0,0.0,,0.0,0.0,0.0,,1.0,1.0,,0.0,1.0,,1.0
Person_992,1.0,,1.0,1.0,1.0,1.0,,1.0,1.0,,1.0,1.0,0.0,,0.0,,,1.0,,1.0,,1.0,,1.0,1.0,1.0,1.0,,,1.0,1.0,1.0,,1.0,1.0,1.0,1.0,,1.0,1.0,0.0,1.0,,,,,,,,
Person_993,1.0,,0.0,,,,1.0,,,0.0,1.0,,,0.0,1.0,1.0,1.0,1.0,,,1.0,,,,,1.0,,0.0,,1.0,1.0,,,1.0,1.0,0.0,,,,1.0,1.0,1.0,0.0,,1.0,1.0,1.0,1.0,1.0,1.0
Person_994,,,0.0,0.0,1.0,,,0.0,1.0,,0.0,,,0.0,0.0,0.0,,0.0,1.0,1.0,0.0,0.0,,0.0,1.0,0.0,,,,,,,0.0,,,1.0,0.0,,0.0,,,0.0,0.0,1.0,0.0,,0.0,1.0,0.0,0.0
Person_995,,1.0,,,1.0,,1.0,,1.0,1.0,1.0,1.0,,1.0,,1.0,1.0,1.0,1.0,1.0,,,1.0,0.0,0.0,0.0,1.0,,1.0,1.0,1.0,1.0,1.0,1.0,1.0,1.0,1.0,,,1.0,1.0,,1.0,1.0,1.0,1.0,,1.0,,1.0
Person_996,0.0,0.0,,,1.0,,,0.0,0.0,0.0,,1.0,0.0,,0.0,,0.0,0.0,0.0,0.0,0.0,0.0,0.0,,0.0,0.0,,0.0,0.0,,0.0,0.0,0.0,0.0,0.0,0.0,0.0,,0.0,,0.0,0.0,,0.0,,0.0,0.0,0.0,0.0,
Person_997,1.0,,1.0,,,1.0,1.0,1.0,1.0,1.0,,1.0,,1.0,,1.0,1.0,,1.0,1.0,,0.0,,0.0,,0.0,1.0,,1.0,,,1.0,1.0,,,1.0,1.0,0.0,1.0,1.0,0.0,1.0,,1.0,,0.0,,0.0,,1.0
Person_998,,1.0,,0.0,1.0,0.0,0.0,1.0,1.0,,0.0,1.0,,,0.0,,0.0,,1.0,,0.0,1.0,0.0,,0.0,,0.0,,0.0,0.0,0.0,1.0,,,,0.0,0.0,0.0,,1.0,0.0,0.0,,1.0,,0.0,,0.0,0.0,
Person_999,0.0,,,0.0,,,0.0,0.0,,,0.0,1.0,0.0,0.0,0.0,,0.0,0.0,,,,0.0,0.0,,0.0,,0.0,0.0,0.0,,0.0,0.0,0.0,0.0,0.0,0.0,0.0,,0.0,0.0,0.0,,1.0,0.0,0.0,,0.0,0.0,0.0,
Person_1000,0.0,,,,0.0,1.0,,1.0,0.0,1.0,1.0,,0.0,0.0,1.0,,0.0,0.0,1.0,0.0,0.0,0.0,1.0,,,1.0,0.0,,0.0,1.0,,1.0,,,,0.0,0.0,0.0,0.0,,0.0,,0.0,,0.0,0.0,,0.0,0.0,0.0
