,PC 1,PC 2,PC 3,PC 4,PC 5,PC 6,PC 7,PC 8
Item_1,-0.14146565836928449,-0.2091190705026106,0.1622586415399778,-0.030077202029076017,-0.02512476591935855,-0.17543129622067044,0.09519997243105938,1.150969617589373e-17
Item_2,0.00638833205178243,-0.03926153423396876,-0.18448235129610038,0.24045866333813914,0.1225126637637959,-0.11777422280124805,-0.08336124313122166,1.0925222729322175e-17
Item_3,0.0019373988649825237,0.25219315839025697,0.06158308313961468,-0.13496193722096037,-0.00612576839759295,-0.1595108924435307,-0.13748961934634302,1.1080855208285551e-17
Item_4,-0.10118081001526509,-0.10287048129192884,-0.1990271773154861,-0.12279479574840378,-0.1894617508587686,0.09200639462004478,-0.09757587141332869,1.093087699732951e-17
Item_5,-0.1554431699959014,0.1696658293982531,-0.09330370313295364,-0.0122498709762024,0.07149167822949798,0.076776822072384,0.2342007519958573,1.0297001988576444e-17
Item_6,0.2602641302672242,0.04087278495979469,0.043008744154555245,0.10853575917735925,-0.1947848261740376,0.009034104308249667,0.10665278042080911,1.1761821833224795e-17
Item_7,0.1983903355244187,-0.11196112797438759,-0.003193358603344854,-0.17253275361813125,0.20633738494076362,0.08509931172857049,0.0016446550375015204,1.1536967732905148e-17
Item_8,-0.10484090578219099,0.021764294549267985,0.20209675868064772,0.13236546868379057,0.025008512042097267,0.2074238748673224,-0.12127292312364261,1.0553560572109798e-17
