,PC 1,PC 2,PC 3,PC 4,PC 5,PC 6,PC 7,PC 8
Item_1,0.2606569029418388,0.01884786730742757,-0.06764023717673423,-0.16235027669965374,-0.02845541575954994,-0.04484394643859043,-0.17345911906070344,3.3607779397995982e-18
Item_2,-0.041281441565290934,-0.01905917168981296,-0.23496716838674106,0.23824427606814547,-0.0898322084866358,-0.061171318358900995,-0.04648855417014752,3.0720523252973445e-18
Item_3,-0.03904699782826215,0.3383080347031796,-0.015142041955083823,-0.03462119662379069,0.007536017368147344,0.04763848504024426,0.1165248165964656,3.499572583874647e-18
Item_4,-0.13304786580200995,-0.09172796849420402,0.08899533448463473,-0.11839845647148887,-0.20786557133837208,-0.1675399980453665,0.08758519743432717,2.9631033123952295e-18
Item_5,0.053610143101558386,0.004596747265770931,0.2843520906345832,0.17492181833496084,-0.036575593742157284,0.06549991142274746,-0.09465266179005205,3.1472772577781047e-18
Item_6,-0.1575286119545132,-0.030339669401141914,0.024473847159688433,-0.020071745059748736,0.27098167887541513,-0.14685764564877737,-0.07226172502025706,2.9557556050267468e-18
Item_7,-0.16564976570971454,-0.1203672114609178,-0.062111402461094575,-0.09946633463553411,-0.010809209429317821,0.2641052678759876,-0.049767281651588065,3.0390731345171874e-18
Item_8,0.19044680052910729,-0.15573122115914984,-0.013111614430583509,0.03167414124816648,0.10083935871890341,0.030644671725851846,0.23599390967548844,3.055987283029694e-18
