,Rater_1,Rater_2,Rater_3,Rater_4,Rater_5,Rater_6,Rater_7,Rater_8
Rater_1,1.0,0.0006830341564105278,-0.008084810205793094,-0.0006305017892688891,-0.017048828666031655,-0.009252539942107348,0.04002095847330359,-0.03765433283057636
Rater_2,0.0006830341564105278,1.0,-0.010156043570168543,-0.00487401272136967,-0.006842041864303263,0.019349140955660513,0.01088292090043663,-0.024866045017969043
Rater_3,-0.008084810205793094,-0.010156043570168543,1.0,-0.05485757213350792,-0.03277289698880805,0.03272228191822506,0.017566189536813433,0.013475490187700693
Rater_4,-0.0006305017892688891,-0.00487401272136967,-0.05485757213350792,1.0,-0.0044975487517060824,-0.0026532930725434198,-0.016486711059153086,-0.023494988122190055
Rater_5,-0.017048828666031655,-0.006842041864303263,-0.03277289698880805,-0.0044975487517060824,1.0,-0.012599631308131484,-0.011701439942909113,-0.030710523704541384
Rater_6,-0.009252539942107348,0.019349140955660513,0.03272228191822506,-0.0026532930725434198,-0.012599631308131484,1.0,-0.013911743317985628,-0.05680801230260796
Rater_7,0.04002095847330359,0.01088292090043663,0.017566189536813433,-0.016486711059153086,-0.011701439942909113,-0.013911743317985628,1.0,-0.05000920086175826
Rater_8,-0.03765433283057636,-0.024866045017969043,0.013475490187700693,-0.023494988122190055,-0.030710523704541384,-0.05680801230260796,-0.05000920086175826,1.0
