,PC 1,PC 2,PC 3,PC 4,PC 5,PC 6,PC 7,PC 8
Rater_1,-0.12389196987201323,-0.06915343447503366,-0.19126094332839785,-0.06053295034191209,-0.056229355022651785,0.24944339728176984,0.029289134626147476,1.6375174409001104e-17
Rater_2,-0.06358978731640538,-0.01710010411279167,0.09004437659502026,-0.043006235734013847,0.3259810069335822,0.0210545108120756,0.06887486011416788,1.6056491873015336e-17
Rater_3,0.17698972695832915,-0.19979297850605776,0.03747239289156679,0.02748238517013939,-0.08394170408978342,-0.051069581783672116,0.2103478226401647,1.6464520932174865e-17
Rater_4,-0.11028517081223436,0.2112080751986518,0.019967480028989588,-0.19089798956171264,-0.10520284507953384,-0.12426589708432212,0.0952136094868855,1.7549855081104264e-17
Rater_5,-0.06337854739466761,0.15669670039322797,0.047938372904595294,0.3084489206435836,-0.038159320276161354,0.031406427680235806,0.02893999254605299,1.771189550614582e-17
Rater_6,-0.04359291964249349,-0.11213678294265784,0.26260817264458414,-0.05505436450324316,-0.09659822623448157,0.05716743152663861,-0.16784104358651689,1.660457185887021e-17
Rater_7,-0.10909907808891707,-0.14682884489461331,-0.1702383998857056,0.05408152480010022,0.02229157813697609,-0.2134506685851891,-0.12305304845174071,1.6283825572957655e-17
Rater_8,0.2962295478321815,0.12835797207977448,-0.0894125355909435,-0.04423026881702357,0.043276278833868545,0.02961321479613093,-0.12702246981349266,1.922213902635205e-17
