,Item_1,Item_2,Item_3,Item_4,Item_5,Item_6,Item_7,Item_8
Item_1,1.0,-0.02503424349638786,-0.030253234422258017,-0.036952493018438615,-0.02230023321104372,-0.049729828870239134,-0.04899978566426021,0.035942728604638464
Item_2,-0.02503424349638786,1.0,-0.02092988783260185,-0.00524164307404692,-0.03198628597833831,0.0002826009583724237,0.007741666966148502,-0.003461185786924091
Item_3,-0.030253234422258017,-0.02092988783260185,1.0,-0.03238811807669868,-0.024217814574579135,-0.013889903804739973,-0.03628495875710918,-0.06473417231089909
Item_4,-0.036952493018438615,-0.00524164307404692,-0.03238811807669868,1.0,0.002230802242358429,0.02183349673894137,0.029808716832311153,-0.019423176211628545
Item_5,-0.02230023321104372,-0.03198628597833831,-0.024217814574579135,0.002230802242358429,1.0,-0.008930600828525101,-0.025491396548535217,0.006609174837695778
Item_6,-0.049729828870239134,0.0002826009583724237,-0.013889903804739973,0.02183349673894137,-0.008930600828525101,1.0,0.02670999604555566,-0.015179791869696677
Item_7,-0.04899978566426021,0.007741666966148502,-0.03628495875710918,0.029808716832311153,-0.025491396548535217,0.02670999604555566,1.0,-0.015047964682537876
Item_8,0.035942728604638464,-0.003461185786924091,-0.06473417231089909,-0.019423176211628545,0.006609174837695778,-0.015179791869696677,-0.015047964682537876,1.0
