,PC 1,PC 2,PC 3,PC 4,PC 5,PC 6,PC 7,PC 8
Item_1,0.16631456968052696,0.19114130033690885,-0.013557102119439508,0.12947217848191223,-0.005436624219255373,-0.12660156402966913,-0.17447338434406295,1.3809915966794668e-17
Item_2,-0.08676413796411646,-0.07225199226125051,-0.23272410703868526,-0.16106821056686402,-0.10163441187653172,-0.1581962335389906,-0.0040520364771928314,1.41770902633364e-17
Item_3,0.08241786625881276,-0.11680829169654026,0.06812068183788837,0.18556170259656565,-0.1636280285258293,-0.05485171440941285,0.1894596054559913,1.2934301511012654e-17
Item_4,-0.12196204452099313,0.2196749733609559,0.1128256062933518,-0.10772944421808325,-0.16036695924793115,0.1248720854236703,0.03424001010955682,1.4815335744127785e-17
Item_5,-0.048295131959141695,0.10440136772278279,0.040843663676337044,-0.030688432790809916,0.25843470850752936,-0.1042460100703913,0.17416689289126222,1.2422785216875935e-17
Item_6,0.2554684507149055,-0.056326750522029595,-0.10214374582708018,-0.09669459099911035,0.0658243873722959,0.19286976491854235,0.02665647108214783,1.4888246795353015e-17
Item_7,-0.02078395437491527,-0.19703194275232916,0.24293015317595332,-0.0972769494559544,0.042536916252731684,-0.0450862725540282,-0.13351024431805006,1.4604227058581284e-17
Item_8,-0.2168191573853372,-0.06317392283451168,-0.107577308075062,0.19713221702012182,0.08042496042959052,0.12989371097531116,-0.07404177136709315,1.4877928000579257e-17
