,PC 1,PC 2,PC 3,PC 4,PC 5,PC 6,PC 7,PC 8
Item_1,-0.06529535240009869,0.3140868939320022,-0.0026448635376437137,0.11872079296387449,0.06385752169678129,-0.19914772094730002,0.04966802171218176,6.307412555995959e-18
Item_2,0.11300779104312791,-0.13850528538645432,-0.1623224320457854,0.3037407954099759,0.014226184401056077,0.0408223087175043,-0.10787906987058313,6.446493387808915e-18
Item_3,-0.20021232005904754,-0.12035356393141552,-0.012953528281816432,-0.13620069093198622,0.27718383128945256,-0.0178854684442183,-0.10999677394041246,6.176166388624774e-18
Item_4,0.2734355660543613,-0.008456001639392382,-0.10081968852744945,-0.13673800931411265,0.09523435054362954,0.05238314305571356,0.22350238652903653,6.4849812060480585e-18
Item_5,-0.2520914835363018,-0.008892166965939273,0.10052761899679408,0.08914100281037834,-0.07464878142452419,0.21154664378787452,0.17549976850932006,6.1359688235976785e-18
Item_6,0.13002128519964123,0.19559730106367124,0.10442170018419153,-0.09381967484171269,-0.04795005286154329,0.18750086405391156,-0.21501321747359894,5.6260033440639495e-18
Item_7,-0.11357644986393468,-0.03660267020674085,-0.2191945722714424,-0.16257312286504474,-0.25100630085299663,-0.08796283882048009,-0.040783366627441676,6.0420636271491636e-18
Item_8,0.10074458707039421,-0.17325156385819368,0.29793170343497843,-0.002455888455569592,-0.09008037313215586,-0.16439064910172382,-0.001346798299384193,6.434313708259191e-18
