,Item_1,Item_2,Item_3,Item_4,Item_5,Item_6,Item_7,Item_8
Item_1,1.0,-0.15313433146104258,-0.14533288687778723,-0.162295848210423,-0.11114163905356775,-0.08996387555004405,-0.13854638354905555,-0.17900147656002216
Item_2,-0.15313433146104258,1.0,-0.16174015215796525,-0.11588063412527579,-0.15322723161263666,-0.1494762150785569,-0.14239976977750257,-0.13916999665673876
Item_3,-0.14533288687778723,-0.16174015215796525,1.0,-0.16853612224783174,-0.08469650950624143,-0.15518844053406353,-0.10052837487948471,-0.14461616512063605
Item_4,-0.162295848210423,-0.11588063412527579,-0.16853612224783174,1.0,-0.21551850233038322,-0.08418544365970268,-0.1406875280917484,-0.12963418240515917
Item_5,-0.11114163905356775,-0.15322723161263666,-0.08469650950624143,-0.21551850233038322,1.0,-0.14076553083086787,-0.10997358360168125,-0.13627488199835816
Item_6,-0.08996387555004405,-0.1494762150785569,-0.15518844053406353,-0.08418544365970268,-0.14076553083086787,1.0,-0.1355608220779126,-0.11105533965145307
Item_7,-0.13854638354905555,-0.14239976977750257,-0.10052837487948471,-0.1406875280917484,-0.10997358360168125,-0.1355608220779126,1.0,-0.16883356491459803
Item_8,-0.17900147656002216,-0.13916999665673876,-0.14461616512063605,-0.12963418240515917,-0.13627488199835816,-0.11105533965145307,-0.16883356491459803,1.0
