,Item_1,Item_2,Item_3,Item_4,Item_5,Item_6,Item_7,Item_8
Item_1,1.0,-0.009685841819222985,-0.024874198484188738,-0.053118257525561104,-0.019381745911192412,-0.03707558796966718,-0.026722650125099036,-0.019025407677079314
Item_2,-0.009685841819222985,1.0,0.0062392032203971316,0.0010401043987847357,-0.004789939390639212,-0.025636904911230163,0.004029440827853408,-0.039728335331655845
Item_3,-0.024874198484188738,0.0062392032203971316,1.0,-0.04453781563132564,-0.00036444228224337524,-0.03612479520954457,-0.010547826364578886,0.006972867454637722
Item_4,-0.053118257525561104,0.0010401043987847357,-0.04453781563132564,1.0,-0.018436658153474898,-0.04246286880117923,-0.02911270044015604,-0.001197397193686706
Item_5,-0.019381745911192412,-0.004789939390639212,-0.00036444228224337524,-0.018436658153474898,1.0,-0.047042007504147124,-0.033206320707842754,-0.0335287085012726
Item_6,-0.03707558796966718,-0.025636904911230163,-0.03612479520954457,-0.04246286880117923,-0.047042007504147124,1.0,-0.0532741536105193,0.008984626781702625
Item_7,-0.026722650125099036,0.004029440827853408,-0.010547826364578886,-0.02911270044015604,-0.033206320707842754,-0.0532741536105193,1.0,0.002671885415924508
Item_8,-0.019025407677079314,-0.039728335331655845,0.006972867454637722,-0.001197397193686706,-0.0335287085012726,0.008984626781702625,0.002671885415924508,1.0
