,Rater_1,Rater_2,Rater_3,Rater_4,Rater_5,Rater_6,Rater_7,Rater_8
Rater_1,1.0,-0.01640972049079347,0.024341316921310377,-0.033608653352999764,-0.007891253775775727,-0.029308232154925045,0.0270958182124649,-0.026897982757710843
Rater_2,-0.01640972049079347,1.0,-0.03194079866715456,-0.03321102883254952,0.0018364573701597528,-0.031349832962299734,-0.015296593766192763,-0.03238307855679766
Rater_3,0.024341316921310377,-0.03194079866715456,1.0,-0.025063278575562255,-0.013621127379627257,-0.01992968851694046,0.02217294505939347,-0.028042441507304092
Rater_4,-0.033608653352999764,-0.03321102883254952,-0.025063278575562255,1.0,0.017341467182104026,-0.010038511464845797,-0.015980150651132983,0.011983580440120158
Rater_5,-0.007891253775775727,0.0018364573701597528,-0.013621127379627257,0.017341467182104026,1.0,0.014529786060863175,0.010937806918011992,-0.018489829690903518
Rater_6,-0.029308232154925045,-0.031349832962299734,-0.01992968851694046,-0.010038511464845797,0.014529786060863175,1.0,-0.005111677598684364,-0.01574656437308348
Rater_7,0.0270958182124649,-0.015296593766192763,0.02217294505939347,-0.015980150651132983,0.010937806918011992,-0.005111677598684364,1.0,0.0013071982669036572
Rater_8,-0.026897982757710843,-0.03238307855679766,-0.028042441507304092,0.011983580440120158,-0.018489829690903518,-0.01574656437308348,0.0013071982669036572,1.0
