,PC 1,PC 2,PC 3,PC 4,PC 5,PC 6,PC 7,PC 8
Rater_1,0.21520287881591207,-0.02334989672735181,-0.026615131495454695,0.03930236528301895,-0.07745158896174031,0.269463973209144,0.0085189972841966,1.9095565439691824e-17
Rater_2,0.009754026409064705,0.30888659265472446,-0.15002072832381919,-0.054520220251779355,0.07877027302801687,-0.03237452608020701,-0.05145916545844226,2.0856758934071675e-17
Rater_3,0.19129796767056428,-0.10088997854300295,0.05024886837750989,0.06586904752574897,0.22207859970199115,-0.13497578725079487,0.0830229434221106,1.9281833059756688e-17
Rater_4,-0.19493438409433347,-0.08547326816848712,-0.04195738087307714,0.2257231902031593,0.05530101061569946,0.03959070487799415,-0.1609480265697894,1.9530895626119806e-17
Rater_5,-0.08044211455524539,0.10811246426872544,0.12095254798927382,0.1417616872485279,-0.1573277576480352,-0.05804680200671417,0.2097668405220587,1.7711322857226673e-17
Rater_6,-0.107922618565877,0.007207420852991974,0.26230352999817325,-0.1874600878513627,0.06606639076362933,0.07396389829913502,-0.05673870176431744,1.972195563745289e-17
Rater_7,0.11583648271631818,-0.06724487201984668,0.007764958585316779,-0.05538505409656696,-0.2086006377764186,-0.1783922499328933,-0.16718762672080376,1.7350762338953725e-17
Rater_8,-0.1332456905144462,-0.16446681553650383,-0.19916751837114988,-0.15807221799770935,-0.021270525121985767,0.0011869537278844356,0.13862120273832979,1.989452952671473e-17
