,,Item_1,Item_2,Item_3,Item_4,Item_5,Item_6,Item_7,Item_8
Rater_1,Person_1,3,4,2,3,4,1,2,2
Rater_1,Person_2,3,2,2,1,2,0,1,2
Rater_1,Person_3,4,5,3,4,3,3,1,2
Rater_1,Person_4,3,5,3,5,5,2,2,2
Rater_1,Person_5,1,2,0,2,2,0,0,0
Rater_1,Person_6,2,1,1,2,1,0,0,1
Rater_1,Person_7,3,4,3,5,3,2,1,2
Rater_1,Person_8,3,3,3,4,2,1,1,1
Rater_1,Person_9,3,3,2,4,4,2,2,2
Rater_1,Person_10,1,3,3,3,2,0,1,1
Rater_1,Person_11,4,4,3,5,5,3,2,3
Rater_1,Person_12,4,4,4,4,4,3,3,3
Rater_1,Person_13,3,4,3,2,2,1,2,1
Rater_1,Person_14,4,4,4,5,5,2,3,4
Rater_1,Person_15,4,4,4,3,3,2,2,2
Rater_1,Person_16,2,2,2,3,3,1,1,2
Rater_1,Person_17,4,4,3,3,3,2,2,4
Rater_1,Person_18,1,2,1,3,2,1,0,1
Rater_1,Person_19,4,5,4,4,4,4,2,2
Rater_1,Person_20,4,3,3,3,3,1,1,2
Rater_1,Person_21,3,2,3,4,3,2,1,1
Rater_1,Person_22,2,2,2,3,3,0,2,3
Rater_1,Person_23,4,3,3,4,3,2,3,4
Rater_1,Person_24,2,3,2,4,2,2,0,2
Rater_1,Person_25,3,2,3,4,2,0,2,2
Rater_1,Person_26,2,2,2,4,4,2,2,1
Rater_1,Person_27,4,4,3,4,4,2,2,2
Rater_1,Person_28,4,5,2,4,4,2,2,1
Rater_1,Person_29,4,3,4,4,3,3,3,3
Rater_1,Person_30,2,4,2,3,3,2,3,3
Rater_1,Person_31,4,5,5,5,5,3,4,4
Rater_1,Person_32,3,3,2,2,3,2,2,1
Rater_1,Person_33,2,4,3,3,3,0,1,2
Rater_1,Person_34,1,3,2,3,3,2,2,2
Rater_1,Person_35,5,4,3,4,4,2,2,2
Rater_1,Person_36,5,5,4,5,4,3,4,3
Rater_1,Person_37,3,4,2,4,2,2,1,1
Rater_1,Person_38,1,2,1,2,2,2,1,1
Rater_1,Person_39,1,3,2,2,2,2,1,1
Rater_1,Person_40,4,4,3,4,4,2,3,2
Rater_1,Person_41,3,4,3,4,3,2,2,3
Rater_1,Person_42,3,4,3,5,3,2,3,2
Rater_1,Person_43,3,2,3,2,3,0,0,1
Rater_1,Person_44,3,3,2,4,3,3,2,3
Rater_1,Person_45,3,3,3,3,3,1,2,2
Rater_1,Person_46,2,4,3,5,3,2,1,2
Rater_1,Person_47,4,3,3,5,4,3,3,4
Rater_1,Person_48,2,4,3,3,3,1,1,2
Rater_1,Person_49,4,3,3,3,4,2,2,4
Rater_1,Person_50,3,3,4,4,2,2,2,2
Rater_1,Person_51,3,3,2,5,1,1,2,2
Rater_1,Person_52,4,2,3,4,4,2,4,3
Rater_1,Person_53,2,1,1,1,1,1,2,2
Rater_1,Person_54,2,2,3,2,4,1,0,1
Rater_1,Person_55,2,2,3,3,3,1,1,1
Rater_1,Person_56,2,3,1,3,3,1,0,1
Rater_1,Person_57,4,3,3,2,2,2,2,2
Rater_1,Person_58,3,5,3,5,4,4,2,4
Rater_1,Person_59,2,2,1,1,3,1,1,1
Rater_1,Person_60,5,5,4,5,4,3,2,3
Rater_1,Person_61,1,2,0,2,2,0,0,1
Rater_1,Person_62,2,3,2,3,2,2,1,2
Rater_1,Person_63,3,3,3,4,3,1,1,2
Rater_1,Person_64,3,3,3,3,3,3,3,2
Rater_1,Person_65,5,4,3,5,4,2,4,2
Rater_1,Person_66,3,4,4,4,5,3,1,1
Rater_1,Person_67,2,3,2,3,3,1,3,2
Rater_1,Person_68,2,3,3,2,1,1,0,0
Rater_1,Person_69,5,4,3,5,3,3,3,4
Rater_1,Person_70,3,2,3,4,3,2,1,2
Rater_1,Person_71,2,2,0,2,1,0,0,2
Rater_1,Person_72,2,2,2,2,2,0,0,1
Rater_1,Person_73,1,2,1,3,2,1,2,1
Rater_1,Person_74,2,4,4,4,4,4,1,3
Rater_1,Person_75,3,3,4,4,3,2,0,2
Rater_1,Person_76,4,4,2,4,2,2,2,4
Rater_1,Person_77,2,3,2,3,1,0,2,1
Rater_1,Person_78,3,4,3,5,3,2,0,2
Rater_1,Person_79,2,4,3,5,3,2,1,2
Rater_1,Person_80,4,3,3,4,2,1,1,1
Rater_1,Person_81,3,3,4,4,3,2,4,3
Rater_1,Person_82,2,4,2,2,2,2,0,2
Rater_1,Person_83,2,3,2,3,3,0,2,3
Rater_1,Person_84,3,3,1,1,3,1,2,2
Rater_1,Person_85,0,2,1,2,1,0,1,1
Rater_1,Person_86,4,4,4,4,3,3,2,1
Rater_1,Person_87,2,3,2,2,3,2,0,2
Rater_1,Person_88,2,3,2,4,3,2,2,1
Rater_1,Person_89,4,4,2,3,3,2,0,2
Rater_1,Person_90,3,3,2,4,3,3,2,1
Rater_1,Person_91,4,4,4,3,4,4,3,4
Rater_1,Person_92,3,3,3,4,4,2,3,2
Rater_1,Person_93,3,3,2,3,4,2,0,4
Rater_1,Person_94,3,3,3,3,2,1,2,2
Rater_1,Person_95,2,2,0,2,1,0,1,0
Rater_1,Person_96,1,3,2,3,0,2,1,2
Rater_1,Person_97,2,2,2,2,1,0,2,0
Rater_1,Person_98,2,3,1,2,2,0,1,1
Rater_1,Person_99,2,4,2,4,3,2,3,3
Rater_1,Person_100,2,3,3,3,3,1,0,1
Rater_1,Person_101,2,3,1,3,3,2,1,2
Rater_1,Person_102,4,3,5,5,3,3,4,3
Rater_1,Person_103,2,3,2,3,4,1,2,1
Rater_1,Person_104,3,5,3,5,3,3,2,3
Rater_1,Person_105,2,2,1,2,1,0,1,1
Rater_1,Person_106,4,3,2,3,4,1,2,2
Rater_1,Person_107,3,1,2,3,1,0,1,1
Rater_1,Person_108,2,2,2,3,2,1,1,2
Rater_1,Person_109,5,3,3,4,5,3,2,4
Rater_1,Person_110,0,2,0,1,1,0,0,0
Rater_1,Person_111,3,4,2,4,4,2,2,3
Rater_1,Person_112,4,3,3,3,4,3,1,2
Rater_1,Person_113,3,3,2,3,2,2,2,2
Rater_1,Person_114,0,2,1,3,2,1,0,0
Rater_1,Person_115,2,2,1,2,4,3,2,2
Rater_1,Person_116,3,2,2,3,3,2,2,1
Rater_1,Person_117,3,3,3,4,3,2,1,3
Rater_1,Person_118,2,4,2,4,3,1,2,2
Rater_1,Person_119,5,5,4,4,4,4,3,4
Rater_1,Person_120,3,4,1,2,2,1,1,2
Rater_1,Person_121,2,2,2,3,1,1,0,2
Rater_1,Person_122,3,4,3,5,4,1,2,2
Rater_1,Person_123,3,4,3,4,2,1,1,2
Rater_1,Person_124,5,4,4,5,5,3,3,3
Rater_1,Person_125,3,5,2,4,4,5,1,3
Rater_1,Person_126,4,4,4,4,3,2,1,3
Rater_1,Person_127,4,5,4,5,4,2,3,4
Rater_1,Person_128,1,1,2,2,1,0,0,1
Rater_1,Person_129,2,3,1,3,2,1,1,1
Rater_1,Person_130,2,2,2,2,2,1,1,2
Rater_1,Person_131,3,3,2,3,4,2,2,1
Rater_1,Person_132,1,2,1,3,2,1,1,0
Rater_1,Person_133,3,5,3,4,2,2,3,3
Rater_1,Person_134,3,2,2,3,4,2,1,2
Rater_1,Person_135,1,1,0,2,1,0,0,1
Rater_1,Person_136,2,1,0,2,0,0,0,0
Rater_1,Person_137,3,4,3,3,4,2,2,3
Rater_1,Person_138,4,4,3,5,5,3,2,2
Rater_1,Person_139,5,5,5,5,3,4,4,4
Rater_1,Person_140,5,5,4,5,5,4,5,4
Rater_1,Person_141,3,5,2,4,3,2,2,2
Rater_1,Person_142,2,1,0,2,3,0,0,1
Rater_1,Person_143,1,1,1,1,1,0,0,0
Rater_1,Person_144,3,4,2,3,3,1,3,2
Rater_1,Person_145,3,3,2,4,3,3,1,1
Rater_1,Person_146,4,3,1,4,3,0,1,2
Rater_1,Person_147,2,4,2,2,3,1,1,1
Rater_1,Person_148,3,3,3,4,2,2,2,3
Rater_1,Person_149,5,4,4,3,5,3,3,3
Rater_1,Person_150,2,2,2,4,4,2,2,2
Rater_1,Person_151,3,3,2,3,4,3,1,2
Rater_1,Person_152,2,2,1,2,2,1,1,1
Rater_1,Person_153,1,1,0,3,3,1,0,0
Rater_1,Person_154,3,2,2,3,1,2,2,1
Rater_1,Person_155,3,3,3,4,3,2,2,3
Rater_1,Person_156,4,5,5,5,5,4,3,5
Rater_1,Person_157,2,2,3,4,4,2,3,2
Rater_1,Person_158,3,4,3,3,5,3,3,2
Rater_1,Person_159,2,2,3,2,2,1,0,2
Rater_1,Person_160,2,2,2,2,2,1,0,1
Rater_1,Person_161,2,2,2,2,1,0,1,1
Rater_1,Person_162,2,2,2,2,2,1,1,2
Rater_1,Person_163,5,5,4,5,5,4,3,5
Rater_1,Person_164,1,2,1,2,3,0,1,0
Rater_1,Person_165,4,5,5,4,4,4,2,2
Rater_1,Person_166,2,2,3,2,2,0,1,1
Rater_1,Person_167,4,5,3,4,4,2,1,2
Rater_1,Person_168,4,4,2,4,4,2,2,2
Rater_1,Person_169,1,3,2,3,3,2,1,1
Rater_1,Person_170,3,4,2,5,3,2,1,3
Rater_1,Person_171,2,3,2,4,2,1,1,2
Rater_1,Person_172,4,4,4,3,3,2,1,3
Rater_1,Person_173,2,2,2,3,3,2,1,0
Rater_1,Person_174,0,3,1,2,1,2,0,0
Rater_1,Person_175,2,3,0,3,2,0,0,1
Rater_1,Person_176,3,5,1,4,4,2,1,3
Rater_1,Person_177,4,5,3,4,4,2,4,3
Rater_1,Person_178,3,3,2,2,3,2,2,2
Rater_1,Person_179,3,3,3,4,2,2,0,2
Rater_1,Person_180,4,4,3,2,4,2,1,1
Rater_1,Person_181,5,5,5,5,5,3,2,3
Rater_1,Person_182,3,4,2,3,2,1,2,3
Rater_1,Person_183,3,3,1,3,2,1,2,2
Rater_1,Person_184,4,4,4,5,4,3,2,4
Rater_1,Person_185,4,4,3,4,3,0,2,3
Rater_1,Person_186,5,5,4,5,4,4,2,4
Rater_1,Person_187,2,4,4,3,3,1,2,2
Rater_1,Person_188,1,2,1,2,1,0,1,1
Rater_1,Person_189,1,2,1,2,2,0,1,1
Rater_1,Person_190,4,5,3,5,5,2,4,4
Rater_1,Person_191,5,5,3,5,4,4,4,4
Rater_1,Person_192,3,3,3,4,3,1,2,2
Rater_1,Person_193,2,2,1,3,2,2,1,2
Rater_1,Person_194,4,5,4,4,5,4,4,4
Rater_1,Person_195,2,2,2,2,1,1,0,0
Rater_1,Person_196,0,2,1,2,1,1,2,3
Rater_1,Person_197,4,4,3,4,3,2,3,3
Rater_1,Person_198,2,2,0,2,2,2,1,2
Rater_1,Person_199,3,2,3,3,3,2,2,3
Rater_1,Person_200,2,3,2,3,3,2,1,2
Rater_1,Person_201,2,4,2,3,4,2,1,3
Rater_1,Person_202,4,5,4,4,4,3,2,4
Rater_1,Person_203,5,3,1,5,4,2,1,3
Rater_1,Person_204,4,4,3,5,4,3,2,2
Rater_1,Person_205,0,1,0,1,1,0,0,0
Rater_1,Person_206,2,4,2,4,3,2,2,2
Rater_1,Person_207,1,2,2,3,2,2,0,1
Rater_1,Person_208,2,1,1,3,2,0,0,1
Rater_1,Person_209,1,2,1,3,3,0,1,1
Rater_1,Person_210,2,4,2,2,2,1,0,2
Rater_1,Person_211,3,4,3,5,5,3,3,3
Rater_1,Person_212,1,2,0,1,2,0,0,1
Rater_1,Person_213,3,3,1,3,2,0,2,2
Rater_1,Person_214,2,1,3,3,2,2,1,2
Rater_1,Person_215,1,2,2,3,3,1,1,1
Rater_1,Person_216,5,5,3,4,4,4,3,2
Rater_1,Person_217,5,4,2,5,3,3,2,2
Rater_1,Person_218,3,5,4,4,5,4,4,2
Rater_1,Person_219,2,3,2,3,3,2,1,2
Rater_1,Person_220,1,2,2,3,3,0,0,0
Rater_1,Person_221,3,4,3,4,3,2,0,3
Rater_1,Person_222,4,3,3,3,3,1,2,2
Rater_1,Person_223,3,4,3,4,4,1,2,3
Rater_1,Person_224,2,2,2,2,1,2,0,1
Rater_1,Person_225,3,3,2,4,3,2,2,2
Rater_1,Person_226,3,3,3,3,3,2,3,2
Rater_1,Person_227,5,5,5,5,5,5,4,5
Rater_1,Person_228,4,5,4,5,4,4,4,4
Rater_1,Person_229,2,3,2,3,1,1,1,0
Rater_1,Person_230,3,4,3,4,5,2,1,1
Rater_1,Person_231,3,2,2,1,2,0,0,0
Rater_1,Person_232,2,2,2,2,2,1,0,0
Rater_1,Person_233,4,4,3,4,3,0,0,2
Rater_1,Person_234,4,4,3,5,4,2,3,3
Rater_1,Person_235,1,1,1,2,3,1,1,1
Rater_1,Person_236,2,2,2,2,3,1,2,2
Rater_1,Person_237,0,1,1,1,1,1,0,1
Rater_1,Person_238,2,4,3,4,3,3,1,3
Rater_1,Person_239,2,2,1,3,1,0,2,2
Rater_1,Person_240,1,3,3,3,2,1,1,0
Rater_1,Person_241,2,3,2,3,2,2,1,1
Rater_1,Person_242,4,3,2,3,2,1,1,3
Rater_1,Person_243,1,1,1,3,2,0,0,1
Rater_1,Person_244,1,1,1,1,3,0,0,2
Rater_1,Person_245,5,4,4,4,5,5,3,4
Rater_1,Person_246,1,2,1,3,1,1,0,0
Rater_1,Person_247,2,2,2,1,1,1,1,1
Rater_1,Person_248,5,4,4,5,4,4,3,5
Rater_1,Person_249,5,5,5,5,4,5,5,5
Rater_1,Person_250,2,3,1,2,2,1,0,1
Rater_1,Person_251,2,3,1,3,3,0,1,2
Rater_1,Person_252,4,3,4,4,4,2,2,2
Rater_1,Person_253,5,5,4,5,4,4,5,4
Rater_1,Person_254,2,2,1,3,2,0,2,1
Rater_1,Person_255,3,3,3,3,2,3,1,1
Rater_1,Person_256,4,4,3,3,2,4,3,3
Rater_1,Person_257,4,4,1,5,3,2,2,3
Rater_1,Person_258,1,3,3,4,1,2,1,3
Rater_1,Person_259,3,2,2,2,3,2,1,2
Rater_1,Person_260,2,1,1,2,0,1,1,2
Rater_1,Person_261,3,4,2,4,2,2,2,2
Rater_1,Person_262,2,3,2,2,3,2,0,2
Rater_1,Person_263,4,4,3,4,3,3,1,1
Rater_1,Person_264,2,2,2,1,3,2,1,1
Rater_1,Person_265,4,4,4,3,4,3,3,3
Rater_1,Person_266,4,5,4,5,4,3,3,3
Rater_1,Person_267,4,5,3,3,2,1,2,2
Rater_1,Person_268,4,3,2,3,2,2,2,2
Rater_1,Person_269,3,2,3,2,2,3,1,3
Rater_1,Person_270,2,3,2,3,4,2,2,3
Rater_1,Person_271,2,3,2,3,1,1,0,1
Rater_1,Person_272,3,4,3,4,3,3,2,2
Rater_1,Person_273,3,3,3,2,2,0,1,3
Rater_1,Person_274,5,5,4,5,5,3,5,4
Rater_1,Person_275,4,5,4,4,5,3,4,3
Rater_1,Person_276,4,3,2,4,4,2,2,3
Rater_1,Person_277,3,3,0,3,1,1,0,2
Rater_1,Person_278,3,1,0,3,2,1,1,2
Rater_1,Person_279,3,5,3,5,5,3,3,3
Rater_1,Person_280,4,2,2,3,4,2,2,2
Rater_1,Person_281,4,5,3,4,4,3,3,2
Rater_1,Person_282,1,2,0,1,1,0,0,0
Rater_1,Person_283,3,4,4,4,4,1,3,4
Rater_1,Person_284,3,5,2,4,3,1,2,2
Rater_1,Person_285,1,2,0,3,2,1,0,1
Rater_1,Person_286,3,3,2,3,3,2,0,1
Rater_1,Person_287,4,4,1,3,3,2,2,4
Rater_1,Person_288,3,5,4,3,2,1,2,2
Rater_1,Person_289,3,3,2,3,2,1,0,3
Rater_1,Person_290,3,4,3,4,3,1,2,1
Rater_1,Person_291,4,4,2,4,3,0,2,2
Rater_1,Person_292,3,3,2,4,2,3,2,2
Rater_1,Person_293,4,5,4,5,5,4,3,4
Rater_1,Person_294,0,2,0,0,1,1,0,0
Rater_1,Person_295,3,3,2,3,3,1,0,3
Rater_1,Person_296,2,5,3,3,3,2,2,2
Rater_1,Person_297,3,4,3,4,4,2,2,3
Rater_1,Person_298,2,3,3,3,2,2,2,3
Rater_1,Person_299,2,1,0,3,1,1,0,0
Rater_1,Person_300,3,5,3,2,4,3,3,2
Rater_1,Person_301,5,4,4,4,4,4,3,4
Rater_1,Person_302,2,1,0,0,1,0,0,1
Rater_1,Person_303,4,4,4,3,5,3,2,4
Rater_1,Person_304,2,3,3,3,2,1,1,1
Rater_1,Person_305,3,4,2,2,3,1,2,2
Rater_1,Person_306,0,3,2,2,2,0,2,1
Rater_1,Person_307,2,3,2,3,2,1,1,2
Rater_1,Person_308,4,5,4,5,3,3,4,3
Rater_1,Person_309,4,3,2,4,3,3,2,2
Rater_1,Person_310,4,5,4,5,5,4,4,3
Rater_1,Person_311,4,5,5,5,4,3,2,3
Rater_1,Person_312,4,4,2,4,4,1,1,3
Rater_1,Person_313,5,5,4,5,5,3,2,3
Rater_1,Person_314,4,5,2,3,3,2,2,3
Rater_1,Person_315,5,5,4,4,4,3,2,3
Rater_1,Person_316,3,3,2,3,2,2,0,1
Rater_1,Person_317,2,3,2,3,3,3,1,2
Rater_1,Person_318,2,3,3,3,2,1,1,2
Rater_1,Person_319,4,5,2,5,4,3,3,3
Rater_1,Person_320,1,1,2,2,3,1,0,2
Rater_1,Person_321,3,4,3,4,4,3,4,4
Rater_1,Person_322,2,1,4,3,2,1,1,2
Rater_1,Person_323,4,4,4,4,5,2,4,4
Rater_1,Person_324,5,4,3,5,4,3,2,2
Rater_1,Person_325,5,5,5,4,5,4,2,3
Rater_1,Person_326,4,4,3,4,5,3,2,3
Rater_1,Person_327,1,2,0,1,1,0,0,0
Rater_1,Person_328,3,3,2,2,2,0,2,1
Rater_1,Person_329,2,2,1,2,2,1,1,1
Rater_1,Person_330,2,3,2,3,2,2,0,2
Rater_1,Person_331,4,4,4,4,5,3,3,3
Rater_1,Person_332,3,3,1,4,3,2,2,2
Rater_1,Person_333,2,2,3,3,2,1,1,2
Rater_1,Person_334,2,2,0,3,2,1,0,1
Rater_1,Person_335,3,3,2,3,3,1,1,2
Rater_1,Person_336,1,1,2,2,2,0,1,0
Rater_1,Person_337,3,3,1,3,1,0,0,2
Rater_1,Person_338,3,5,3,3,3,2,2,2
Rater_1,Person_339,4,5,3,5,5,3,2,4
Rater_1,Person_340,4,5,2,5,4,1,4,3
Rater_1,Person_341,0,0,0,1,1,0,0,1
Rater_1,Person_342,3,3,5,4,3,2,2,2
Rater_1,Person_343,4,3,2,3,4,1,2,2
Rater_1,Person_344,4,3,3,4,3,3,3,2
Rater_1,Person_345,4,5,3,4,4,3,3,4
Rater_1,Person_346,0,0,1,2,2,0,0,0
Rater_1,Person_347,2,1,2,2,2,2,1,2
Rater_1,Person_348,3,4,3,5,4,3,2,3
Rater_1,Person_349,2,1,0,2,0,0,0,1
Rater_1,Person_350,4,3,3,5,4,3,3,3
Rater_1,Person_351,1,4,4,4,4,3,2,2
Rater_1,Person_352,4,5,4,3,3,4,4,3
Rater_1,Person_353,3,3,2,2,3,1,2,0
Rater_1,Person_354,2,4,3,5,3,2,3,3
Rater_1,Person_355,4,4,3,4,4,3,3,4
Rater_1,Person_356,3,4,3,4,4,2,2,3
Rater_1,Person_357,3,4,3,4,3,2,1,1
Rater_1,Person_358,3,4,2,4,3,2,2,3
Rater_1,Person_359,2,3,2,2,1,2,0,1
Rater_1,Person_360,4,4,3,4,3,2,1,4
Rater_1,Person_361,3,4,2,3,3,2,3,1
Rater_1,Person_362,4,5,3,2,3,2,1,3
Rater_1,Person_363,3,5,3,5,4,2,3,1
Rater_1,Person_364,2,2,0,3,1,0,0,2
Rater_1,Person_365,3,3,2,4,3,1,3,2
Rater_1,Person_366,2,5,5,5,5,3,3,3
Rater_1,Person_367,2,2,2,3,2,0,1,1
Rater_1,Person_368,2,3,2,4,1,1,0,2
Rater_1,Person_369,3,4,3,3,2,1,3,2
Rater_1,Person_370,4,3,3,5,4,4,3,2
Rater_1,Person_371,2,2,3,3,3,2,2,2
Rater_1,Person_372,4,5,4,4,5,2,3,3
Rater_1,Person_373,3,4,3,4,4,3,3,3
Rater_1,Person_374,5,5,4,4,4,2,2,2
Rater_1,Person_375,4,4,3,4,3,3,1,3
Rater_1,Person_376,5,5,5,5,5,4,4,5
Rater_1,Person_377,4,3,3,2,2,1,2,2
Rater_1,Person_378,0,2,1,2,1,0,0,0
Rater_1,Person_379,5,5,5,4,4,4,3,5
Rater_1,Person_380,3,3,0,3,2,3,2,1
Rater_1,Person_381,3,2,2,4,3,0,2,2
Rater_1,Person_382,3,5,3,5,4,3,3,3
Rater_1,Person_383,1,2,1,2,1,0,0,0
Rater_1,Person_384,2,2,1,3,1,0,2,0
Rater_1,Person_385,1,1,0,1,2,0,0,1
Rater_1,Person_386,3,3,1,2,2,1,1,1
Rater_1,Person_387,3,3,2,3,3,1,2,4
Rater_1,Person_388,4,4,3,5,2,3,1,2
Rater_1,Person_389,3,3,3,3,4,1,2,3
Rater_1,Person_390,1,2,1,2,2,0,1,1
Rater_1,Person_391,1,1,0,1,1,0,0,1
Rater_1,Person_392,3,2,3,3,4,3,1,2
Rater_1,Person_393,2,4,1,3,3,2,0,3
Rater_1,Person_394,3,4,2,3,3,3,4,2
Rater_1,Person_395,4,5,4,4,5,3,1,3
Rater_1,Person_396,2,2,3,3,3,2,3,3
Rater_1,Person_397,5,4,2,4,3,1,2,4
Rater_1,Person_398,2,4,4,4,2,2,2,3
Rater_1,Person_399,5,5,3,3,4,3,3,4
Rater_1,Person_400,2,2,1,3,2,2,2,0
Rater_1,Person_401,2,2,1,3,2,2,3,3
Rater_1,Person_402,4,4,3,3,3,2,3,2
Rater_1,Person_403,4,5,4,5,4,2,2,3
Rater_1,Person_404,3,2,2,4,2,1,1,2
Rater_1,Person_405,3,5,4,5,2,3,2,3
Rater_1,Person_406,2,3,1,3,3,1,2,1
Rater_1,Person_407,2,3,1,3,3,2,3,1
Rater_1,Person_408,5,5,3,5,5,2,3,3
Rater_1,Person_409,1,2,1,1,0,0,0,0
Rater_1,Person_410,1,2,1,1,2,0,1,2
Rater_1,Person_411,1,3,1,3,2,0,0,1
Rater_1,Person_412,1,1,0,0,0,0,0,0
Rater_1,Person_413,2,3,2,4,1,1,1,0
Rater_1,Person_414,3,5,4,5,3,3,1,2
Rater_1,Person_415,3,3,3,4,2,2,2,2
Rater_1,Person_416,5,4,2,3,3,1,2,2
Rater_1,Person_417,4,5,3,5,5,3,3,3
Rater_1,Person_418,4,4,4,5,5,2,4,4
Rater_1,Person_419,3,3,2,3,2,2,3,3
Rater_1,Person_420,5,5,4,5,4,3,3,3
Rater_1,Person_421,3,4,2,3,3,2,1,2
Rater_1,Person_422,3,3,1,4,1,1,1,1
Rater_1,Person_423,4,2,2,2,3,0,0,1
Rater_1,Person_424,2,1,1,1,1,1,1,0
Rater_1,Person_425,1,4,1,2,3,2,0,1
Rater_1,Person_426,3,2,2,2,2,1,1,2
Rater_1,Person_427,4,5,3,5,4,4,3,3
Rater_1,Person_428,4,5,5,4,4,4,3,4
Rater_1,Person_429,2,2,2,1,0,0,0,0
Rater_1,Person_430,2,4,4,4,4,2,4,2
Rater_1,Person_431,2,3,3,3,1,1,0,0
Rater_1,Person_432,4,3,3,4,5,3,1,2
Rater_1,Person_433,2,2,4,3,3,1,3,2
Rater_1,Person_434,0,1,0,2,1,0,0,0
Rater_1,Person_435,4,4,3,4,3,2,2,3
Rater_1,Person_436,2,2,1,3,2,1,1,1
Rater_1,Person_437,3,3,2,5,2,1,2,1
Rater_1,Person_438,1,2,2,2,2,0,3,1
Rater_1,Person_439,2,3,2,2,2,1,0,1
Rater_1,Person_440,2,2,2,3,3,3,2,2
Rater_1,Person_441,3,2,3,3,3,2,2,3
Rater_1,Person_442,3,4,4,5,3,3,2,2
Rater_1,Person_443,4,4,3,4,2,2,1,3
Rater_1,Person_444,5,5,4,3,5,2,2,3
Rater_1,Person_445,3,3,2,2,3,0,1,2
Rater_1,Person_446,1,2,0,2,0,0,0,1
Rater_1,Person_447,3,5,3,5,4,3,3,3
Rater_1,Person_448,2,3,2,4,2,1,1,1
Rater_1,Person_449,3,4,4,5,4,3,2,4
Rater_1,Person_450,3,5,4,2,3,1,1,3
Rater_1,Person_451,3,4,2,4,2,3,2,2
Rater_1,Person_452,4,4,3,4,3,1,2,2
Rater_1,Person_453,5,5,5,4,5,4,4,3
Rater_1,Person_454,5,5,4,5,5,5,5,3
Rater_1,Person_455,3,4,2,5,2,2,1,2
Rater_1,Person_456,3,5,2,4,4,1,2,2
Rater_1,Person_457,4,4,4,5,4,3,3,4
Rater_1,Person_458,3,3,1,4,3,0,0,1
Rater_1,Person_459,4,4,3,5,3,2,2,2
Rater_1,Person_460,3,4,2,3,3,2,2,3
Rater_1,Person_461,3,4,3,4,4,3,2,1
Rater_1,Person_462,2,3,3,2,3,1,0,1
Rater_1,Person_463,2,3,2,2,0,1,0,0
Rater_1,Person_464,2,2,1,1,1,0,0,0
Rater_1,Person_465,0,2,1,2,1,0,0,1
Rater_1,Person_466,2,3,1,3,2,1,0,2
Rater_1,Person_467,2,3,1,2,2,1,2,0
Rater_1,Person_468,5,5,4,5,5,4,3,4
Rater_1,Person_469,5,4,4,4,4,3,4,3
Rater_1,Person_470,2,2,2,3,2,1,0,2
Rater_1,Person_471,2,4,4,4,4,2,2,3
Rater_1,Person_472,2,3,1,2,2,1,1,2
Rater_1,Person_473,2,4,2,2,3,1,0,2
Rater_1,Person_474,3,3,1,4,3,2,2,3
Rater_1,Person_475,5,5,3,4,3,2,2,3
Rater_1,Person_476,4,3,2,4,4,2,1,2
Rater_1,Person_477,3,4,3,5,4,4,3,3
Rater_1,Person_478,2,3,1,2,1,0,0,2
Rater_1,Person_479,3,3,3,4,2,2,2,2
Rater_1,Person_480,5,5,5,5,5,5,4,5
Rater_1,Person_481,3,3,2,3,2,2,1,2
Rater_1,Person_482,5,5,4,5,5,3,3,4
Rater_1,Person_483,2,3,2,4,3,3,1,2
Rater_1,Person_484,2,4,3,4,3,2,2,3
Rater_1,Person_485,4,4,0,3,5,0,3,2
Rater_1,Person_486,2,2,2,3,1,3,0,1
Rater_1,Person_487,1,3,2,2,2,1,0,1
Rater_1,Person_488,4,4,4,4,4,2,2,2
Rater_1,Person_489,2,2,1,2,2,0,1,1
Rater_1,Person_490,3,4,3,4,4,2,2,3
Rater_1,Person_491,5,4,4,4,5,3,3,3
Rater_1,Person_492,4,3,3,4,3,3,2,3
Rater_1,Person_493,3,3,2,4,4,2,2,2
Rater_1,Person_494,4,3,3,5,3,3,2,1
Rater_1,Person_495,2,3,3,3,1,0,2,2
Rater_1,Person_496,4,5,3,5,4,4,3,4
Rater_1,Person_497,1,2,0,2,1,0,1,1
Rater_1,Person_498,4,4,2,3,3,1,1,2
Rater_1,Person_499,1,2,1,1,0,0,0,0
Rater_1,Person_500,2,2,1,3,2,0,0,1
Rater_2,Person_1,4,5,3,5,4,2,2,3
Rater_2,Person_2,3,3,2,4,1,1,0,1
Rater_2,Person_3,5,5,5,5,5,3,3,2
Rater_2,Person_4,4,4,4,5,5,2,2,4
Rater_2,Person_5,1,2,1,3,2,0,0,0
Rater_2,Person_6,2,3,2,2,2,0,0,1
Rater_2,Person_7,4,5,2,5,4,2,0,1
Rater_2,Person_8,4,3,3,4,2,0,1,2
Rater_2,Person_9,5,4,3,5,3,2,1,2
Rater_2,Person_10,3,5,3,4,3,0,1,1
Rater_2,Person_11,5,5,4,5,5,1,2,3
Rater_2,Person_12,5,5,5,5,4,3,3,4
Rater_2,Person_13,4,5,3,4,5,1,1,3
Rater_2,Person_14,4,5,4,5,4,3,3,3
Rater_2,Person_15,4,5,3,5,4,1,2,3
Rater_2,Person_16,1,3,1,4,1,1,0,1
Rater_2,Person_17,4,4,3,5,5,2,2,4
Rater_2,Person_18,3,3,1,3,3,0,1,1
Rater_2,Person_19,5,5,5,5,5,3,3,3
Rater_2,Person_20,4,5,3,5,3,2,1,3
Rater_2,Person_21,4,5,2,5,3,2,2,2
Rater_2,Person_22,3,4,0,4,1,1,0,1
Rater_2,Person_23,5,4,4,5,5,4,2,4
Rater_2,Person_24,3,4,4,5,5,1,2,1
Rater_2,Person_25,3,4,3,4,4,0,1,3
Rater_2,Person_26,4,4,3,4,3,0,1,3
Rater_2,Person_27,5,5,3,5,5,3,2,4
Rater_2,Person_28,4,5,2,5,5,4,2,3
Rater_2,Person_29,5,4,3,5,4,2,0,4
Rater_2,Person_30,4,5,5,5,5,1,2,2
Rater_2,Person_31,5,5,5,5,5,5,3,5
Rater_2,Person_32,4,4,3,5,4,1,0,3
Rater_2,Person_33,5,4,1,5,2,0,1,1
Rater_2,Person_34,2,4,2,3,2,0,0,1
Rater_2,Person_35,4,5,4,5,5,1,2,3
Rater_2,Person_36,5,5,4,5,4,4,2,4
Rater_2,Person_37,2,5,4,5,5,1,0,2
Rater_2,Person_38,3,4,2,4,3,0,0,1
Rater_2,Person_39,5,5,2,4,2,0,0,0
Rater_2,Person_40,5,5,5,5,4,2,1,3
Rater_2,Person_41,4,5,4,5,5,2,3,3
Rater_2,Person_42,4,4,5,4,5,2,1,4
Rater_2,Person_43,5,5,2,4,4,1,0,2
Rater_2,Person_44,4,4,3,4,4,1,2,4
Rater_2,Person_45,4,5,2,5,3,2,1,2
Rater_2,Person_46,5,5,3,4,4,3,1,2
Rater_2,Person_47,5,5,5,5,5,3,2,4
Rater_2,Person_48,4,5,2,5,4,2,2,2
Rater_2,Person_49,4,4,4,5,4,2,3,3
Rater_2,Person_50,4,5,3,5,5,1,2,2
Rater_2,Person_51,4,5,5,5,4,1,0,3
Rater_2,Person_52,4,5,4,5,4,3,2,2
Rater_2,Person_53,2,5,3,3,2,0,0,1
Rater_2,Person_54,3,5,3,5,4,2,1,1
Rater_2,Person_55,3,5,2,4,3,1,1,2
Rater_2,Person_56,4,4,1,3,4,0,0,1
Rater_2,Person_57,3,5,2,3,3,0,1,2
Rater_2,Person_58,5,5,5,5,5,4,4,3
Rater_2,Person_59,3,5,2,4,1,1,0,1
Rater_2,Person_60,5,5,4,5,5,3,2,2
Rater_2,Person_61,2,2,0,3,1,0,0,1
Rater_2,Person_62,4,4,2,4,1,2,1,2
Rater_2,Person_63,4,5,2,5,5,2,1,2
Rater_2,Person_64,5,5,4,5,4,2,2,3
Rater_2,Person_65,4,5,5,5,5,3,2,4
Rater_2,Person_66,5,5,3,5,4,2,2,3
Rater_2,Person_67,4,4,2,5,3,1,1,3
Rater_2,Person_68,3,3,3,5,5,2,0,1
Rater_2,Person_69,5,5,3,5,5,3,3,3
Rater_2,Person_70,5,4,3,4,3,0,2,1
Rater_2,Person_71,0,4,2,3,3,0,0,2
Rater_2,Person_72,2,3,2,3,3,0,0,1
Rater_2,Person_73,2,5,2,5,2,0,0,0
Rater_2,Person_74,4,5,4,4,4,1,2,3
Rater_2,Person_75,4,5,4,4,4,2,2,3
Rater_2,Person_76,5,4,2,5,4,3,1,4
Rater_2,Person_77,4,3,1,5,3,1,1,2
Rater_2,Person_78,5,5,3,5,5,0,1,1
Rater_2,Person_79,5,5,3,5,5,3,2,3
Rater_2,Person_80,4,5,2,5,4,0,1,2
Rater_2,Person_81,5,5,4,5,5,0,1,3
Rater_2,Person_82,3,4,1,4,4,1,0,0
Rater_2,Person_83,3,5,2,5,3,0,1,3
Rater_2,Person_84,3,5,2,5,3,1,1,2
Rater_2,Person_85,4,4,1,4,3,1,1,0
Rater_2,Person_86,3,5,3,5,3,2,2,3
Rater_2,Person_87,2,4,2,5,3,0,1,1
Rater_2,Person_88,4,5,3,4,2,1,1,2
Rater_2,Person_89,5,5,5,5,5,2,1,3
Rater_2,Person_90,4,4,3,5,5,2,2,4
Rater_2,Person_91,5,5,4,5,5,3,1,4
Rater_2,Person_92,4,5,3,4,4,2,0,1
Rater_2,Person_93,3,5,3,4,4,1,0,2
Rater_2,Person_94,5,5,3,5,3,2,2,2
Rater_2,Person_95,2,3,0,3,2,0,0,0
Rater_2,Person_96,2,3,0,3,2,0,0,0
Rater_2,Person_97,3,3,1,3,4,0,1,1
Rater_2,Person_98,3,5,2,3,3,0,0,1
Rater_2,Person_99,3,4,4,5,5,1,2,4
Rater_2,Person_100,3,2,2,5,3,0,0,0
Rater_2,Person_101,4,5,4,5,3,0,1,1
Rater_2,Person_102,5,5,5,5,5,2,3,5
Rater_2,Person_103,4,4,2,4,3,1,0,1
Rater_2,Person_104,5,5,5,5,4,1,2,4
Rater_2,Person_105,2,3,2,3,4,2,1,2
Rater_2,Person_106,3,5,3,5,4,1,2,2
Rater_2,Person_107,3,3,2,3,2,1,1,0
Rater_2,Person_108,4,4,4,5,4,0,1,1
Rater_2,Person_109,5,5,5,5,5,2,2,4
Rater_2,Person_110,1,2,0,3,2,0,0,0
Rater_2,Person_111,5,5,3,5,4,1,3,2
Rater_2,Person_112,5,3,4,5,4,2,1,3
Rater_2,Person_113,4,4,1,4,3,1,1,0
Rater_2,Person_114,2,3,0,4,2,0,0,0
Rater_2,Person_115,4,4,3,4,4,1,0,2
Rater_2,Person_116,3,5,3,3,3,1,1,1
Rater_2,Person_117,4,5,3,5,4,2,1,3
Rater_2,Person_118,4,4,3,5,3,3,1,0
Rater_2,Person_119,5,5,5,5,5,3,4,4
Rater_2,Person_120,4,3,3,5,3,1,1,1
Rater_2,Person_121,3,4,1,4,3,2,0,1
Rater_2,Person_122,5,5,3,5,5,1,1,3
Rater_2,Person_123,4,5,3,4,3,2,2,3
Rater_2,Person_124,5,5,4,5,4,4,5,3
Rater_2,Person_125,5,5,4,5,5,2,3,3
Rater_2,Person_126,5,5,3,5,5,2,1,2
Rater_2,Person_127,5,5,5,5,5,3,4,5
Rater_2,Person_128,2,3,1,4,1,0,0,0
Rater_2,Person_129,3,4,2,5,3,2,2,0
Rater_2,Person_130,4,4,1,5,2,1,0,0
Rater_2,Person_131,4,5,3,5,4,0,1,1
Rater_2,Person_132,3,1,2,3,2,1,0,1
Rater_2,Person_133,5,5,4,5,5,3,2,4
Rater_2,Person_134,3,5,2,5,4,1,1,2
Rater_2,Person_135,2,3,0,4,2,0,0,0
Rater_2,Person_136,3,3,2,5,1,0,0,1
Rater_2,Person_137,3,5,4,5,5,2,0,2
Rater_2,Person_138,5,5,3,5,5,3,4,3
Rater_2,Person_139,5,5,5,5,5,3,5,5
Rater_2,Person_140,5,5,5,5,5,5,5,5
Rater_2,Person_141,4,5,4,5,4,3,2,3
Rater_2,Person_142,2,2,2,5,3,0,0,1
Rater_2,Person_143,2,3,1,1,1,0,0,0
Rater_2,Person_144,5,4,2,5,3,2,1,4
Rater_2,Person_145,3,4,3,5,3,0,0,1
Rater_2,Person_146,2,3,3,5,3,0,1,1
Rater_2,Person_147,4,4,2,4,2,2,1,3
Rater_2,Person_148,5,5,3,5,3,1,3,2
Rater_2,Person_149,5,5,5,5,4,3,2,3
Rater_2,Person_150,5,5,2,4,4,2,1,2
Rater_2,Person_151,4,5,3,5,5,3,2,1
Rater_2,Person_152,4,5,2,4,1,0,0,1
Rater_2,Person_153,2,4,1,4,3,0,0,1
Rater_2,Person_154,3,4,3,5,4,1,0,0
Rater_2,Person_155,4,5,2,5,5,2,1,2
Rater_2,Person_156,5,5,5,5,5,3,4,5
Rater_2,Person_157,5,4,3,5,5,1,1,1
Rater_2,Person_158,5,5,4,5,5,2,3,3
Rater_2,Person_159,4,5,3,4,2,1,0,0
Rater_2,Person_160,2,2,1,3,2,0,0,0
Rater_2,Person_161,1,4,0,4,3,1,0,1
Rater_2,Person_162,3,4,2,4,2,0,0,1
Rater_2,Person_163,4,5,5,5,5,4,4,5
Rater_2,Person_164,5,4,0,4,4,1,0,1
Rater_2,Person_165,5,5,4,5,5,1,2,4
Rater_2,Person_166,4,3,1,5,4,1,0,0
Rater_2,Person_167,5,5,4,5,5,3,3,3
Rater_2,Person_168,4,5,3,5,5,3,1,3
Rater_2,Person_169,4,5,2,4,3,2,0,1
Rater_2,Person_170,4,5,2,4,4,1,1,1
Rater_2,Person_171,3,5,3,3,2,0,0,1
Rater_2,Person_172,4,5,4,3,5,2,1,2
Rater_2,Person_173,4,4,3,4,4,0,0,2
Rater_2,Person_174,3,3,2,4,2,0,0,1
Rater_2,Person_175,1,3,1,4,3,0,0,2
Rater_2,Person_176,4,5,3,5,4,1,2,3
Rater_2,Person_177,5,5,5,5,5,4,3,4
Rater_2,Person_178,5,4,4,5,4,2,1,4
Rater_2,Person_179,3,4,1,4,3,1,1,2
Rater_2,Person_180,4,5,3,5,4,2,0,3
Rater_2,Person_181,5,5,4,5,4,4,2,4
Rater_2,Person_182,4,5,5,5,4,2,0,2
Rater_2,Person_183,4,4,3,5,3,2,1,1
Rater_2,Person_184,5,5,4,5,5,4,2,5
Rater_2,Person_185,3,5,3,5,5,2,2,0
Rater_2,Person_186,5,5,5,5,5,2,2,5
Rater_2,Person_187,4,5,4,5,5,2,0,3
Rater_2,Person_188,1,4,3,4,3,0,1,0
Rater_2,Person_189,1,3,2,3,1,0,1,0
Rater_2,Person_190,5,5,5,5,5,4,4,4
Rater_2,Person_191,5,5,5,5,5,3,4,5
Rater_2,Person_192,2,4,3,4,4,1,0,1
Rater_2,Person_193,4,4,3,5,2,1,0,1
Rater_2,Person_194,5,5,3,5,5,3,4,5
Rater_2,Person_195,3,4,1,3,3,0,0,1
Rater_2,Person_196,2,4,3,5,2,1,0,2
Rater_2,Person_197,5,5,5,5,5,1,2,4
Rater_2,Person_198,2,4,2,4,3,1,1,1
Rater_2,Person_199,4,4,3,5,4,1,1,1
Rater_2,Person_200,4,5,3,5,3,1,1,2
Rater_2,Person_201,4,5,2,4,4,2,3,2
Rater_2,Person_202,5,5,5,5,5,3,3,5
Rater_2,Person_203,4,4,3,5,4,2,1,2
Rater_2,Person_204,5,5,3,5,5,3,2,4
Rater_2,Person_205,1,3,1,2,2,0,0,0
Rater_2,Person_206,4,4,2,5,4,2,1,3
Rater_2,Person_207,3,5,1,4,3,0,0,2
Rater_2,Person_208,1,3,2,3,2,1,0,1
Rater_2,Person_209,3,3,2,3,2,0,0,0
Rater_2,Person_210,4,4,2,4,4,1,0,2
Rater_2,Person_211,4,5,5,5,5,4,4,4
Rater_2,Person_212,2,2,1,4,2,0,0,1
Rater_2,Person_213,5,4,2,5,3,2,2,2
Rater_2,Person_214,3,4,1,4,5,0,0,1
Rater_2,Person_215,2,4,3,5,3,0,2,3
Rater_2,Person_216,5,5,5,5,5,2,2,4
Rater_2,Person_217,4,5,4,5,4,1,3,2
Rater_2,Person_218,5,5,4,5,5,3,2,3
Rater_2,Person_219,3,5,3,4,2,0,2,2
Rater_2,Person_220,2,3,3,4,4,0,1,2
Rater_2,Person_221,5,4,2,4,4,1,1,2
Rater_2,Person_222,5,5,3,4,5,2,2,4
Rater_2,Person_223,4,5,3,5,2,0,1,2
Rater_2,Person_224,3,3,0,3,2,0,0,0
Rater_2,Person_225,5,5,2,5,4,0,1,2
Rater_2,Person_226,4,5,3,5,4,1,1,2
Rater_2,Person_227,5,5,5,5,5,4,5,5
Rater_2,Person_228,5,5,5,5,5,3,3,5
Rater_2,Person_229,3,5,1,5,3,0,0,1
Rater_2,Person_230,4,4,2,5,3,1,1,2
Rater_2,Person_231,2,3,1,3,2,0,0,1
Rater_2,Person_232,4,4,0,3,5,1,2,0
Rater_2,Person_233,4,5,3,5,4,3,1,2
Rater_2,Person_234,5,5,4,5,5,4,3,4
Rater_2,Person_235,4,5,3,4,3,1,0,2
Rater_2,Person_236,3,5,1,3,3,2,1,2
Rater_2,Person_237,0,3,0,2,1,0,0,0
Rater_2,Person_238,5,4,3,5,3,3,2,1
Rater_2,Person_239,3,3,1,3,3,1,0,2
Rater_2,Person_240,3,5,3,4,3,0,0,2
Rater_2,Person_241,3,5,1,4,3,1,0,0
Rater_2,Person_242,3,5,1,5,4,2,1,2
Rater_2,Person_243,2,3,0,2,1,0,0,0
Rater_2,Person_244,3,3,2,3,2,0,0,0
Rater_2,Person_245,5,5,5,5,5,5,4,5
Rater_2,Person_246,4,4,1,4,2,0,0,1
Rater_2,Person_247,2,3,2,5,2,0,0,1
Rater_2,Person_248,5,5,5,5,5,4,3,5
Rater_2,Person_249,5,5,5,5,5,5,5,5
Rater_2,Person_250,1,2,1,4,2,0,0,0
Rater_2,Person_251,4,5,2,5,5,1,0,1
Rater_2,Person_252,4,4,3,5,5,1,2,4
Rater_2,Person_253,5,5,5,5,4,3,4,4
Rater_2,Person_254,2,3,2,5,2,1,0,1
Rater_2,Person_255,5,5,1,4,3,1,1,2
Rater_2,Person_256,5,5,3,4,5,3,2,4
Rater_2,Person_257,5,5,4,5,4,2,3,4
Rater_2,Person_258,4,4,2,4,3,1,1,2
Rater_2,Person_259,4,4,3,5,4,2,0,3
Rater_2,Person_260,4,4,0,3,2,0,1,0
Rater_2,Person_261,4,5,2,5,5,0,1,2
Rater_2,Person_262,4,4,4,5,3,1,0,2
Rater_2,Person_263,5,5,3,5,4,2,1,2
Rater_2,Person_264,3,3,0,5,3,0,1,2
Rater_2,Person_265,5,4,4,5,5,3,1,5
Rater_2,Person_266,5,5,4,5,5,3,3,5
Rater_2,Person_267,4,5,4,5,4,2,2,3
Rater_2,Person_268,3,5,4,5,5,3,3,2
Rater_2,Person_269,4,5,2,5,3,1,0,2
Rater_2,Person_270,4,5,3,5,4,3,3,1
Rater_2,Person_271,3,4,2,4,2,0,0,1
Rater_2,Person_272,5,5,2,5,5,2,2,1
Rater_2,Person_273,3,5,3,5,5,1,0,2
Rater_2,Person_274,5,5,5,5,5,4,3,5
Rater_2,Person_275,5,5,5,5,5,4,3,3
Rater_2,Person_276,4,5,3,5,5,1,2,3
Rater_2,Person_277,4,3,3,4,3,0,1,2
Rater_2,Person_278,2,3,2,4,3,0,0,1
Rater_2,Person_279,5,5,5,5,5,3,2,4
Rater_2,Person_280,4,5,4,5,5,1,1,2
Rater_2,Person_281,4,5,5,5,5,3,0,1
Rater_2,Person_282,1,3,0,3,2,0,0,0
Rater_2,Person_283,5,5,4,5,4,3,4,3
Rater_2,Person_284,5,5,5,5,5,3,2,3
Rater_2,Person_285,2,5,3,3,3,0,0,2
Rater_2,Person_286,3,5,2,5,3,0,0,0
Rater_2,Person_287,5,4,3,4,3,0,2,2
Rater_2,Person_288,3,5,3,4,5,1,1,3
Rater_2,Person_289,3,5,2,4,4,0,1,1
Rater_2,Person_290,3,5,2,5,4,1,1,2
Rater_2,Person_291,4,5,2,5,3,2,0,2
Rater_2,Person_292,4,5,3,4,4,2,1,3
Rater_2,Person_293,5,5,5,5,5,2,2,4
Rater_2,Person_294,1,1,0,1,0,0,0,0
Rater_2,Person_295,3,5,3,5,4,0,1,2
Rater_2,Person_296,5,5,3,5,3,2,1,3
Rater_2,Person_297,4,5,2,5,3,1,2,3
Rater_2,Person_298,4,4,3,5,3,0,0,1
Rater_2,Person_299,2,2,1,4,0,0,0,0
Rater_2,Person_300,5,5,3,5,4,3,1,2
Rater_2,Person_301,5,5,5,5,5,3,2,5
Rater_2,Person_302,2,3,2,2,2,0,0,1
Rater_2,Person_303,5,5,3,5,5,2,2,3
Rater_2,Person_304,5,5,3,5,4,2,1,2
Rater_2,Person_305,5,4,3,5,4,2,0,2
Rater_2,Person_306,3,2,1,3,3,1,0,1
Rater_2,Person_307,3,4,3,5,4,1,0,1
Rater_2,Person_308,5,5,5,5,5,3,2,4
Rater_2,Person_309,5,5,4,5,3,1,2,3
Rater_2,Person_310,4,5,5,5,5,4,4,5
Rater_2,Person_311,5,5,4,5,4,2,3,3
Rater_2,Person_312,5,4,4,5,4,3,1,5
Rater_2,Person_313,5,5,5,5,5,4,3,4
Rater_2,Person_314,4,5,2,5,4,2,1,4
Rater_2,Person_315,5,5,5,5,5,2,3,4
Rater_2,Person_316,2,5,4,5,4,0,1,3
Rater_2,Person_317,4,5,3,3,4,3,1,3
Rater_2,Person_318,4,4,2,4,2,1,0,1
Rater_2,Person_319,5,5,5,5,5,3,2,4
Rater_2,Person_320,2,4,2,4,2,1,0,1
Rater_2,Person_321,5,5,5,4,5,2,2,3
Rater_2,Person_322,3,4,2,5,3,1,1,2
Rater_2,Person_323,5,5,3,5,5,3,2,5
Rater_2,Person_324,5,5,5,4,4,2,3,3
Rater_2,Person_325,5,5,3,5,5,4,5,5
Rater_2,Person_326,5,5,4,5,4,3,1,4
Rater_2,Person_327,3,5,0,3,2,0,0,1
Rater_2,Person_328,4,4,3,5,3,2,3,2
Rater_2,Person_329,4,2,1,3,3,0,0,2
Rater_2,Person_330,2,4,2,5,4,0,0,2
Rater_2,Person_331,5,5,5,5,5,4,4,5
Rater_2,Person_332,4,5,3,4,4,2,2,3
Rater_2,Person_333,3,3,1,4,3,0,1,0
Rater_2,Person_334,3,3,1,4,3,0,0,1
Rater_2,Person_335,4,5,3,5,4,0,3,2
Rater_2,Person_336,2,2,1,3,3,0,0,0
Rater_2,Person_337,3,4,2,5,2,0,0,2
Rater_2,Person_338,5,5,3,5,5,1,0,3
Rater_2,Person_339,5,5,5,5,5,4,4,3
Rater_2,Person_340,5,5,4,5,4,1,2,3
Rater_2,Person_341,1,2,0,3,1,0,0,0
Rater_2,Person_342,4,5,3,5,4,1,3,1
Rater_2,Person_343,5,5,2,5,4,2,2,4
Rater_2,Person_344,5,5,3,5,5,1,3,3
Rater_2,Person_345,5,5,5,5,5,3,4,5
Rater_2,Person_346,2,2,0,2,1,0,0,0
Rater_2,Person_347,2,4,2,4,3,0,0,2
Rater_2,Person_348,5,5,4,5,5,2,2,4
Rater_2,Person_349,1,3,1,2,1,0,0,0
Rater_2,Person_350,5,5,5,5,5,4,3,5
Rater_2,Person_351,5,5,3,5,4,1,2,1
Rater_2,Person_352,5,5,5,5,5,3,2,4
Rater_2,Person_353,3,5,3,3,3,0,0,3
Rater_2,Person_354,5,5,5,5,5,2,2,3
Rater_2,Person_355,5,4,5,5,5,2,1,3
Rater_2,Person_356,4,3,3,5,4,3,2,3
Rater_2,Person_357,5,4,1,5,4,2,2,3
Rater_2,Person_358,5,5,4,5,5,1,3,3
Rater_2,Person_359,3,4,2,5,2,0,0,1
Rater_2,Person_360,4,5,3,5,5,1,0,3
Rater_2,Person_361,5,4,3,4,3,0,1,2
Rater_2,Person_362,4,5,3,5,5,2,2,4
Rater_2,Person_363,4,5,4,5,5,3,2,4
Rater_2,Person_364,3,3,1,3,1,0,0,0
Rater_2,Person_365,3,4,2,4,4,1,1,2
Rater_2,Person_366,5,5,5,5,5,4,4,3
Rater_2,Person_367,3,2,2,4,3,0,0,1
Rater_2,Person_368,2,4,3,4,2,0,0,1
Rater_2,Person_369,5,4,3,5,4,1,1,1
Rater_2,Person_370,5,5,4,5,5,2,3,2
Rater_2,Person_371,4,5,3,5,5,1,1,3
Rater_2,Person_372,5,5,4,5,5,2,3,5
Rater_2,Person_373,4,5,3,5,4,1,3,3
Rater_2,Person_374,5,5,4,5,5,4,3,4
Rater_2,Person_375,4,5,3,5,4,2,1,2
Rater_2,Person_376,5,5,5,5,5,5,4,5
Rater_2,Person_377,5,5,4,3,5,0,1,0
Rater_2,Person_378,1,4,2,2,0,0,0,0
Rater_2,Person_379,5,5,5,5,5,3,5,5
Rater_2,Person_380,4,5,3,4,4,0,0,0
Rater_2,Person_381,4,5,4,5,3,0,1,3
Rater_2,Person_382,5,5,3,5,5,3,4,4
Rater_2,Person_383,1,4,0,3,3,1,0,1
Rater_2,Person_384,2,3,1,2,2,0,0,1
Rater_2,Person_385,2,3,0,3,2,0,0,0
Rater_2,Person_386,2,3,1,5,3,0,0,1
Rater_2,Person_387,5,5,4,5,4,1,1,3
Rater_2,Person_388,5,5,4,5,5,3,2,4
Rater_2,Person_389,5,5,3,5,5,2,0,2
Rater_2,Person_390,2,3,0,2,2,0,0,0
Rater_2,Person_391,1,4,0,1,1,0,0,0
Rater_2,Person_392,3,5,3,5,5,1,2,2
Rater_2,Person_393,4,5,2,5,3,0,0,2
Rater_2,Person_394,4,5,4,5,4,2,2,2
Rater_2,Person_395,2,5,3,5,4,1,3,4
Rater_2,Person_396,4,5,3,4,3,2,1,3
Rater_2,Person_397,5,5,4,5,4,2,2,5
Rater_2,Person_398,5,4,2,5,5,2,1,3
Rater_2,Person_399,5,5,4,5,5,2,2,3
Rater_2,Person_400,3,4,1,3,4,0,0,1
Rater_2,Person_401,4,5,5,3,4,1,1,3
Rater_2,Person_402,5,5,3,5,4,1,1,4
Rater_2,Person_403,5,5,5,5,5,3,2,4
Rater_2,Person_404,3,5,4,5,4,0,1,2
Rater_2,Person_405,5,5,3,5,5,2,2,2
Rater_2,Person_406,3,5,2,4,4,0,0,2
Rater_2,Person_407,3,5,3,5,3,1,1,3
Rater_2,Person_408,5,5,4,5,4,2,2,5
Rater_2,Person_409,1,3,1,2,0,0,0,0
Rater_2,Person_410,4,4,1,3,2,0,0,0
Rater_2,Person_411,1,4,2,4,1,0,0,1
Rater_2,Person_412,1,2,0,2,0,0,0,0
Rater_2,Person_413,3,5,1,4,3,0,0,1
Rater_2,Person_414,5,5,5,5,5,3,2,4
Rater_2,Person_415,4,4,3,5,3,0,1,2
Rater_2,Person_416,5,5,3,4,4,2,0,3
Rater_2,Person_417,5,5,5,5,5,2,3,3
Rater_2,Person_418,5,5,5,5,5,4,2,5
Rater_2,Person_419,4,5,3,5,4,2,2,3
Rater_2,Person_420,4,5,5,5,5,4,3,4
Rater_2,Person_421,4,4,2,4,5,2,2,2
Rater_2,Person_422,2,3,2,3,3,0,0,2
Rater_2,Person_423,4,3,2,5,3,1,0,2
Rater_2,Person_424,3,2,1,4,3,0,0,2
Rater_2,Person_425,3,3,1,3,3,0,0,0
Rater_2,Person_426,3,5,3,5,3,2,0,1
Rater_2,Person_427,5,5,3,5,5,2,2,2
Rater_2,Person_428,5,5,5,5,5,4,4,5
Rater_2,Person_429,2,4,0,4,2,0,0,0
Rater_2,Person_430,4,5,5,5,5,2,2,2
Rater_2,Person_431,2,3,1,5,4,0,0,1
Rater_2,Person_432,5,5,4,5,5,2,0,3
Rater_2,Person_433,3,4,4,5,4,1,2,1
Rater_2,Person_434,0,5,1,3,1,0,0,0
Rater_2,Person_435,5,5,4,5,5,3,3,2
Rater_2,Person_436,3,3,2,4,4,0,1,3
Rater_2,Person_437,4,5,1,1,3,1,0,1
Rater_2,Person_438,3,3,1,5,3,0,0,1
Rater_2,Person_439,3,4,1,3,3,0,0,1
Rater_2,Person_440,5,5,3,5,4,2,2,4
Rater_2,Person_441,5,5,3,5,4,2,0,1
Rater_2,Person_442,5,5,4,5,5,3,2,1
Rater_2,Person_443,4,5,4,5,3,2,1,1
Rater_2,Person_444,5,5,5,5,5,5,2,4
Rater_2,Person_445,4,5,2,4,4,1,0,1
Rater_2,Person_446,1,3,2,3,2,0,1,0
Rater_2,Person_447,4,4,4,5,5,3,5,2
Rater_2,Person_448,2,5,4,5,4,0,1,1
Rater_2,Person_449,5,5,5,4,5,3,3,3
Rater_2,Person_450,4,5,3,4,5,1,2,2
Rater_2,Person_451,2,3,3,5,3,0,0,3
Rater_2,Person_452,5,4,3,5,4,2,2,2
Rater_2,Person_453,5,5,5,5,5,3,5,5
Rater_2,Person_454,5,5,4,5,5,3,4,5
Rater_2,Person_455,3,5,4,5,4,0,1,2
Rater_2,Person_456,5,4,3,5,4,2,3,3
Rater_2,Person_457,5,5,4,5,5,4,3,3
Rater_2,Person_458,2,3,3,4,3,0,0,0
Rater_2,Person_459,5,5,3,5,4,2,0,3
Rater_2,Person_460,3,5,3,5,4,0,0,1
Rater_2,Person_461,2,5,3,4,5,1,2,2
Rater_2,Person_462,3,4,3,4,3,1,1,1
Rater_2,Person_463,2,2,2,3,3,0,0,0
Rater_2,Person_464,1,2,1,2,1,0,0,0
Rater_2,Person_465,3,4,2,5,2,0,0,1
Rater_2,Person_466,4,3,4,5,3,1,1,2
Rater_2,Person_467,3,5,2,5,4,1,0,2
Rater_2,Person_468,5,5,5,5,5,4,3,4
Rater_2,Person_469,5,5,4,5,5,2,2,4
Rater_2,Person_470,2,3,2,3,4,1,0,1
Rater_2,Person_471,5,4,4,5,4,4,1,3
Rater_2,Person_472,2,4,4,5,5,0,0,2
Rater_2,Person_473,4,4,3,4,3,1,1,2
Rater_2,Person_474,4,4,3,4,4,2,1,2
Rater_2,Person_475,5,5,4,5,5,1,2,3
Rater_2,Person_476,4,4,3,5,4,0,0,2
Rater_2,Person_477,4,5,5,5,5,3,2,4
Rater_2,Person_478,2,3,0,4,2,0,0,1
Rater_2,Person_479,2,5,2,5,3,2,0,2
Rater_2,Person_480,5,5,5,5,5,4,4,5
Rater_2,Person_481,3,5,4,5,5,2,1,3
Rater_2,Person_482,5,5,5,5,5,3,4,3
Rater_2,Person_483,5,5,2,5,4,3,2,2
Rater_2,Person_484,4,5,5,5,5,2,3,4
Rater_2,Person_485,4,5,3,5,4,1,0,1
Rater_2,Person_486,4,5,3,4,5,1,1,2
Rater_2,Person_487,2,4,2,3,4,1,0,1
Rater_2,Person_488,4,5,2,5,5,2,0,2
Rater_2,Person_489,1,5,1,3,3,0,0,2
Rater_2,Person_490,5,5,3,4,4,3,1,3
Rater_2,Person_491,5,5,4,5,4,3,3,4
Rater_2,Person_492,5,5,4,5,5,3,1,3
Rater_2,Person_493,4,5,3,4,4,1,0,2
Rater_2,Person_494,4,5,2,5,5,1,1,3
Rater_2,Person_495,3,5,2,4,4,1,2,0
Rater_2,Person_496,5,5,4,5,5,2,2,3
Rater_2,Person_497,2,4,0,3,1,1,0,0
Rater_2,Person_498,3,3,1,5,4,0,0,0
Rater_2,Person_499,1,3,0,1,1,0,0,0
Rater_2,Person_500,3,2,2,3,3,0,0,0
Rater_3,Person_1,3,3,3,5,3,2,2,2
Rater_3,Person_2,1,2,0,2,2,1,2,1
Rater_3,Person_3,3,3,3,4,4,3,1,3
Rater_3,Person_4,4,4,3,4,3,2,2,3
Rater_3,Person_5,1,2,2,1,1,0,1,0
Rater_3,Person_6,2,2,1,2,1,1,0,0
Rater_3,Person_7,3,3,3,3,2,1,1,2
Rater_3,Person_8,2,3,2,2,2,2,1,1
Rater_3,Person_9,2,4,3,3,3,0,2,2
Rater_3,Person_10,2,3,0,3,3,1,0,0
Rater_3,Person_11,4,4,4,4,4,2,1,3
Rater_3,Person_12,3,5,3,5,4,1,3,2
Rater_3,Person_13,4,3,2,2,3,2,1,2
Rater_3,Person_14,3,5,4,4,4,2,3,3
Rater_3,Person_15,2,3,3,3,3,2,2,2
Rater_3,Person_16,2,2,1,3,1,1,1,1
Rater_3,Person_17,3,4,2,3,3,1,2,2
Rater_3,Person_18,2,3,1,3,2,1,1,1
Rater_3,Person_19,3,4,3,5,3,3,2,3
Rater_3,Person_20,3,2,2,2,2,2,2,2
Rater_3,Person_21,3,3,3,4,3,1,1,1
Rater_3,Person_22,3,3,1,2,2,1,2,1
Rater_3,Person_23,4,4,3,5,4,2,2,4
Rater_3,Person_24,3,2,2,3,2,1,1,1
Rater_3,Person_25,3,2,1,3,2,2,1,2
Rater_3,Person_26,4,2,2,3,3,1,1,2
Rater_3,Person_27,3,3,3,3,3,2,2,3
Rater_3,Person_28,2,3,3,3,3,1,2,1
Rater_3,Person_29,3,4,2,4,2,2,2,3
Rater_3,Person_30,2,3,2,4,2,2,2,2
Rater_3,Person_31,5,4,3,5,4,4,4,5
Rater_3,Person_32,3,4,2,4,2,1,1,2
Rater_3,Person_33,2,3,2,3,3,2,0,1
Rater_3,Person_34,2,2,1,3,2,1,1,2
Rater_3,Person_35,2,3,3,4,3,2,1,3
Rater_3,Person_36,4,4,3,4,4,3,3,2
Rater_3,Person_37,3,3,2,2,3,3,1,2
Rater_3,Person_38,2,3,3,3,2,1,1,1
Rater_3,Person_39,2,3,1,2,2,0,0,2
Rater_3,Person_40,4,4,3,4,3,1,2,3
Rater_3,Person_41,4,4,4,3,3,3,2,2
Rater_3,Person_42,3,4,3,3,4,2,2,2
Rater_3,Person_43,2,3,2,2,3,1,1,2
Rater_3,Person_44,2,3,2,4,4,3,1,1
Rater_3,Person_45,2,4,2,3,3,2,1,3
Rater_3,Person_46,3,3,3,4,3,0,2,2
Rater_3,Person_47,4,5,3,4,4,2,2,3
Rater_3,Person_48,3,3,3,4,3,2,2,2
Rater_3,Person_49,4,4,2,4,3,2,2,3
Rater_3,Person_50,3,3,3,3,3,1,0,2
Rater_3,Person_51,3,4,2,3,2,1,2,2
Rater_3,Person_52,3,3,3,4,3,2,3,2
Rater_3,Person_53,1,1,1,3,2,0,0,0
Rater_3,Person_54,3,3,2,3,2,1,3,3
Rater_3,Person_55,2,3,2,2,3,1,0,2
Rater_3,Person_56,2,3,2,3,2,2,1,1
Rater_3,Person_57,3,3,1,4,3,0,2,3
Rater_3,Person_58,3,4,3,4,3,3,2,3
Rater_3,Person_59,2,2,2,3,2,1,1,1
Rater_3,Person_60,4,5,3,5,3,2,3,2
Rater_3,Person_61,3,2,0,2,1,0,0,1
Rater_3,Person_62,2,3,2,2,3,1,1,2
Rater_3,Person_63,3,3,2,5,4,1,2,2
Rater_3,Person_64,3,4,3,4,2,1,2,2
Rater_3,Person_65,3,3,3,4,3,3,2,3
Rater_3,Person_66,3,4,2,4,4,2,2,2
Rater_3,Person_67,2,3,2,4,3,0,1,2
Rater_3,Person_68,3,2,3,3,3,3,1,0
Rater_3,Person_69,4,4,3,4,3,2,2,2
Rater_3,Person_70,2,3,2,4,2,1,2,1
Rater_3,Person_71,2,3,1,3,2,1,0,1
Rater_3,Person_72,2,2,1,1,1,1,0,1
Rater_3,Person_73,3,3,1,3,2,1,1,3
Rater_3,Person_74,3,4,3,4,3,2,2,3
Rater_3,Person_75,2,3,3,3,3,1,2,2
Rater_3,Person_76,3,5,3,3,3,2,3,2
Rater_3,Person_77,3,3,3,3,2,2,2,1
Rater_3,Person_78,3,3,3,3,2,2,2,2
Rater_3,Person_79,3,5,3,3,3,1,2,2
Rater_3,Person_80,4,3,3,3,3,1,1,3
Rater_3,Person_81,3,2,4,4,3,2,2,3
Rater_3,Person_82,2,2,2,2,1,2,1,2
Rater_3,Person_83,3,3,2,3,3,2,0,1
Rater_3,Person_84,3,3,2,3,2,0,2,2
Rater_3,Person_85,0,3,2,2,1,0,0,1
Rater_3,Person_86,4,3,2,3,4,3,1,3
Rater_3,Person_87,3,2,2,3,4,2,1,2
Rater_3,Person_88,3,3,3,4,3,2,2,2
Rater_3,Person_89,3,4,3,5,4,2,2,3
Rater_3,Person_90,3,3,4,5,4,3,2,3
Rater_3,Person_91,3,4,2,3,3,1,1,3
Rater_3,Person_92,3,3,3,3,3,2,1,2
Rater_3,Person_93,2,3,2,3,4,1,2,1
Rater_3,Person_94,3,3,2,3,2,1,1,2
Rater_3,Person_95,1,1,2,2,2,1,0,1
Rater_3,Person_96,1,3,1,2,2,0,0,0
Rater_3,Person_97,2,3,2,1,1,0,0,1
Rater_3,Person_98,2,2,1,3,2,1,0,2
Rater_3,Person_99,3,4,2,3,3,1,1,2
Rater_3,Person_100,2,2,1,2,2,1,1,1
Rater_3,Person_101,3,3,3,3,2,1,2,1
Rater_3,Person_102,3,4,3,3,4,2,2,3
Rater_3,Person_103,2,2,2,2,3,1,1,1
Rater_3,Person_104,3,3,3,3,4,1,3,2
Rater_3,Person_105,3,2,2,3,2,0,1,1
Rater_3,Person_106,3,4,3,3,2,1,1,2
Rater_3,Person_107,2,1,2,3,3,1,1,2
Rater_3,Person_108,2,2,2,3,3,1,1,2
Rater_3,Person_109,4,4,4,4,4,2,2,2
Rater_3,Person_110,3,1,2,2,1,0,1,0
Rater_3,Person_111,3,3,2,5,3,3,3,2
Rater_3,Person_112,3,4,2,3,3,2,2,3
Rater_3,Person_113,3,3,2,3,3,0,0,2
Rater_3,Person_114,1,2,1,2,2,1,0,1
Rater_3,Person_115,3,3,2,4,3,2,1,2
Rater_3,Person_116,2,2,3,3,2,1,1,0
Rater_3,Person_117,3,4,2,4,4,1,1,1
Rater_3,Person_118,3,4,2,2,3,2,2,2
Rater_3,Person_119,4,4,5,4,4,3,3,3
Rater_3,Person_120,3,2,2,3,2,1,3,2
Rater_3,Person_121,2,3,1,2,2,1,1,1
Rater_3,Person_122,2,3,2,4,2,3,2,3
Rater_3,Person_123,4,3,2,3,3,2,1,2
Rater_3,Person_124,4,4,4,3,5,3,2,4
Rater_3,Person_125,4,4,3,3,3,2,1,2
Rater_3,Person_126,2,4,3,5,4,2,2,2
Rater_3,Person_127,4,5,4,4,3,3,2,3
Rater_3,Person_128,2,2,1,2,2,0,0,1
Rater_3,Person_129,2,3,1,2,3,2,1,1
Rater_3,Person_130,2,2,2,3,1,1,1,2
Rater_3,Person_131,3,3,2,3,3,2,2,2
Rater_3,Person_132,0,2,2,2,1,0,0,0
Rater_3,Person_133,3,2,4,3,3,1,2,2
Rater_3,Person_134,3,3,2,3,2,2,2,2
Rater_3,Person_135,1,2,1,3,1,0,1,1
Rater_3,Person_136,2,3,2,3,3,1,1,0
Rater_3,Person_137,3,4,2,3,4,2,2,2
Rater_3,Person_138,3,4,3,3,4,2,2,2
Rater_3,Person_139,4,5,4,5,4,3,2,4
Rater_3,Person_140,5,5,5,5,5,4,4,4
Rater_3,Person_141,3,3,2,4,2,1,2,2
Rater_3,Person_142,2,2,2,2,2,1,2,1
Rater_3,Person_143,1,1,1,2,1,0,0,0
Rater_3,Person_144,4,3,3,4,3,2,2,2
Rater_3,Person_145,2,1,2,2,2,2,1,1
Rater_3,Person_146,3,2,2,3,2,1,1,2
Rater_3,Person_147,3,3,2,3,3,2,0,0
Rater_3,Person_148,3,3,2,4,3,2,2,1
Rater_3,Person_149,3,3,3,4,3,2,2,3
Rater_3,Person_150,3,4,2,4,3,2,2,2
Rater_3,Person_151,3,2,2,3,4,1,1,2
Rater_3,Person_152,2,2,0,3,3,1,2,1
Rater_3,Person_153,0,0,0,2,0,0,0,0
Rater_3,Person_154,3,2,0,2,2,1,2,1
Rater_3,Person_155,3,2,3,3,3,1,1,1
Rater_3,Person_156,5,5,5,5,4,3,3,4
Rater_3,Person_157,3,3,3,4,3,1,1,3
Rater_3,Person_158,3,3,3,4,2,3,2,2
Rater_3,Person_159,3,2,2,2,2,0,2,1
Rater_3,Person_160,1,2,1,3,1,2,1,0
Rater_3,Person_161,1,1,2,3,2,1,0,1
Rater_3,Person_162,2,3,2,2,2,2,1,2
Rater_3,Person_163,5,4,4,5,4,3,4,4
Rater_3,Person_164,3,3,1,2,2,1,1,1
Rater_3,Person_165,4,4,3,3,3,3,2,3
Rater_3,Person_166,2,3,2,2,2,1,1,2
Rater_3,Person_167,5,4,3,5,4,2,2,2
Rater_3,Person_168,3,3,3,4,4,3,1,3
Rater_3,Person_169,2,3,2,3,2,3,1,2
Rater_3,Person_170,3,3,2,3,2,1,1,3
Rater_3,Person_171,3,3,2,3,2,1,1,1
Rater_3,Person_172,3,3,2,4,3,1,2,3
Rater_3,Person_173,1,3,2,3,2,1,1,1
Rater_3,Person_174,2,2,0,2,2,2,0,0
Rater_3,Person_175,2,3,1,2,2,0,0,1
Rater_3,Person_176,3,3,2,3,3,2,2,3
Rater_3,Person_177,4,4,4,5,5,2,2,3
Rater_3,Person_178,3,3,2,2,4,3,2,3
Rater_3,Person_179,3,3,3,3,2,1,1,2
Rater_3,Person_180,3,3,2,3,3,1,2,3
Rater_3,Person_181,4,3,3,5,4,3,3,3
Rater_3,Person_182,3,4,2,4,2,2,2,3
Rater_3,Person_183,3,3,2,2,2,2,2,2
Rater_3,Person_184,3,5,4,4,4,3,2,4
Rater_3,Person_185,4,4,3,2,3,2,2,2
Rater_3,Person_186,3,5,2,4,4,3,3,3
Rater_3,Person_187,2,3,3,2,2,2,2,3
Rater_3,Person_188,3,3,0,3,2,0,0,1
Rater_3,Person_189,2,2,1,3,1,1,0,1
Rater_3,Person_190,5,4,4,4,3,3,3,4
Rater_3,Person_191,3,4,5,5,5,3,3,4
Rater_3,Person_192,2,3,2,3,2,1,0,2
Rater_3,Person_193,2,3,2,4,1,0,1,2
Rater_3,Person_194,4,5,3,4,4,3,2,4
Rater_3,Person_195,2,3,2,4,2,0,0,1
Rater_3,Person_196,2,3,2,2,2,1,1,1
Rater_3,Person_197,4,4,3,4,3,2,3,2
Rater_3,Person_198,3,3,3,4,2,2,2,1
Rater_3,Person_199,2,3,3,3,2,2,1,3
Rater_3,Person_200,2,3,2,3,3,2,1,2
Rater_3,Person_201,3,4,2,4,4,1,2,2
Rater_3,Person_202,3,5,3,4,4,3,4,3
Rater_3,Person_203,4,4,2,3,3,1,1,2
Rater_3,Person_204,3,3,3,4,2,2,2,1
Rater_3,Person_205,1,2,0,3,1,0,0,0
Rater_3,Person_206,2,4,2,4,2,2,2,2
Rater_3,Person_207,3,3,1,2,3,1,0,1
Rater_3,Person_208,2,3,0,2,2,0,1,0
Rater_3,Person_209,3,2,0,1,1,0,1,0
Rater_3,Person_210,2,3,2,4,2,1,1,2
Rater_3,Person_211,3,5,2,4,4,4,2,2
Rater_3,Person_212,2,3,1,3,1,1,0,1
Rater_3,Person_213,3,3,3,4,4,2,0,2
Rater_3,Person_214,3,3,2,2,2,1,0,2
Rater_3,Person_215,2,2,4,3,3,2,1,3
Rater_3,Person_216,3,3,3,4,3,2,3,3
Rater_3,Person_217,3,3,3,4,2,3,3,2
Rater_3,Person_218,5,5,3,4,4,3,2,3
Rater_3,Person_219,2,3,2,2,2,2,0,1
Rater_3,Person_220,2,4,2,3,2,1,2,2
Rater_3,Person_221,2,4,2,3,3,1,2,2
Rater_3,Person_222,3,4,3,3,3,2,1,3
Rater_3,Person_223,4,3,2,3,3,2,1,3
Rater_3,Person_224,2,2,2,3,2,0,1,2
Rater_3,Person_225,4,4,3,3,4,2,2,2
Rater_3,Person_226,4,3,2,3,3,1,1,3
Rater_3,Person_227,5,5,5,5,5,5,3,5
Rater_3,Person_228,5,5,4,4,4,2,3,4
Rater_3,Person_229,2,3,1,3,2,1,0,2
Rater_3,Person_230,2,3,1,4,3,1,1,1
Rater_3,Person_231,1,2,2,2,2,0,0,1
Rater_3,Person_232,2,4,2,2,2,2,2,2
Rater_3,Person_233,3,3,3,4,4,2,3,1
Rater_3,Person_234,5,4,5,4,4,2,3,2
Rater_3,Person_235,2,3,2,3,2,0,1,2
Rater_3,Person_236,3,3,2,3,3,0,0,1
Rater_3,Person_237,2,1,0,2,2,0,0,0
Rater_3,Person_238,2,3,2,2,3,2,1,2
Rater_3,Person_239,2,2,1,2,2,0,1,1
Rater_3,Person_240,2,3,2,3,2,1,2,1
Rater_3,Person_241,3,2,1,4,3,0,0,2
Rater_3,Person_242,2,3,3,3,3,2,1,2
Rater_3,Person_243,2,2,0,2,0,0,0,0
Rater_3,Person_244,2,3,0,2,1,0,2,0
Rater_3,Person_245,4,5,4,5,4,4,3,4
Rater_3,Person_246,2,2,2,1,3,2,1,1
Rater_3,Person_247,2,2,1,3,1,1,0,2
Rater_3,Person_248,4,4,5,5,5,4,2,3
Rater_3,Person_249,5,4,4,5,5,4,4,5
Rater_3,Person_250,2,3,2,2,2,1,1,1
Rater_3,Person_251,2,3,2,4,3,2,1,0
Rater_3,Person_252,4,4,2,4,4,2,1,3
Rater_3,Person_253,4,4,4,4,5,3,3,2
Rater_3,Person_254,2,3,1,3,1,0,0,1
Rater_3,Person_255,2,4,0,2,2,1,1,2
Rater_3,Person_256,5,4,3,4,4,2,2,3
Rater_3,Person_257,2,3,4,5,3,2,1,3
Rater_3,Person_258,4,3,2,2,2,1,1,2
Rater_3,Person_259,3,2,2,2,3,2,1,1
Rater_3,Person_260,2,2,2,2,2,1,0,0
Rater_3,Person_261,3,3,3,2,2,1,1,1
Rater_3,Person_262,3,3,2,4,3,1,1,2
Rater_3,Person_263,4,2,3,4,2,1,1,2
Rater_3,Person_264,2,3,2,2,2,1,1,2
Rater_3,Person_265,3,3,4,4,2,2,2,3
Rater_3,Person_266,4,5,4,5,4,3,4,2
Rater_3,Person_267,4,3,2,4,3,1,2,3
Rater_3,Person_268,3,3,3,5,5,1,2,3
Rater_3,Person_269,3,2,4,4,3,1,2,1
Rater_3,Person_270,4,3,3,3,3,1,2,2
Rater_3,Person_271,3,3,2,3,3,0,0,1
Rater_3,Person_272,2,4,3,4,2,2,2,2
Rater_3,Person_273,3,3,3,3,2,1,2,3
Rater_3,Person_274,5,5,4,5,5,4,2,4
Rater_3,Person_275,4,5,5,4,5,3,3,3
Rater_3,Person_276,3,3,3,4,3,2,2,3
Rater_3,Person_277,3,3,3,3,4,1,0,1
Rater_3,Person_278,2,5,2,2,1,0,0,1
Rater_3,Person_279,3,4,3,5,5,3,2,3
Rater_3,Person_280,3,4,2,4,2,2,2,2
Rater_3,Person_281,3,5,3,4,3,2,3,3
Rater_3,Person_282,2,1,0,1,0,0,0,1
Rater_3,Person_283,3,4,3,3,3,1,3,3
Rater_3,Person_284,3,4,3,4,3,2,2,2
Rater_3,Person_285,2,3,2,3,2,1,2,0
Rater_3,Person_286,2,2,2,2,3,2,0,1
Rater_3,Person_287,3,4,3,3,2,2,3,2
Rater_3,Person_288,2,3,2,2,3,2,1,2
Rater_3,Person_289,2,3,2,4,2,2,2,2
Rater_3,Person_290,3,1,2,3,3,1,0,2
Rater_3,Person_291,2,3,3,3,3,3,2,2
Rater_3,Person_292,3,3,3,3,3,3,2,1
Rater_3,Person_293,4,4,4,4,4,2,4,2
Rater_3,Person_294,1,0,0,1,1,0,0,0
Rater_3,Person_295,2,3,2,3,3,1,1,1
Rater_3,Person_296,2,3,3,3,4,2,1,2
Rater_3,Person_297,3,2,3,5,4,2,1,2
Rater_3,Person_298,2,3,2,4,2,1,2,1
Rater_3,Person_299,1,2,1,2,2,1,0,0
Rater_3,Person_300,3,3,2,4,4,2,1,2
Rater_3,Person_301,3,5,4,5,5,3,2,3
Rater_3,Person_302,1,2,1,3,2,0,0,0
Rater_3,Person_303,3,5,4,4,4,3,2,3
Rater_3,Person_304,2,3,3,3,3,1,3,2
Rater_3,Person_305,3,3,3,2,3,1,1,2
Rater_3,Person_306,2,3,0,2,2,2,0,2
Rater_3,Person_307,3,3,2,2,2,2,1,1
Rater_3,Person_308,4,5,3,4,3,2,4,3
Rater_3,Person_309,4,3,3,4,3,2,2,2
Rater_3,Person_310,4,4,4,5,4,3,3,3
Rater_3,Person_311,3,5,3,4,4,2,3,4
Rater_3,Person_312,2,3,3,4,2,2,1,2
Rater_3,Person_313,4,4,3,4,4,4,3,3
Rater_3,Person_314,3,3,3,4,4,2,2,2
Rater_3,Person_315,4,4,2,5,4,2,2,2
Rater_3,Person_316,2,3,3,3,2,1,0,2
Rater_3,Person_317,3,3,2,4,3,1,2,2
Rater_3,Person_318,2,2,2,2,1,1,1,1
Rater_3,Person_319,4,3,3,4,3,2,2,3
Rater_3,Person_320,1,3,1,2,2,1,0,0
Rater_3,Person_321,4,4,2,4,3,2,3,2
Rater_3,Person_322,3,2,2,3,3,2,1,2
Rater_3,Person_323,3,4,4,5,3,3,2,3
Rater_3,Person_324,3,4,3,3,4,2,3,2
Rater_3,Person_325,4,5,3,5,5,3,4,3
Rater_3,Person_326,3,3,2,3,3,3,2,2
Rater_3,Person_327,0,2,1,2,1,1,0,1
Rater_3,Person_328,3,3,1,3,3,2,1,2
Rater_3,Person_329,2,2,2,3,1,0,1,1
Rater_3,Person_330,1,3,2,4,1,0,1,2
Rater_3,Person_331,4,4,3,3,4,3,3,3
Rater_3,Person_332,4,4,2,4,3,3,2,3
Rater_3,Person_333,2,2,2,3,3,1,0,1
Rater_3,Person_334,2,2,2,3,2,1,1,1
Rater_3,Person_335,3,3,1,3,3,1,2,2
Rater_3,Person_336,2,2,1,2,2,0,0,0
Rater_3,Person_337,2,1,1,3,3,1,0,2
Rater_3,Person_338,3,3,2,3,3,2,2,2
Rater_3,Person_339,4,4,2,4,3,2,2,3
Rater_3,Person_340,3,4,3,4,3,2,3,2
Rater_3,Person_341,1,2,1,2,0,0,0,0
Rater_3,Person_342,3,3,3,5,3,1,2,2
Rater_3,Person_343,3,3,2,3,2,1,3,2
Rater_3,Person_344,3,3,3,3,3,2,2,3
Rater_3,Person_345,4,5,3,5,4,3,2,3
Rater_3,Person_346,2,1,1,1,1,0,0,0
Rater_3,Person_347,2,2,3,3,2,1,2,2
Rater_3,Person_348,3,4,2,4,3,2,2,3
Rater_3,Person_349,0,1,1,3,3,1,0,0
Rater_3,Person_350,4,3,4,4,5,3,2,3
Rater_3,Person_351,4,4,2,5,3,2,2,3
Rater_3,Person_352,4,3,3,4,4,2,3,3
Rater_3,Person_353,2,2,2,3,1,2,2,2
Rater_3,Person_354,4,4,3,4,3,2,2,4
Rater_3,Person_355,4,4,3,5,4,2,3,2
Rater_3,Person_356,3,3,3,3,3,1,1,3
Rater_3,Person_357,2,3,3,4,3,1,1,2
Rater_3,Person_358,3,3,2,3,3,1,2,3
Rater_3,Person_359,2,3,3,3,2,0,1,2
Rater_3,Person_360,2,3,1,3,3,1,2,1
Rater_3,Person_361,3,2,2,3,2,2,1,1
Rater_3,Person_362,3,4,3,4,2,2,2,1
Rater_3,Person_363,4,4,4,5,4,3,2,3
Rater_3,Person_364,2,3,1,4,1,0,0,1
Rater_3,Person_365,2,3,1,2,3,1,1,4
Rater_3,Person_366,4,4,3,5,4,3,3,2
Rater_3,Person_367,1,3,2,2,2,1,1,2
Rater_3,Person_368,2,2,2,2,2,0,1,1
Rater_3,Person_369,2,2,1,3,3,2,2,1
Rater_3,Person_370,4,3,2,3,3,2,2,1
Rater_3,Person_371,3,4,1,3,3,2,2,1
Rater_3,Person_372,4,5,3,4,3,3,2,3
Rater_3,Person_373,4,4,3,4,4,3,3,3
Rater_3,Person_374,3,4,4,2,4,2,2,2
Rater_3,Person_375,3,4,2,3,3,2,2,2
Rater_3,Person_376,4,5,4,4,4,4,3,4
Rater_3,Person_377,3,2,2,3,2,2,0,2
Rater_3,Person_378,1,2,1,1,1,0,0,0
Rater_3,Person_379,5,4,5,4,4,2,3,4
Rater_3,Person_380,1,3,1,2,2,1,1,1
Rater_3,Person_381,2,4,2,4,3,1,1,2
Rater_3,Person_382,4,5,4,5,3,3,3,3
Rater_3,Person_383,2,2,0,3,2,0,1,1
Rater_3,Person_384,2,2,0,2,2,1,0,2
Rater_3,Person_385,1,2,0,2,2,0,1,0
Rater_3,Person_386,2,2,2,2,2,0,0,1
Rater_3,Person_387,2,3,3,4,3,2,3,2
Rater_3,Person_388,4,3,3,4,3,3,2,2
Rater_3,Person_389,2,4,2,4,3,2,2,2
Rater_3,Person_390,2,2,1,2,2,1,0,0
Rater_3,Person_391,0,1,0,2,0,0,0,0
Rater_3,Person_392,4,3,3,4,3,0,1,1
Rater_3,Person_393,2,2,2,3,3,1,1,3
Rater_3,Person_394,4,3,3,5,4,2,2,3
Rater_3,Person_395,4,3,3,5,3,2,3,3
Rater_3,Person_396,3,3,3,3,2,2,3,1
Rater_3,Person_397,3,3,4,4,3,1,2,3
Rater_3,Person_398,3,3,2,3,3,3,2,2
Rater_3,Person_399,4,4,2,4,4,2,2,3
Rater_3,Person_400,2,2,2,3,3,2,1,2
Rater_3,Person_401,2,4,2,4,3,2,1,2
Rater_3,Person_402,2,4,2,3,3,3,2,3
Rater_3,Person_403,3,4,3,4,4,2,3,3
Rater_3,Person_404,3,3,2,3,2,1,2,0
Rater_3,Person_405,4,3,2,4,3,2,2,3
Rater_3,Person_406,2,4,2,3,2,1,2,2
Rater_3,Person_407,3,3,2,3,3,2,1,3
Rater_3,Person_408,4,4,3,4,3,2,2,3
Rater_3,Person_409,2,2,0,1,2,0,0,0
Rater_3,Person_410,1,3,2,2,2,1,0,1
Rater_3,Person_411,2,2,1,3,1,1,0,0
Rater_3,Person_412,1,2,0,2,1,0,0,0
Rater_3,Person_413,2,2,1,3,2,0,0,1
Rater_3,Person_414,3,4,3,3,5,3,2,2
Rater_3,Person_415,2,3,3,3,3,3,1,2
Rater_3,Person_416,3,4,2,3,4,2,1,3
Rater_3,Person_417,3,3,3,3,4,3,3,4
Rater_3,Person_418,4,4,3,5,4,3,3,3
Rater_3,Person_419,2,3,2,4,3,0,2,2
Rater_3,Person_420,5,5,3,5,4,2,3,4
Rater_3,Person_421,2,3,2,4,3,1,2,2
Rater_3,Person_422,2,2,2,3,3,0,2,2
Rater_3,Person_423,2,3,2,3,2,2,1,1
Rater_3,Person_424,2,2,2,2,2,1,0,1
Rater_3,Person_425,2,3,1,2,2,0,1,0
Rater_3,Person_426,2,3,3,3,2,1,1,2
Rater_3,Person_427,3,4,4,5,3,2,1,2
Rater_3,Person_428,4,5,3,4,4,4,3,4
Rater_3,Person_429,2,2,1,3,2,0,1,2
Rater_3,Person_430,3,3,3,4,3,2,1,2
Rater_3,Person_431,2,3,2,3,2,2,0,1
Rater_3,Person_432,3,4,2,3,3,3,2,3
Rater_3,Person_433,3,4,1,5,3,2,1,2
Rater_3,Person_434,1,1,1,2,1,0,0,1
Rater_3,Person_435,5,5,4,5,4,2,2,2
Rater_3,Person_436,2,3,2,2,3,1,0,1
Rater_3,Person_437,3,2,3,4,3,2,1,2
Rater_3,Person_438,3,1,1,3,2,1,1,1
Rater_3,Person_439,2,3,2,4,2,1,1,0
Rater_3,Person_440,3,4,3,4,2,2,2,2
Rater_3,Person_441,3,4,2,4,2,1,2,1
Rater_3,Person_442,3,3,2,5,4,2,2,3
Rater_3,Person_443,3,4,2,3,2,3,2,2
Rater_3,Person_444,4,4,3,5,4,2,3,2
Rater_3,Person_445,2,4,2,3,3,0,1,2
Rater_3,Person_446,1,2,1,3,2,0,0,0
Rater_3,Person_447,4,4,3,3,4,2,2,4
Rater_3,Person_448,3,3,2,3,3,1,1,2
Rater_3,Person_449,3,3,3,5,4,3,3,3
Rater_3,Person_450,2,3,3,4,3,2,2,3
Rater_3,Person_451,2,4,3,2,3,2,1,2
Rater_3,Person_452,4,5,3,4,3,1,1,3
Rater_3,Person_453,5,5,4,5,4,3,3,3
Rater_3,Person_454,4,5,5,4,5,3,3,4
Rater_3,Person_455,3,4,2,3,2,1,1,1
Rater_3,Person_456,3,4,3,3,3,2,2,2
Rater_3,Person_457,4,4,3,4,4,2,3,3
Rater_3,Person_458,2,2,2,1,2,1,1,1
Rater_3,Person_459,3,3,2,3,3,2,2,2
Rater_3,Person_460,3,3,4,4,3,1,1,2
Rater_3,Person_461,3,4,2,3,2,1,2,3
Rater_3,Person_462,2,2,2,2,3,1,1,1
Rater_3,Person_463,1,2,0,1,2,0,1,1
Rater_3,Person_464,2,2,0,2,1,0,0,1
Rater_3,Person_465,3,3,1,2,2,0,0,0
Rater_3,Person_466,3,3,2,3,3,2,1,1
Rater_3,Person_467,2,3,1,3,2,2,1,1
Rater_3,Person_468,4,4,4,5,4,3,2,4
Rater_3,Person_469,4,3,3,5,4,2,2,4
Rater_3,Person_470,2,2,1,2,1,1,1,1
Rater_3,Person_471,3,4,3,4,2,3,2,2
Rater_3,Person_472,4,3,2,3,3,1,2,3
Rater_3,Person_473,4,3,2,2,3,1,1,1
Rater_3,Person_474,3,5,2,4,3,2,1,2
Rater_3,Person_475,3,4,3,3,3,2,3,3
Rater_3,Person_476,2,3,2,3,2,1,1,2
Rater_3,Person_477,4,3,2,4,3,1,2,2
Rater_3,Person_478,2,3,2,2,1,1,0,1
Rater_3,Person_479,2,3,2,4,3,2,2,2
Rater_3,Person_480,5,5,5,5,5,3,3,5
Rater_3,Person_481,2,3,2,3,3,2,1,2
Rater_3,Person_482,5,5,4,5,4,2,3,3
Rater_3,Person_483,3,3,2,3,2,0,1,2
Rater_3,Person_484,3,4,3,3,4,3,3,2
Rater_3,Person_485,2,5,2,3,2,3,2,2
Rater_3,Person_486,2,3,2,2,3,2,0,3
Rater_3,Person_487,2,4,2,3,2,0,2,2
Rater_3,Person_488,3,4,3,3,4,2,2,3
Rater_3,Person_489,2,2,1,2,2,1,0,1
Rater_3,Person_490,2,4,2,3,3,2,1,3
Rater_3,Person_491,3,4,3,4,4,3,3,2
Rater_3,Person_492,3,3,2,3,4,2,1,2
Rater_3,Person_493,2,1,2,3,2,1,2,2
Rater_3,Person_494,4,3,3,4,3,2,1,2
Rater_3,Person_495,3,2,1,3,2,2,1,2
Rater_3,Person_496,4,5,3,5,4,3,2,3
Rater_3,Person_497,1,2,0,2,0,0,1,1
Rater_3,Person_498,3,3,2,2,2,2,1,2
Rater_3,Person_499,2,2,1,2,0,0,0,1
Rater_3,Person_500,1,2,2,2,2,0,0,0
Rater_4,Person_1,3,4,4,3,4,2,2,2
Rater_4,Person_2,2,3,0,4,1,2,1,2
Rater_4,Person_3,2,4,3,5,4,2,2,4
Rater_4,Person_4,4,4,3,5,4,2,3,3
Rater_4,Person_5,1,3,1,1,1,0,0,0
Rater_4,Person_6,3,2,0,4,3,0,0,1
Rater_4,Person_7,3,3,3,5,4,2,1,2
Rater_4,Person_8,3,3,2,3,4,1,1,1
Rater_4,Person_9,3,4,3,3,4,1,1,3
Rater_4,Person_10,3,4,2,1,2,0,1,1
Rater_4,Person_11,3,4,4,4,3,2,2,3
Rater_4,Person_12,5,4,3,5,4,2,2,3
Rater_4,Person_13,3,5,2,4,4,2,2,2
Rater_4,Person_14,4,5,3,5,5,4,3,3
Rater_4,Person_15,3,5,3,5,4,2,3,3
Rater_4,Person_16,2,3,2,2,1,0,1,1
Rater_4,Person_17,4,3,3,5,4,1,1,2
Rater_4,Person_18,2,2,1,2,2,0,0,2
Rater_4,Person_19,4,5,3,4,5,2,3,2
Rater_4,Person_20,2,4,2,5,2,1,2,1
Rater_4,Person_21,4,3,3,3,4,2,1,0
Rater_4,Person_22,3,3,2,3,3,1,0,2
Rater_4,Person_23,4,4,4,5,5,2,2,3
Rater_4,Person_24,3,4,4,4,4,2,1,3
Rater_4,Person_25,4,3,3,4,3,2,1,1
Rater_4,Person_26,2,3,2,3,3,1,1,2
Rater_4,Person_27,4,5,2,5,3,1,2,3
Rater_4,Person_28,4,4,2,4,3,2,1,2
Rater_4,Person_29,4,5,4,4,3,2,2,2
Rater_4,Person_30,4,5,2,3,3,2,1,2
Rater_4,Person_31,5,5,4,5,4,3,3,4
Rater_4,Person_32,3,3,3,4,2,2,2,1
Rater_4,Person_33,2,5,2,3,3,1,1,2
Rater_4,Person_34,2,4,2,4,3,1,0,2
Rater_4,Person_35,4,5,3,4,3,2,2,2
Rater_4,Person_36,5,4,2,5,4,3,2,3
Rater_4,Person_37,2,4,2,3,3,1,1,2
Rater_4,Person_38,0,4,2,4,3,1,0,1
Rater_4,Person_39,2,3,2,2,2,1,0,1
Rater_4,Person_40,4,4,3,5,3,2,2,2
Rater_4,Person_41,4,5,4,5,4,3,2,3
Rater_4,Person_42,4,4,3,4,3,2,3,3
Rater_4,Person_43,3,3,2,3,3,0,2,1
Rater_4,Person_44,3,4,3,5,2,2,1,2
Rater_4,Person_45,3,4,3,4,2,2,1,1
Rater_4,Person_46,4,4,3,4,2,1,1,3
Rater_4,Person_47,4,5,3,5,5,4,3,3
Rater_4,Person_48,4,3,2,4,3,2,1,3
Rater_4,Person_49,4,5,4,4,3,2,2,3
Rater_4,Person_50,3,5,3,4,4,2,2,2
Rater_4,Person_51,3,3,3,4,2,1,2,3
Rater_4,Person_52,3,4,3,4,3,1,2,2
Rater_4,Person_53,1,4,1,3,2,0,0,2
Rater_4,Person_54,3,5,2,3,1,1,2,1
Rater_4,Person_55,3,2,2,3,3,2,1,2
Rater_4,Person_56,2,3,2,4,3,2,0,1
Rater_4,Person_57,2,3,3,3,3,1,1,1
Rater_4,Person_58,5,5,3,5,4,3,3,4
Rater_4,Person_59,2,2,2,4,3,1,0,2
Rater_4,Person_60,5,5,3,4,4,2,1,3
Rater_4,Person_61,1,2,2,2,1,0,0,1
Rater_4,Person_62,2,4,4,4,3,1,1,1
Rater_4,Person_63,3,4,3,4,3,3,2,1
Rater_4,Person_64,3,5,3,4,3,2,4,3
Rater_4,Person_65,4,4,3,4,4,2,3,3
Rater_4,Person_66,4,4,2,5,4,3,2,4
Rater_4,Person_67,3,4,3,3,3,1,1,1
Rater_4,Person_68,3,3,1,3,3,1,2,2
Rater_4,Person_69,4,4,3,5,5,2,2,3
Rater_4,Person_70,3,3,1,4,4,2,1,2
Rater_4,Person_71,2,3,1,2,2,1,0,1
Rater_4,Person_72,1,3,1,2,2,1,0,1
Rater_4,Person_73,2,2,2,3,3,1,0,1
Rater_4,Person_74,3,4,4,4,4,2,2,2
Rater_4,Person_75,3,4,2,3,2,2,1,2
Rater_4,Person_76,3,3,2,5,4,2,2,2
Rater_4,Person_77,3,3,2,4,3,1,2,1
Rater_4,Person_78,3,4,3,3,3,1,1,2
Rater_4,Person_79,3,4,3,5,4,2,2,2
Rater_4,Person_80,2,3,3,3,4,1,1,2
Rater_4,Person_81,3,4,3,5,4,1,3,3
Rater_4,Person_82,3,3,3,3,3,1,1,1
Rater_4,Person_83,3,3,1,4,2,1,1,1
Rater_4,Person_84,3,3,3,3,3,0,1,1
Rater_4,Person_85,3,2,2,3,3,0,1,1
Rater_4,Person_86,2,4,4,5,4,2,2,3
Rater_4,Person_87,3,3,2,3,2,1,1,1
Rater_4,Person_88,3,3,2,4,3,1,1,2
Rater_4,Person_89,4,4,3,5,4,2,2,3
Rater_4,Person_90,3,4,3,5,3,2,2,3
Rater_4,Person_91,4,5,4,3,5,3,1,2
Rater_4,Person_92,3,3,1,5,3,1,1,0
Rater_4,Person_93,3,2,2,3,2,2,2,2
Rater_4,Person_94,2,5,2,4,3,2,0,3
Rater_4,Person_95,1,3,0,2,2,0,0,1
Rater_4,Person_96,1,2,1,2,2,1,1,1
Rater_4,Person_97,2,3,1,3,2,1,0,2
Rater_4,Person_98,2,4,2,2,3,0,0,1
Rater_4,Person_99,3,4,3,4,3,2,2,3
Rater_4,Person_100,2,5,2,3,2,2,0,1
Rater_4,Person_101,2,3,3,4,3,2,0,1
Rater_4,Person_102,3,5,3,5,5,3,3,3
Rater_4,Person_103,2,3,3,3,3,2,2,2
Rater_4,Person_104,4,4,2,5,3,3,2,3
Rater_4,Person_105,3,3,2,4,1,1,0,0
Rater_4,Person_106,3,4,1,4,3,1,1,1
Rater_4,Person_107,3,3,1,2,3,1,0,1
Rater_4,Person_108,4,4,2,3,3,0,2,2
Rater_4,Person_109,4,4,4,4,5,3,1,4
Rater_4,Person_110,3,2,1,2,1,1,0,1
Rater_4,Person_111,4,4,3,3,3,1,2,3
Rater_4,Person_112,3,4,2,3,4,2,1,2
Rater_4,Person_113,3,3,1,3,3,1,0,0
Rater_4,Person_114,2,2,1,2,2,1,0,1
Rater_4,Person_115,3,3,3,3,3,1,2,2
Rater_4,Person_116,3,2,3,4,2,2,1,3
Rater_4,Person_117,4,4,3,4,3,1,0,3
Rater_4,Person_118,3,4,2,4,3,2,1,2
Rater_4,Person_119,5,5,4,5,5,2,3,4
Rater_4,Person_120,3,3,1,4,3,1,0,1
Rater_4,Person_121,3,3,1,2,2,0,0,2
Rater_4,Person_122,4,4,4,4,3,1,3,3
Rater_4,Person_123,3,4,3,3,4,3,1,2
Rater_4,Person_124,5,5,3,5,4,3,3,3
Rater_4,Person_125,4,5,3,5,3,3,2,3
Rater_4,Person_126,4,4,2,4,4,2,2,2
Rater_4,Person_127,4,5,4,5,3,3,3,4
Rater_4,Person_128,2,3,2,3,1,0,0,2
Rater_4,Person_129,3,4,2,3,3,1,2,2
Rater_4,Person_130,3,3,3,3,1,0,1,0
Rater_4,Person_131,2,3,3,3,2,1,1,2
Rater_4,Person_132,1,3,2,2,3,0,0,1
Rater_4,Person_133,5,4,3,4,4,1,2,2
Rater_4,Person_134,3,5,2,3,4,1,1,2
Rater_4,Person_135,2,3,2,2,2,0,0,0
Rater_4,Person_136,2,3,2,3,2,0,1,2
Rater_4,Person_137,3,3,3,4,3,1,2,2
Rater_4,Person_138,5,5,3,5,5,3,2,2
Rater_4,Person_139,5,5,4,5,4,4,3,5
Rater_4,Person_140,5,5,5,5,5,3,4,5
Rater_4,Person_141,4,4,3,3,3,2,2,2
Rater_4,Person_142,2,3,1,2,2,1,1,0
Rater_4,Person_143,2,2,1,1,1,1,0,0
Rater_4,Person_144,3,5,2,5,3,2,1,2
Rater_4,Person_145,3,3,1,2,3,1,0,2
Rater_4,Person_146,4,4,2,4,3,1,2,2
Rater_4,Person_147,3,4,0,4,2,1,2,2
Rater_4,Person_148,3,4,3,3,3,0,2,2
Rater_4,Person_149,4,5,4,5,5,2,3,2
Rater_4,Person_150,4,4,3,4,3,1,3,2
Rater_4,Person_151,2,5,2,4,3,2,1,1
Rater_4,Person_152,2,2,1,3,2,1,0,2
Rater_4,Person_153,1,2,1,2,2,0,0,1
Rater_4,Person_154,3,3,2,3,3,1,1,2
Rater_4,Person_155,3,3,2,4,4,1,2,3
Rater_4,Person_156,5,5,3,5,5,2,2,4
Rater_4,Person_157,2,5,2,5,3,2,1,3
Rater_4,Person_158,4,4,4,4,4,3,3,3
Rater_4,Person_159,3,3,2,3,3,1,1,1
Rater_4,Person_160,1,3,1,2,2,0,1,1
Rater_4,Person_161,3,4,0,3,1,0,0,0
Rater_4,Person_162,2,1,1,3,2,1,2,2
Rater_4,Person_163,5,5,4,5,5,3,2,3
Rater_4,Person_164,2,3,1,4,3,1,0,1
Rater_4,Person_165,5,4,4,5,4,3,2,4
Rater_4,Person_166,3,4,1,2,2,0,0,2
Rater_4,Person_167,5,5,4,5,4,3,2,3
Rater_4,Person_168,4,3,3,5,4,3,3,3
Rater_4,Person_169,4,3,2,3,3,1,1,1
Rater_4,Person_170,3,3,2,4,4,2,2,3
Rater_4,Person_171,3,4,2,2,3,1,1,2
Rater_4,Person_172,3,4,4,4,5,2,1,2
Rater_4,Person_173,3,3,2,3,3,1,1,3
Rater_4,Person_174,2,3,2,2,2,0,0,0
Rater_4,Person_175,1,3,2,2,3,0,0,1
Rater_4,Person_176,4,4,3,4,4,2,2,2
Rater_4,Person_177,5,5,3,5,4,3,3,4
Rater_4,Person_178,3,4,3,4,3,1,0,2
Rater_4,Person_179,3,4,1,4,4,0,0,2
Rater_4,Person_180,4,4,2,4,4,2,2,3
Rater_4,Person_181,4,5,4,4,5,3,2,4
Rater_4,Person_182,3,5,3,4,3,2,2,2
Rater_4,Person_183,3,3,2,3,4,1,1,2
Rater_4,Person_184,4,5,4,4,5,3,2,3
Rater_4,Person_185,5,5,3,4,4,2,1,1
Rater_4,Person_186,5,5,4,5,5,2,3,4
Rater_4,Person_187,3,2,3,3,3,2,1,2
Rater_4,Person_188,2,3,2,2,1,1,0,1
Rater_4,Person_189,3,2,2,2,2,0,0,1
Rater_4,Person_190,4,5,5,5,5,4,3,3
Rater_4,Person_191,5,5,4,5,5,4,3,4
Rater_4,Person_192,3,3,2,5,3,0,1,2
Rater_4,Person_193,2,3,3,3,3,0,2,2
Rater_4,Person_194,5,4,3,5,5,3,3,3
Rater_4,Person_195,3,2,1,3,2,0,0,1
Rater_4,Person_196,3,4,1,3,2,0,1,2
Rater_4,Person_197,4,4,3,5,3,2,2,2
Rater_4,Person_198,3,2,2,4,3,2,1,1
Rater_4,Person_199,3,3,3,3,3,2,3,2
Rater_4,Person_200,3,4,2,4,3,1,2,2
Rater_4,Person_201,3,5,3,5,4,2,3,1
Rater_4,Person_202,5,5,3,5,4,3,2,4
Rater_4,Person_203,4,2,4,4,3,2,1,1
Rater_4,Person_204,5,4,3,5,3,2,3,2
Rater_4,Person_205,0,3,0,2,3,0,0,1
Rater_4,Person_206,4,3,3,4,3,1,1,2
Rater_4,Person_207,3,3,1,3,3,1,1,2
Rater_4,Person_208,1,3,1,3,2,0,0,1
Rater_4,Person_209,2,3,2,2,2,0,0,0
Rater_4,Person_210,3,4,2,2,3,2,1,3
Rater_4,Person_211,5,5,5,4,4,3,2,3
Rater_4,Person_212,2,3,3,2,3,1,1,1
Rater_4,Person_213,4,4,3,5,2,2,2,2
Rater_4,Person_214,3,3,3,3,2,2,2,1
Rater_4,Person_215,2,4,2,4,3,2,1,3
Rater_4,Person_216,4,5,3,4,3,1,2,3
Rater_4,Person_217,5,3,3,4,4,2,1,2
Rater_4,Person_218,4,5,3,5,4,3,2,3
Rater_4,Person_219,3,3,2,4,4,1,1,2
Rater_4,Person_220,2,4,2,2,2,1,1,2
Rater_4,Person_221,3,3,3,4,3,1,1,2
Rater_4,Person_222,4,4,2,4,3,2,1,2
Rater_4,Person_223,3,3,3,4,3,0,1,4
Rater_4,Person_224,2,2,1,3,3,0,0,0
Rater_4,Person_225,4,4,3,4,4,2,2,2
Rater_4,Person_226,4,3,3,4,3,3,3,3
Rater_4,Person_227,5,5,5,5,5,4,4,3
Rater_4,Person_228,5,5,5,5,3,2,3,3
Rater_4,Person_229,3,3,2,3,2,2,1,2
Rater_4,Person_230,3,3,2,3,2,1,1,2
Rater_4,Person_231,3,2,1,2,1,1,0,1
Rater_4,Person_232,2,4,2,3,3,1,1,1
Rater_4,Person_233,3,4,3,3,3,1,2,2
Rater_4,Person_234,5,5,3,4,5,2,3,3
Rater_4,Person_235,2,2,2,3,3,1,0,2
Rater_4,Person_236,2,4,2,3,3,1,0,1
Rater_4,Person_237,1,2,0,1,0,0,0,0
Rater_4,Person_238,3,4,3,4,3,1,1,2
Rater_4,Person_239,3,2,2,3,2,1,0,2
Rater_4,Person_240,2,4,0,3,4,1,1,0
Rater_4,Person_241,2,3,2,1,2,1,1,2
Rater_4,Person_242,3,3,2,4,3,2,1,2
Rater_4,Person_243,1,2,0,1,1,0,0,1
Rater_4,Person_244,3,2,1,4,1,0,0,0
Rater_4,Person_245,4,5,3,5,5,4,3,5
Rater_4,Person_246,1,3,1,3,1,0,0,0
Rater_4,Person_247,3,2,1,3,3,1,1,0
Rater_4,Person_248,5,4,3,5,5,4,3,3
Rater_4,Person_249,4,5,5,4,5,5,4,5
Rater_4,Person_250,2,3,2,3,2,0,1,1
Rater_4,Person_251,3,3,2,4,4,1,0,0
Rater_4,Person_252,2,4,2,4,3,1,1,2
Rater_4,Person_253,5,5,4,5,4,4,3,4
Rater_4,Person_254,2,3,2,2,2,0,1,1
Rater_4,Person_255,3,3,2,3,2,2,1,2
Rater_4,Person_256,4,4,3,4,3,3,1,2
Rater_4,Person_257,4,5,3,4,2,1,2,3
Rater_4,Person_258,3,4,3,4,3,2,1,2
Rater_4,Person_259,3,3,1,3,3,1,1,2
Rater_4,Person_260,2,2,1,3,2,0,0,1
Rater_4,Person_261,3,4,3,4,3,2,3,3
Rater_4,Person_262,3,4,2,3,2,1,2,2
Rater_4,Person_263,3,4,2,4,4,2,1,1
Rater_4,Person_264,2,3,2,4,3,1,0,2
Rater_4,Person_265,4,5,3,5,3,3,2,3
Rater_4,Person_266,4,5,4,5,4,2,3,3
Rater_4,Person_267,2,4,2,3,3,2,1,2
Rater_4,Person_268,3,3,3,4,3,2,2,2
Rater_4,Person_269,3,3,3,3,3,1,2,2
Rater_4,Person_270,2,5,3,3,3,1,1,1
Rater_4,Person_271,2,3,1,3,3,1,1,1
Rater_4,Person_272,3,3,2,5,3,2,2,2
Rater_4,Person_273,3,3,2,5,3,1,1,2
Rater_4,Person_274,4,5,5,5,5,3,4,3
Rater_4,Person_275,4,4,3,5,5,3,2,3
Rater_4,Person_276,3,3,2,4,3,3,1,1
Rater_4,Person_277,3,3,1,3,3,1,1,2
Rater_4,Person_278,1,2,1,4,2,1,0,0
Rater_4,Person_279,4,4,5,5,4,3,2,4
Rater_4,Person_280,3,4,3,4,2,2,1,4
Rater_4,Person_281,5,5,2,5,4,2,2,3
Rater_4,Person_282,3,2,0,3,1,1,0,0
Rater_4,Person_283,5,5,3,4,4,2,3,4
Rater_4,Person_284,3,4,2,4,3,2,1,2
Rater_4,Person_285,1,1,2,2,2,1,0,1
Rater_4,Person_286,3,4,2,3,3,2,1,2
Rater_4,Person_287,4,4,2,4,3,1,2,2
Rater_4,Person_288,4,4,3,4,2,1,1,2
Rater_4,Person_289,2,3,3,2,3,1,2,2
Rater_4,Person_290,2,4,1,5,3,1,1,2
Rater_4,Person_291,3,3,2,4,3,1,2,2
Rater_4,Person_292,2,4,3,4,4,3,3,3
Rater_4,Person_293,5,4,4,5,4,3,3,4
Rater_4,Person_294,1,2,2,1,0,0,1,0
Rater_4,Person_295,3,4,1,3,4,0,2,2
Rater_4,Person_296,4,5,2,4,4,1,1,1
Rater_4,Person_297,2,3,3,4,3,3,2,2
Rater_4,Person_298,3,3,1,3,3,1,1,2
Rater_4,Person_299,3,2,1,2,2,1,0,0
Rater_4,Person_300,3,3,2,5,3,3,2,2
Rater_4,Person_301,5,5,3,5,4,2,3,3
Rater_4,Person_302,2,2,1,4,3,0,1,0
Rater_4,Person_303,3,4,3,5,3,2,2,2
Rater_4,Person_304,3,3,3,4,3,1,1,1
Rater_4,Person_305,3,3,3,3,4,1,2,2
Rater_4,Person_306,3,2,2,3,2,1,0,1
Rater_4,Person_307,3,3,2,3,4,1,1,2
Rater_4,Person_308,5,5,4,5,4,3,2,4
Rater_4,Person_309,3,4,4,5,4,1,2,4
Rater_4,Person_310,5,5,4,5,5,3,4,4
Rater_4,Person_311,4,5,3,5,4,2,3,3
Rater_4,Person_312,4,5,2,4,3,1,2,2
Rater_4,Person_313,3,5,4,4,5,2,3,3
Rater_4,Person_314,3,4,2,5,3,1,1,1
Rater_4,Person_315,4,4,3,4,4,3,3,3
Rater_4,Person_316,3,4,3,3,2,1,0,1
Rater_4,Person_317,4,4,3,5,3,2,1,2
Rater_4,Person_318,3,2,1,3,2,0,1,1
Rater_4,Person_319,5,5,3,5,5,4,3,4
Rater_4,Person_320,2,2,1,2,3,0,1,1
Rater_4,Person_321,4,3,1,4,3,2,2,3
Rater_4,Person_322,3,2,1,4,3,2,1,2
Rater_4,Person_323,4,5,4,5,4,3,3,3
Rater_4,Person_324,3,5,3,5,4,2,1,1
Rater_4,Person_325,4,4,5,5,5,4,3,3
Rater_4,Person_326,3,4,3,4,3,2,3,3
Rater_4,Person_327,1,1,2,3,2,0,0,2
Rater_4,Person_328,3,3,3,4,3,1,0,2
Rater_4,Person_329,1,3,1,3,2,0,1,2
Rater_4,Person_330,2,3,3,3,2,1,1,1
Rater_4,Person_331,4,5,4,5,5,2,3,3
Rater_4,Person_332,3,4,3,5,4,2,3,3
Rater_4,Person_333,1,3,2,4,2,1,0,1
Rater_4,Person_334,3,3,3,2,3,1,0,2
Rater_4,Person_335,3,4,2,5,3,1,2,2
Rater_4,Person_336,1,2,0,2,2,0,1,1
Rater_4,Person_337,2,2,1,4,2,1,0,1
Rater_4,Person_338,4,3,3,4,2,2,2,4
Rater_4,Person_339,5,5,4,5,4,2,3,3
Rater_4,Person_340,3,5,3,5,4,2,3,3
Rater_4,Person_341,0,2,0,2,2,0,0,1
Rater_4,Person_342,2,4,2,5,4,1,1,3
Rater_4,Person_343,3,4,3,3,3,2,1,2
Rater_4,Person_344,3,4,3,4,2,1,2,3
Rater_4,Person_345,5,4,3,5,5,2,4,4
Rater_4,Person_346,1,2,0,2,2,0,1,0
Rater_4,Person_347,3,3,2,3,3,1,0,2
Rater_4,Person_348,3,5,2,5,4,2,2,2
Rater_4,Person_349,2,2,0,2,2,0,0,0
Rater_4,Person_350,4,4,4,5,5,4,2,3
Rater_4,Person_351,4,4,3,5,3,2,2,4
Rater_4,Person_352,4,5,2,5,3,4,3,3
Rater_4,Person_353,2,2,2,3,4,1,1,1
Rater_4,Person_354,4,4,3,5,4,2,2,3
Rater_4,Person_355,3,5,3,5,4,3,2,4
Rater_4,Person_356,4,4,3,4,4,2,2,2
Rater_4,Person_357,4,5,3,4,3,2,1,2
Rater_4,Person_358,3,4,3,4,4,2,2,3
Rater_4,Person_359,3,4,2,5,2,1,0,0
Rater_4,Person_360,2,3,2,3,2,1,2,1
Rater_4,Person_361,4,3,3,4,3,1,1,1
Rater_4,Person_362,3,4,1,4,4,1,2,2
Rater_4,Person_363,5,5,5,5,3,3,3,3
Rater_4,Person_364,2,2,1,4,2,0,1,1
Rater_4,Person_365,3,4,4,4,3,2,1,2
Rater_4,Person_366,5,5,4,5,5,3,3,3
Rater_4,Person_367,2,3,2,4,2,2,0,3
Rater_4,Person_368,2,4,1,3,2,0,0,2
Rater_4,Person_369,3,4,4,4,3,2,1,2
Rater_4,Person_370,4,5,3,5,5,3,2,3
Rater_4,Person_371,4,4,3,3,3,1,1,2
Rater_4,Person_372,4,4,3,5,4,2,3,3
Rater_4,Person_373,4,4,3,4,5,2,1,3
Rater_4,Person_374,3,4,3,5,4,2,1,3
Rater_4,Person_375,4,4,3,4,3,3,2,2
Rater_4,Person_376,5,5,5,5,5,4,4,3
Rater_4,Person_377,3,4,3,4,2,1,1,1
Rater_4,Person_378,1,1,2,2,1,0,0,0
Rater_4,Person_379,4,5,4,5,4,3,2,4
Rater_4,Person_380,3,4,1,5,2,2,1,1
Rater_4,Person_381,3,3,3,4,3,1,2,2
Rater_4,Person_382,4,4,3,4,4,3,2,3
Rater_4,Person_383,1,2,0,3,2,0,0,1
Rater_4,Person_384,2,2,1,2,3,0,2,0
Rater_4,Person_385,2,2,1,2,2,0,0,1
Rater_4,Person_386,3,3,2,3,3,0,1,1
Rater_4,Person_387,4,4,3,4,4,1,2,1
Rater_4,Person_388,3,4,2,5,3,2,2,4
Rater_4,Person_389,3,4,3,5,3,1,2,3
Rater_4,Person_390,0,2,2,2,3,0,0,1
Rater_4,Person_391,1,1,1,1,1,0,0,0
Rater_4,Person_392,4,4,2,5,3,2,1,2
Rater_4,Person_393,4,4,2,3,3,0,2,2
Rater_4,Person_394,4,5,2,3,4,1,3,1
Rater_4,Person_395,3,5,3,4,4,2,2,3
Rater_4,Person_396,4,4,2,4,3,2,2,2
Rater_4,Person_397,5,4,3,4,4,2,3,2
Rater_4,Person_398,4,5,3,5,3,1,1,2
Rater_4,Person_399,2,4,4,4,4,3,3,3
Rater_4,Person_400,3,3,2,3,2,2,1,1
Rater_4,Person_401,4,4,2,3,3,1,1,1
Rater_4,Person_402,4,3,2,4,3,1,2,2
Rater_4,Person_403,4,4,5,5,4,2,2,3
Rater_4,Person_404,3,4,2,3,3,1,1,1
Rater_4,Person_405,4,4,4,3,3,2,2,3
Rater_4,Person_406,3,3,3,2,2,0,1,2
Rater_4,Person_407,3,4,2,4,2,2,2,3
Rater_4,Person_408,4,5,4,5,4,1,2,3
Rater_4,Person_409,2,3,1,3,2,1,0,0
Rater_4,Person_410,3,2,1,2,2,0,0,0
Rater_4,Person_411,1,3,0,2,2,1,0,1
Rater_4,Person_412,0,2,0,2,1,0,0,0
Rater_4,Person_413,3,4,3,2,3,1,0,2
Rater_4,Person_414,4,4,3,4,4,3,2,2
Rater_4,Person_415,3,3,2,3,2,2,1,3
Rater_4,Person_416,3,4,3,5,2,2,2,3
Rater_4,Person_417,4,5,3,4,5,2,3,4
Rater_4,Person_418,4,5,3,5,5,2,3,4
Rater_4,Person_419,3,3,3,4,3,2,2,2
Rater_4,Person_420,4,5,5,5,5,3,2,4
Rater_4,Person_421,3,4,2,3,3,1,1,2
Rater_4,Person_422,3,3,1,4,1,1,0,2
Rater_4,Person_423,2,4,2,3,3,1,0,1
Rater_4,Person_424,3,2,2,3,2,1,0,1
Rater_4,Person_425,2,3,2,2,2,1,0,2
Rater_4,Person_426,3,4,3,3,3,0,2,2
Rater_4,Person_427,4,5,2,4,3,2,3,3
Rater_4,Person_428,5,5,4,5,4,4,3,5
Rater_4,Person_429,2,3,0,2,3,0,0,0
Rater_4,Person_430,3,4,3,4,4,2,1,2
Rater_4,Person_431,2,2,1,3,1,1,0,1
Rater_4,Person_432,3,5,3,4,3,3,2,1
Rater_4,Person_433,3,4,3,4,3,1,1,3
Rater_4,Person_434,1,3,0,3,2,0,0,0
Rater_4,Person_435,4,4,3,5,4,2,3,3
Rater_4,Person_436,3,4,2,4,3,0,2,1
Rater_4,Person_437,3,2,2,4,2,1,1,1
Rater_4,Person_438,2,3,2,3,2,0,1,0
Rater_4,Person_439,3,3,1,3,3,1,2,1
Rater_4,Person_440,2,4,3,5,3,2,2,2
Rater_4,Person_441,4,3,2,4,3,1,1,1
Rater_4,Person_442,3,4,2,3,4,1,1,3
Rater_4,Person_443,3,5,3,3,4,2,2,2
Rater_4,Person_444,4,5,4,5,4,2,2,3
Rater_4,Person_445,3,3,2,3,2,2,2,1
Rater_4,Person_446,3,2,1,2,2,0,0,1
Rater_4,Person_447,4,5,4,4,5,2,2,3
Rater_4,Person_448,1,4,2,4,4,2,1,2
Rater_4,Person_449,4,5,4,5,5,2,2,5
Rater_4,Person_450,3,4,3,5,5,2,2,2
Rater_4,Person_451,3,4,2,5,3,2,2,2
Rater_4,Person_452,4,4,3,4,3,3,2,2
Rater_4,Person_453,4,5,5,5,4,3,4,3
Rater_4,Person_454,5,5,5,5,5,4,3,4
Rater_4,Person_455,4,3,2,3,3,2,2,2
Rater_4,Person_456,4,4,3,5,3,2,2,2
Rater_4,Person_457,4,5,3,4,3,3,4,3
Rater_4,Person_458,3,2,1,3,1,1,0,1
Rater_4,Person_459,4,3,2,3,4,2,1,3
Rater_4,Person_460,3,4,3,4,3,3,1,2
Rater_4,Person_461,3,4,4,4,4,2,1,3
Rater_4,Person_462,3,2,3,4,2,0,0,1
Rater_4,Person_463,0,4,1,3,1,0,0,0
Rater_4,Person_464,1,3,0,1,2,2,0,0
Rater_4,Person_465,2,2,1,3,3,0,0,1
Rater_4,Person_466,2,5,1,3,2,2,1,1
Rater_4,Person_467,2,2,2,3,3,1,0,1
Rater_4,Person_468,5,4,5,5,5,3,3,4
Rater_4,Person_469,5,5,3,4,4,3,3,3
Rater_4,Person_470,2,3,2,3,3,2,0,2
Rater_4,Person_471,4,2,3,4,4,2,3,2
Rater_4,Person_472,3,3,1,5,2,2,1,1
Rater_4,Person_473,4,2,2,4,4,1,1,2
Rater_4,Person_474,3,5,1,4,3,1,1,1
Rater_4,Person_475,3,5,3,4,5,2,4,2
Rater_4,Person_476,2,3,2,2,2,1,0,3
Rater_4,Person_477,5,5,3,5,4,1,3,3
Rater_4,Person_478,2,3,3,2,2,1,0,1
Rater_4,Person_479,3,3,3,3,3,2,1,2
Rater_4,Person_480,4,5,5,5,5,3,3,4
Rater_4,Person_481,3,4,3,5,2,2,2,3
Rater_4,Person_482,3,4,4,5,4,3,2,3
Rater_4,Person_483,3,5,2,2,3,1,2,1
Rater_4,Person_484,3,5,3,5,4,1,2,2
Rater_4,Person_485,4,3,1,3,2,0,1,2
Rater_4,Person_486,4,4,3,3,3,1,0,3
Rater_4,Person_487,1,4,2,3,3,0,0,1
Rater_4,Person_488,4,5,4,4,4,2,1,1
Rater_4,Person_489,2,5,2,4,3,1,0,1
Rater_4,Person_490,4,4,2,5,3,3,3,2
Rater_4,Person_491,5,4,4,5,4,2,2,3
Rater_4,Person_492,4,5,3,4,4,1,2,4
Rater_4,Person_493,2,3,2,4,3,1,2,1
Rater_4,Person_494,4,5,4,5,4,2,2,3
Rater_4,Person_495,3,4,2,3,2,1,2,2
Rater_4,Person_496,4,4,3,3,4,2,2,3
Rater_4,Person_497,2,2,1,2,1,0,0,0
Rater_4,Person_498,3,3,3,2,4,2,1,3
Rater_4,Person_499,2,2,0,2,2,0,0,0
Rater_4,Person_500,2,2,1,2,1,0,0,1
Rater_5,Person_1,4,5,4,5,5,2,2,4
Rater_5,Person_2,3,3,3,3,3,2,2,3
Rater_5,Person_3,5,5,4,3,5,3,2,4
Rater_5,Person_4,4,4,4,3,5,4,3,3
Rater_5,Person_5,3,3,2,2,2,1,1,2
Rater_5,Person_6,1,3,3,3,2,1,1,2
Rater_5,Person_7,3,4,3,5,3,2,3,2
Rater_5,Person_8,3,4,3,4,4,3,2,3
Rater_5,Person_9,4,3,4,4,4,4,4,3
Rater_5,Person_10,3,4,2,4,4,2,3,3
Rater_5,Person_11,5,5,4,5,4,4,4,5
Rater_5,Person_12,4,5,5,4,5,5,2,4
Rater_5,Person_13,4,5,4,3,4,3,3,3
Rater_5,Person_14,5,5,5,5,4,3,3,4
Rater_5,Person_15,4,4,5,5,5,1,2,3
Rater_5,Person_16,3,2,4,4,3,1,1,3
Rater_5,Person_17,5,5,5,4,5,4,3,3
Rater_5,Person_18,2,4,3,2,3,2,2,0
Rater_5,Person_19,4,5,5,5,5,4,4,5
Rater_5,Person_20,4,4,3,4,4,2,2,2
Rater_5,Person_21,4,5,3,5,5,3,2,2
Rater_5,Person_22,4,3,2,5,3,3,1,2
Rater_5,Person_23,5,5,5,4,4,4,4,5
Rater_5,Person_24,5,5,3,4,3,3,3,4
Rater_5,Person_25,2,3,3,4,3,3,3,3
Rater_5,Person_26,4,4,3,4,3,2,1,3
Rater_5,Person_27,4,5,4,5,5,5,3,3
Rater_5,Person_28,4,5,4,5,5,3,3,3
Rater_5,Person_29,4,5,2,4,5,2,4,3
Rater_5,Person_30,5,5,2,5,4,3,4,2
Rater_5,Person_31,5,5,5,5,5,5,5,5
Rater_5,Person_32,4,3,4,4,4,3,3,3
Rater_5,Person_33,3,5,2,3,4,1,1,4
Rater_5,Person_34,2,4,2,4,3,1,0,1
Rater_5,Person_35,5,5,5,5,5,2,3,5
Rater_5,Person_36,4,5,5,5,5,4,4,4
Rater_5,Person_37,5,4,4,5,4,2,3,3
Rater_5,Person_38,4,2,3,4,4,2,2,2
Rater_5,Person_39,2,3,3,4,2,1,1,2
Rater_5,Person_40,4,4,5,3,4,3,3,4
Rater_5,Person_41,4,5,5,5,5,3,3,4
Rater_5,Person_42,5,5,4,5,4,3,3,4
Rater_5,Person_43,4,3,3,5,3,2,2,4
Rater_5,Person_44,4,5,4,4,2,3,4,3
Rater_5,Person_45,4,4,3,5,4,3,3,2
Rater_5,Person_46,5,5,3,5,5,4,3,3
Rater_5,Person_47,5,5,5,5,4,3,3,3
Rater_5,Person_48,5,5,5,5,2,3,2,4
Rater_5,Person_49,5,5,5,5,4,3,3,3
Rater_5,Person_50,4,3,5,5,4,3,3,3
Rater_5,Person_51,3,5,3,5,4,3,3,4
Rater_5,Person_52,4,5,5,5,4,2,3,3
Rater_5,Person_53,2,3,2,4,1,1,1,2
Rater_5,Person_54,3,5,3,5,4,4,2,3
Rater_5,Person_55,3,3,4,4,4,1,2,3
Rater_5,Person_56,4,3,3,3,4,2,2,3
Rater_5,Person_57,4,5,3,4,4,2,3,2
Rater_5,Person_58,5,5,4,5,5,3,5,5
Rater_5,Person_59,3,3,2,2,3,2,2,2
Rater_5,Person_60,5,4,4,5,4,4,3,4
Rater_5,Person_61,2,2,2,3,1,0,1,0
Rater_5,Person_62,4,4,3,5,3,2,3,3
Rater_5,Person_63,4,4,2,5,3,3,3,3
Rater_5,Person_64,5,4,4,5,4,4,4,4
Rater_5,Person_65,5,5,5,5,5,3,3,4
Rater_5,Person_66,4,5,4,5,5,3,4,5
Rater_5,Person_67,5,5,3,5,3,2,3,3
Rater_5,Person_68,4,3,3,5,2,2,2,2
Rater_5,Person_69,4,5,5,5,5,4,4,4
Rater_5,Person_70,3,3,3,5,4,2,3,4
Rater_5,Person_71,2,3,3,3,1,1,2,2
Rater_5,Person_72,2,4,2,3,2,2,1,2
Rater_5,Person_73,4,4,3,5,2,1,3,2
Rater_5,Person_74,3,5,4,3,4,3,2,3
Rater_5,Person_75,4,5,4,5,4,3,2,3
Rater_5,Person_76,5,5,5,5,4,4,2,4
Rater_5,Person_77,5,3,3,4,4,2,2,2
Rater_5,Person_78,4,4,3,4,4,3,2,3
Rater_5,Person_79,5,5,5,5,5,5,5,4
Rater_5,Person_80,5,5,3,4,2,2,3,3
Rater_5,Person_81,5,5,4,5,4,3,3,4
Rater_5,Person_82,3,3,3,3,3,2,3,2
Rater_5,Person_83,4,5,3,4,5,1,3,3
Rater_5,Person_84,3,5,3,4,4,2,1,2
Rater_5,Person_85,3,3,2,2,2,2,1,2
Rater_5,Person_86,5,5,4,5,5,3,2,4
Rater_5,Person_87,3,4,4,3,3,3,1,3
Rater_5,Person_88,5,5,3,3,4,4,3,3
Rater_5,Person_89,5,5,4,5,4,3,4,4
Rater_5,Person_90,4,5,5,5,4,4,3,4
Rater_5,Person_91,5,5,4,5,4,3,2,4
Rater_5,Person_92,3,4,4,4,4,3,3,2
Rater_5,Person_93,3,3,2,3,3,2,1,2
Rater_5,Person_94,5,4,4,3,4,3,3,3
Rater_5,Person_95,2,2,2,3,3,1,1,1
Rater_5,Person_96,2,2,2,4,2,0,2,1
Rater_5,Person_97,3,4,0,2,1,2,1,1
Rater_5,Person_98,3,3,2,5,3,1,3,3
Rater_5,Person_99,4,5,4,5,4,4,3,3
Rater_5,Person_100,3,3,2,3,3,2,2,2
Rater_5,Person_101,4,4,4,4,4,1,2,4
Rater_5,Person_102,5,5,4,5,4,4,3,4
Rater_5,Person_103,3,5,2,4,4,0,2,2
Rater_5,Person_104,5,5,4,5,4,3,4,4
Rater_5,Person_105,4,3,2,4,3,2,2,1
Rater_5,Person_106,4,4,4,4,3,3,3,4
Rater_5,Person_107,4,4,2,3,4,2,1,2
Rater_5,Person_108,4,4,4,4,3,2,3,4
Rater_5,Person_109,4,5,5,5,5,3,2,4
Rater_5,Person_110,2,1,1,4,2,2,1,1
Rater_5,Person_111,5,5,4,5,4,4,3,3
Rater_5,Person_112,5,4,4,5,4,3,4,3
Rater_5,Person_113,3,2,2,4,4,4,2,2
Rater_5,Person_114,3,3,2,2,3,1,1,2
Rater_5,Person_115,4,4,3,5,4,3,5,4
Rater_5,Person_116,4,4,2,3,3,0,1,3
Rater_5,Person_117,5,5,3,5,4,3,3,3
Rater_5,Person_118,3,4,3,5,3,3,3,2
Rater_5,Person_119,4,5,4,5,5,5,3,4
Rater_5,Person_120,2,3,3,5,4,2,2,3
Rater_5,Person_121,2,3,3,3,3,1,2,2
Rater_5,Person_122,5,5,3,3,3,4,1,4
Rater_5,Person_123,5,4,3,4,4,3,3,4
Rater_5,Person_124,5,5,5,5,5,4,4,5
Rater_5,Person_125,4,5,5,5,4,3,4,4
Rater_5,Person_126,4,5,4,4,4,4,2,3
Rater_5,Person_127,5,5,5,5,4,4,3,5
Rater_5,Person_128,2,3,2,3,3,3,3,1
Rater_5,Person_129,4,5,2,4,3,1,2,4
Rater_5,Person_130,3,3,3,3,2,2,2,2
Rater_5,Person_131,4,3,4,5,3,1,3,2
Rater_5,Person_132,3,4,2,3,2,2,1,2
Rater_5,Person_133,4,4,4,5,3,4,3,4
Rater_5,Person_134,3,5,4,5,5,3,1,3
Rater_5,Person_135,4,3,2,3,3,1,0,2
Rater_5,Person_136,2,4,3,2,2,2,2,2
Rater_5,Person_137,4,4,5,4,4,4,2,3
Rater_5,Person_138,5,5,4,4,5,3,3,2
Rater_5,Person_139,5,5,5,5,5,5,5,5
Rater_5,Person_140,5,5,5,5,5,5,4,5
Rater_5,Person_141,5,5,4,3,5,2,3,3
Rater_5,Person_142,3,4,1,4,2,3,2,1
Rater_5,Person_143,2,3,1,3,1,2,0,2
Rater_5,Person_144,4,4,3,5,5,4,2,4
Rater_5,Person_145,3,4,1,4,3,1,0,2
Rater_5,Person_146,3,4,3,5,3,2,3,3
Rater_5,Person_147,3,4,2,3,4,2,2,3
Rater_5,Person_148,4,4,3,5,3,3,2,4
Rater_5,Person_149,5,5,5,4,5,5,3,4
Rater_5,Person_150,5,5,4,4,4,3,3,2
Rater_5,Person_151,3,5,3,5,4,2,2,4
Rater_5,Person_152,2,3,2,3,3,1,2,2
Rater_5,Person_153,3,2,3,3,2,1,1,2
Rater_5,Person_154,3,4,3,4,2,2,3,2
Rater_5,Person_155,3,4,3,5,4,3,3,5
Rater_5,Person_156,5,5,5,5,5,5,5,5
Rater_5,Person_157,4,4,3,4,2,3,2,3
Rater_5,Person_158,5,5,5,5,5,4,4,4
Rater_5,Person_159,3,4,5,4,3,2,4,3
Rater_5,Person_160,3,3,3,3,2,2,2,3
Rater_5,Person_161,4,2,1,5,2,2,2,2
Rater_5,Person_162,3,4,2,4,2,3,3,1
Rater_5,Person_163,5,5,5,5,5,5,5,5
Rater_5,Person_164,2,3,3,2,2,1,1,3
Rater_5,Person_165,5,4,4,4,4,4,4,3
Rater_5,Person_166,4,3,1,4,3,2,1,2
Rater_5,Person_167,5,5,5,5,5,3,5,3
Rater_5,Person_168,3,5,4,5,4,3,3,3
Rater_5,Person_169,5,5,3,4,5,5,3,3
Rater_5,Person_170,4,5,3,2,4,3,2,2
Rater_5,Person_171,2,5,3,5,3,3,1,4
Rater_5,Person_172,4,5,4,5,4,3,3,3
Rater_5,Person_173,3,3,3,4,3,2,1,2
Rater_5,Person_174,3,4,2,3,3,0,1,2
Rater_5,Person_175,3,4,2,2,4,1,1,3
Rater_5,Person_176,3,4,4,5,5,3,3,4
Rater_5,Person_177,4,5,5,5,5,5,4,5
Rater_5,Person_178,5,4,5,5,4,3,3,5
Rater_5,Person_179,3,3,3,5,4,3,3,4
Rater_5,Person_180,5,5,4,4,4,3,4,3
Rater_5,Person_181,5,5,5,5,5,4,4,5
Rater_5,Person_182,4,5,4,5,3,4,3,2
Rater_5,Person_183,3,4,3,5,3,3,1,3
Rater_5,Person_184,5,5,5,5,5,4,3,5
Rater_5,Person_185,4,5,4,5,4,3,3,3
Rater_5,Person_186,5,5,5,5,4,5,4,5
Rater_5,Person_187,4,4,3,4,4,4,3,4
Rater_5,Person_188,2,3,3,4,3,0,2,2
Rater_5,Person_189,3,3,2,3,2,2,1,2
Rater_5,Person_190,5,5,5,5,5,5,5,4
Rater_5,Person_191,5,5,5,5,5,5,3,4
Rater_5,Person_192,4,4,3,4,4,3,3,2
Rater_5,Person_193,3,5,3,4,2,3,3,3
Rater_5,Person_194,5,5,5,5,5,5,4,5
Rater_5,Person_195,3,3,3,4,2,1,3,2
Rater_5,Person_196,4,3,2,3,3,2,2,2
Rater_5,Person_197,5,5,4,5,4,3,3,4
Rater_5,Person_198,3,5,3,4,4,1,2,3
Rater_5,Person_199,5,2,3,5,4,3,2,3
Rater_5,Person_200,5,4,2,5,5,2,3,3
Rater_5,Person_201,4,5,4,5,5,3,2,4
Rater_5,Person_202,5,5,5,5,5,4,4,4
Rater_5,Person_203,3,5,3,5,5,3,2,3
Rater_5,Person_204,3,5,4,4,3,3,3,3
Rater_5,Person_205,2,1,0,2,2,1,0,0
Rater_5,Person_206,3,3,3,4,5,3,3,3
Rater_5,Person_207,3,3,4,3,4,1,2,2
Rater_5,Person_208,3,3,3,4,3,2,2,1
Rater_5,Person_209,4,4,3,4,3,2,2,2
Rater_5,Person_210,4,4,3,4,3,2,2,3
Rater_5,Person_211,4,5,5,4,5,4,4,5
Rater_5,Person_212,2,3,4,4,1,1,1,1
Rater_5,Person_213,4,4,3,5,3,2,3,5
Rater_5,Person_214,3,4,3,5,3,2,1,3
Rater_5,Person_215,2,4,3,4,4,2,3,3
Rater_5,Person_216,5,5,4,5,5,3,4,3
Rater_5,Person_217,3,5,4,5,4,4,2,2
Rater_5,Person_218,5,5,5,5,5,4,5,4
Rater_5,Person_219,4,4,2,4,4,3,3,3
Rater_5,Person_220,2,4,3,3,3,1,2,4
Rater_5,Person_221,3,4,2,4,4,3,3,3
Rater_5,Person_222,5,5,3,5,4,3,2,4
Rater_5,Person_223,4,5,5,5,5,2,3,2
Rater_5,Person_224,3,4,3,4,2,2,1,3
Rater_5,Person_225,4,5,3,5,3,3,4,3
Rater_5,Person_226,4,4,4,4,5,1,3,3
Rater_5,Person_227,5,5,5,5,5,5,4,5
Rater_5,Person_228,5,5,5,5,5,5,5,4
Rater_5,Person_229,3,3,3,4,3,2,1,3
Rater_5,Person_230,4,5,3,4,5,2,2,2
Rater_5,Person_231,3,3,1,3,2,1,0,3
Rater_5,Person_232,4,4,3,4,4,3,2,3
Rater_5,Person_233,4,4,5,4,3,2,5,3
Rater_5,Person_234,4,5,5,5,5,3,3,3
Rater_5,Person_235,3,3,4,5,4,1,3,2
Rater_5,Person_236,3,4,3,5,3,2,1,2
Rater_5,Person_237,1,2,2,2,1,1,1,0
Rater_5,Person_238,3,5,3,4,4,3,1,3
Rater_5,Person_239,2,5,2,3,2,1,1,2
Rater_5,Person_240,4,2,3,4,3,2,2,3
Rater_5,Person_241,3,3,2,4,2,2,2,1
Rater_5,Person_242,4,4,3,5,5,1,3,3
Rater_5,Person_243,3,2,2,2,2,2,2,2
Rater_5,Person_244,2,2,2,3,3,0,0,1
Rater_5,Person_245,5,5,4,5,5,4,4,5
Rater_5,Person_246,3,2,2,2,3,1,0,2
Rater_5,Person_247,3,4,2,3,3,1,1,1
Rater_5,Person_248,5,4,4,5,4,5,4,4
Rater_5,Person_249,5,5,5,5,5,5,5,5
Rater_5,Person_250,2,4,3,4,3,1,1,2
Rater_5,Person_251,4,3,2,4,3,2,1,3
Rater_5,Person_252,5,5,3,4,4,4,4,3
Rater_5,Person_253,5,5,5,5,5,4,5,5
Rater_5,Person_254,2,2,2,4,3,1,2,1
Rater_5,Person_255,4,3,3,5,4,2,2,3
Rater_5,Person_256,5,4,4,5,4,4,4,4
Rater_5,Person_257,4,5,3,5,3,5,4,4
Rater_5,Person_258,5,4,2,3,3,4,2,3
Rater_5,Person_259,3,4,4,4,3,3,2,2
Rater_5,Person_260,3,3,2,2,3,1,2,0
Rater_5,Person_261,3,4,2,4,3,3,3,2
Rater_5,Person_262,4,4,3,4,4,3,3,4
Rater_5,Person_263,5,5,3,5,4,3,3,3
Rater_5,Person_264,4,4,4,4,3,2,2,2
Rater_5,Person_265,4,5,4,5,5,4,3,3
Rater_5,Person_266,5,5,4,5,5,4,4,5
Rater_5,Person_267,3,5,3,5,5,3,2,4
Rater_5,Person_268,5,3,4,5,4,3,2,4
Rater_5,Person_269,3,5,3,4,3,2,2,4
Rater_5,Person_270,5,5,3,5,4,2,1,3
Rater_5,Person_271,3,3,1,3,4,3,1,2
Rater_5,Person_272,4,4,3,4,3,2,3,5
Rater_5,Person_273,5,4,3,4,4,3,3,2
Rater_5,Person_274,5,5,5,5,5,4,4,5
Rater_5,Person_275,5,5,5,5,5,5,4,5
Rater_5,Person_276,4,5,4,5,5,3,2,3
Rater_5,Person_277,4,5,3,3,4,2,1,2
Rater_5,Person_278,3,4,3,4,3,1,2,1
Rater_5,Person_279,5,5,5,5,5,4,5,5
Rater_5,Person_280,4,4,3,4,4,3,3,5
Rater_5,Person_281,5,5,4,5,5,3,3,3
Rater_5,Person_282,1,3,2,3,2,1,0,2
Rater_5,Person_283,5,5,5,5,5,3,3,4
Rater_5,Person_284,5,4,4,5,5,3,4,2
Rater_5,Person_285,3,3,3,4,3,1,2,2
Rater_5,Person_286,4,4,2,4,3,2,2,2
Rater_5,Person_287,5,4,4,5,3,3,2,2
Rater_5,Person_288,4,5,3,5,4,3,3,3
Rater_5,Person_289,3,4,3,5,4,3,3,3
Rater_5,Person_290,4,5,5,4,5,1,3,5
Rater_5,Person_291,3,4,3,4,4,2,3,3
Rater_5,Person_292,5,5,5,4,4,2,3,3
Rater_5,Person_293,5,5,4,5,5,4,5,4
Rater_5,Person_294,1,2,0,1,2,0,0,0
Rater_5,Person_295,4,4,3,5,5,3,3,4
Rater_5,Person_296,4,4,5,4,5,3,1,3
Rater_5,Person_297,5,5,3,5,3,3,4,3
Rater_5,Person_298,3,4,2,3,4,3,3,3
Rater_5,Person_299,2,3,0,3,2,0,2,2
Rater_5,Person_300,5,4,4,4,4,3,2,3
Rater_5,Person_301,5,5,5,5,5,4,5,5
Rater_5,Person_302,3,3,1,3,1,3,2,2
Rater_5,Person_303,5,5,4,5,4,5,3,4
Rater_5,Person_304,3,5,2,3,4,2,2,3
Rater_5,Person_305,4,4,3,4,4,2,3,4
Rater_5,Person_306,1,4,3,3,2,3,2,3
Rater_5,Person_307,4,4,4,3,3,2,1,2
Rater_5,Person_308,5,5,4,5,5,4,4,5
Rater_5,Person_309,4,5,4,5,4,3,3,3
Rater_5,Person_310,5,5,5,5,4,4,4,5
Rater_5,Person_311,5,5,5,5,5,4,3,5
Rater_5,Person_312,4,5,4,4,5,2,3,3
Rater_5,Person_313,5,5,4,5,5,4,4,5
Rater_5,Person_314,4,5,3,5,5,2,3,3
Rater_5,Person_315,3,5,4,5,4,2,3,4
Rater_5,Person_316,4,5,2,5,4,3,3,3
Rater_5,Person_317,4,5,2,4,5,2,3,4
Rater_5,Person_318,4,3,2,4,3,2,2,2
Rater_5,Person_319,4,5,5,5,5,3,3,4
Rater_5,Person_320,3,3,2,3,3,2,2,1
Rater_5,Person_321,5,5,5,5,5,3,3,4
Rater_5,Person_322,3,4,3,4,4,2,2,3
Rater_5,Person_323,5,5,4,5,5,3,4,3
Rater_5,Person_324,5,5,5,5,5,5,4,4
Rater_5,Person_325,5,5,5,5,5,5,5,5
Rater_5,Person_326,4,5,5,5,5,5,3,3
Rater_5,Person_327,1,2,2,3,2,0,1,2
Rater_5,Person_328,5,4,3,4,5,2,4,3
Rater_5,Person_329,3,3,2,4,3,1,2,1
Rater_5,Person_330,3,5,2,3,3,2,2,1
Rater_5,Person_331,5,5,5,5,5,4,4,4
Rater_5,Person_332,5,5,4,5,4,4,2,4
Rater_5,Person_333,3,5,3,4,3,3,2,2
Rater_5,Person_334,3,3,3,3,3,2,0,2
Rater_5,Person_335,4,4,2,5,4,3,2,3
Rater_5,Person_336,2,3,4,3,2,2,2,1
Rater_5,Person_337,3,5,3,4,3,2,2,2
Rater_5,Person_338,5,4,4,5,4,3,2,4
Rater_5,Person_339,5,5,5,5,4,3,4,4
Rater_5,Person_340,5,5,4,4,5,4,4,4
Rater_5,Person_341,1,2,0,1,2,0,0,1
Rater_5,Person_342,4,4,3,5,3,2,2,5
Rater_5,Person_343,5,4,4,5,4,4,3,2
Rater_5,Person_344,4,4,4,5,5,3,3,3
Rater_5,Person_345,4,5,5,5,5,5,5,5
Rater_5,Person_346,2,4,1,3,2,0,1,0
Rater_5,Person_347,3,3,3,4,4,2,2,3
Rater_5,Person_348,5,5,5,5,4,2,4,5
Rater_5,Person_349,3,3,2,5,1,0,1,0
Rater_5,Person_350,5,4,5,4,5,4,3,5
Rater_5,Person_351,5,5,5,5,4,3,2,5
Rater_5,Person_352,4,5,4,5,4,4,3,3
Rater_5,Person_353,3,5,3,3,4,2,1,2
Rater_5,Person_354,5,5,4,5,4,4,3,3
Rater_5,Person_355,4,5,5,5,5,4,5,4
Rater_5,Person_356,4,5,4,5,5,3,2,2
Rater_5,Person_357,3,5,4,5,4,3,2,3
Rater_5,Person_358,4,3,4,4,4,4,2,3
Rater_5,Person_359,3,4,3,3,4,3,2,4
Rater_5,Person_360,3,4,4,4,5,3,2,3
Rater_5,Person_361,4,4,3,4,4,2,2,4
Rater_5,Person_362,4,4,5,5,4,4,2,4
Rater_5,Person_363,4,4,3,5,5,4,4,3
Rater_5,Person_364,3,3,3,4,3,2,2,2
Rater_5,Person_365,2,4,3,5,4,2,4,3
Rater_5,Person_366,4,5,4,5,5,5,3,4
Rater_5,Person_367,3,4,2,4,3,2,1,2
Rater_5,Person_368,4,3,3,2,3,3,2,2
Rater_5,Person_369,4,4,3,5,4,2,2,3
Rater_5,Person_370,4,5,4,5,5,5,3,4
Rater_5,Person_371,5,5,3,5,4,1,2,3
Rater_5,Person_372,5,5,5,5,5,5,4,5
Rater_5,Person_373,5,4,5,5,5,3,5,5
Rater_5,Person_374,4,5,5,5,5,4,3,4
Rater_5,Person_375,4,4,4,4,5,3,3,3
Rater_5,Person_376,5,5,4,5,5,5,4,5
Rater_5,Person_377,5,4,4,4,4,2,3,3
Rater_5,Person_378,2,3,2,3,1,1,0,1
Rater_5,Person_379,5,5,5,5,5,4,4,4
Rater_5,Person_380,3,3,2,4,4,3,2,2
Rater_5,Person_381,4,5,3,5,4,2,3,4
Rater_5,Person_382,5,5,5,5,5,4,5,4
Rater_5,Person_383,2,3,2,3,2,0,1,0
Rater_5,Person_384,3,3,2,3,2,1,1,1
Rater_5,Person_385,1,1,2,5,2,1,2,2
Rater_5,Person_386,3,4,2,4,2,2,2,2
Rater_5,Person_387,5,5,3,5,5,3,4,4
Rater_5,Person_388,5,5,5,5,5,3,3,3
Rater_5,Person_389,5,5,3,5,4,3,4,4
Rater_5,Person_390,2,3,3,4,2,2,1,2
Rater_5,Person_391,2,3,0,3,2,0,1,1
Rater_5,Person_392,4,4,4,4,4,3,3,3
Rater_5,Person_393,3,3,4,4,3,1,3,2
Rater_5,Person_394,4,4,4,4,5,4,3,3
Rater_5,Person_395,5,5,3,4,4,3,4,4
Rater_5,Person_396,4,4,4,5,4,3,2,3
Rater_5,Person_397,4,5,4,5,5,4,3,4
Rater_5,Person_398,4,5,3,5,4,3,3,3
Rater_5,Person_399,4,5,2,4,4,3,2,4
Rater_5,Person_400,3,3,2,4,4,2,2,3
Rater_5,Person_401,3,4,4,4,4,2,4,2
Rater_5,Person_402,5,3,3,5,3,3,3,2
Rater_5,Person_403,4,5,3,5,5,5,4,4
Rater_5,Person_404,4,4,4,4,3,3,2,2
Rater_5,Person_405,4,4,3,5,4,4,3,3
Rater_5,Person_406,3,3,3,4,3,3,4,3
Rater_5,Person_407,3,5,3,5,4,3,3,5
Rater_5,Person_408,5,5,3,5,5,3,3,4
Rater_5,Person_409,3,1,0,3,2,2,2,2
Rater_5,Person_410,2,4,3,5,4,2,1,2
Rater_5,Person_411,2,3,2,3,3,0,1,2
Rater_5,Person_412,2,3,2,1,1,1,1,1
Rater_5,Person_413,4,4,3,3,3,1,1,1
Rater_5,Person_414,3,5,5,5,4,3,4,3
Rater_5,Person_415,3,4,3,5,4,3,2,3
Rater_5,Person_416,5,5,3,5,3,5,2,5
Rater_5,Person_417,5,4,4,5,5,4,3,5
Rater_5,Person_418,5,4,4,5,5,4,4,4
Rater_5,Person_419,4,4,3,5,3,2,3,4
Rater_5,Person_420,5,5,3,5,5,5,3,4
Rater_5,Person_421,3,3,3,5,5,2,3,2
Rater_5,Person_422,2,3,2,3,3,2,2,2
Rater_5,Person_423,3,3,3,3,5,1,2,2
Rater_5,Person_424,4,2,2,3,3,2,1,2
Rater_5,Person_425,3,4,3,3,3,3,1,2
Rater_5,Person_426,3,3,3,4,3,2,2,3
Rater_5,Person_427,5,4,4,5,5,3,4,4
Rater_5,Person_428,5,5,5,5,5,4,3,4
Rater_5,Person_429,3,4,2,3,3,0,1,1
Rater_5,Person_430,4,5,3,4,4,3,3,4
Rater_5,Person_431,4,4,3,3,4,2,2,2
Rater_5,Person_432,3,3,3,5,4,4,3,3
Rater_5,Person_433,4,3,3,5,5,2,3,4
Rater_5,Person_434,3,1,2,1,2,1,1,1
Rater_5,Person_435,5,5,5,5,5,4,4,4
Rater_5,Person_436,3,5,1,3,4,1,2,2
Rater_5,Person_437,4,3,3,3,4,2,1,3
Rater_5,Person_438,4,3,3,3,2,3,1,1
Rater_5,Person_439,2,4,2,4,4,2,2,3
Rater_5,Person_440,5,4,4,5,5,4,2,4
Rater_5,Person_441,4,3,5,4,3,2,3,3
Rater_5,Person_442,4,4,4,4,4,3,2,3
Rater_5,Person_443,4,5,5,5,5,3,3,3
Rater_5,Person_444,5,5,5,5,5,5,4,5
Rater_5,Person_445,3,5,4,5,5,2,2,4
Rater_5,Person_446,3,2,4,3,3,1,0,2
Rater_5,Person_447,4,5,3,5,4,4,3,5
Rater_5,Person_448,3,4,4,5,4,3,3,3
Rater_5,Person_449,5,5,5,5,5,4,5,2
Rater_5,Person_450,5,5,4,4,4,4,3,3
Rater_5,Person_451,4,3,2,4,5,2,1,2
Rater_5,Person_452,5,5,5,4,4,3,3,4
Rater_5,Person_453,5,5,5,5,5,4,4,5
Rater_5,Person_454,5,5,5,5,5,4,4,4
Rater_5,Person_455,4,5,3,4,4,2,3,3
Rater_5,Person_456,5,5,4,5,5,3,2,4
Rater_5,Person_457,5,5,5,5,5,3,4,4
Rater_5,Person_458,3,4,3,4,3,1,2,2
Rater_5,Person_459,5,5,3,5,4,4,4,4
Rater_5,Person_460,3,5,3,5,4,3,2,3
Rater_5,Person_461,5,4,4,5,4,4,3,4
Rater_5,Person_462,4,4,2,3,3,2,1,3
Rater_5,Person_463,2,4,3,3,3,1,1,2
Rater_5,Person_464,2,2,1,2,2,0,1,3
Rater_5,Person_465,3,4,3,4,2,1,0,2
Rater_5,Person_466,4,3,3,4,4,2,2,3
Rater_5,Person_467,5,4,3,5,4,1,2,3
Rater_5,Person_468,5,5,5,5,5,4,5,5
Rater_5,Person_469,5,5,4,5,5,3,5,4
Rater_5,Person_470,3,3,3,3,4,2,1,2
Rater_5,Person_471,4,5,4,4,4,2,3,4
Rater_5,Person_472,3,5,4,5,3,2,4,3
Rater_5,Person_473,4,4,4,5,3,2,3,3
Rater_5,Person_474,5,5,4,4,4,3,4,3
Rater_5,Person_475,4,5,3,5,4,4,3,4
Rater_5,Person_476,3,4,3,4,5,2,3,2
Rater_5,Person_477,5,5,5,4,5,5,3,5
Rater_5,Person_478,3,3,2,2,2,2,2,1
Rater_5,Person_479,4,4,2,5,4,2,2,2
Rater_5,Person_480,5,5,5,5,5,5,5,5
Rater_5,Person_481,5,3,2,5,3,3,2,3
Rater_5,Person_482,5,5,5,5,5,3,5,5
Rater_5,Person_483,4,4,3,5,5,3,2,2
Rater_5,Person_484,4,5,3,5,4,3,3,4
Rater_5,Person_485,3,5,4,4,3,2,3,3
Rater_5,Person_486,5,5,5,4,4,3,3,3
Rater_5,Person_487,3,4,3,3,3,2,1,2
Rater_5,Person_488,4,5,5,5,5,3,2,4
Rater_5,Person_489,3,2,2,4,2,2,3,2
Rater_5,Person_490,5,4,5,4,5,2,4,3
Rater_5,Person_491,5,5,4,5,5,4,4,4
Rater_5,Person_492,4,4,2,5,5,4,3,2
Rater_5,Person_493,4,5,3,4,2,2,3,3
Rater_5,Person_494,5,5,4,5,5,2,2,3
Rater_5,Person_495,4,2,3,3,5,3,4,2
Rater_5,Person_496,5,5,3,4,5,3,3,5
Rater_5,Person_497,2,3,1,2,1,0,1,1
Rater_5,Person_498,3,4,3,4,4,2,2,3
Rater_5,Person_499,2,2,1,2,2,1,0,2
Rater_5,Person_500,2,3,1,2,2,0,1,2
Rater_6,Person_1,2,1,4,4,2,1,1,1
Rater_6,Person_2,0,2,0,0,1,0,1,0
Rater_6,Person_3,4,4,2,4,2,1,2,4
Rater_6,Person_4,3,5,4,5,3,3,3,3
Rater_6,Person_5,0,0,0,0,0,0,0,0
Rater_6,Person_6,0,2,0,2,0,0,0,0
Rater_6,Person_7,3,3,2,3,2,2,0,3
Rater_6,Person_8,0,0,1,0,1,2,2,2
Rater_6,Person_9,2,2,2,2,2,2,1,0
Rater_6,Person_10,1,2,1,0,1,0,1,1
Rater_6,Person_11,3,4,3,5,2,2,0,3
Rater_6,Person_12,4,4,2,4,4,4,3,4
Rater_6,Person_13,1,3,3,3,4,0,1,0
Rater_6,Person_14,4,4,4,4,4,5,1,3
Rater_6,Person_15,3,4,2,4,3,3,1,3
Rater_6,Person_16,0,2,0,1,0,0,0,0
Rater_6,Person_17,4,5,2,3,2,2,1,2
Rater_6,Person_18,3,3,0,1,1,1,0,0
Rater_6,Person_19,5,4,3,4,5,1,2,3
Rater_6,Person_20,1,2,1,2,3,0,1,0
Rater_6,Person_21,2,4,1,2,2,0,2,2
Rater_6,Person_22,1,2,0,0,1,0,0,0
Rater_6,Person_23,4,4,4,4,5,2,2,2
Rater_6,Person_24,3,2,2,3,2,0,1,0
Rater_6,Person_25,1,2,1,2,2,1,0,0
Rater_6,Person_26,2,3,0,1,1,0,0,0
Rater_6,Person_27,4,3,1,3,5,0,1,2
Rater_6,Person_28,1,3,1,2,4,1,1,1
Rater_6,Person_29,2,3,2,3,3,2,2,1
Rater_6,Person_30,3,3,3,3,3,0,0,2
Rater_6,Person_31,5,5,5,5,5,5,5,5
Rater_6,Person_32,3,2,1,1,2,1,2,1
Rater_6,Person_33,1,2,1,1,1,1,0,0
Rater_6,Person_34,0,0,2,1,2,0,0,0
Rater_6,Person_35,5,5,2,5,4,2,3,1
Rater_6,Person_36,5,4,3,5,4,3,2,2
Rater_6,Person_37,1,3,1,2,2,2,2,2
Rater_6,Person_38,1,0,0,2,0,0,0,0
Rater_6,Person_39,0,1,1,2,0,0,1,0
Rater_6,Person_40,3,4,1,4,2,2,2,3
Rater_6,Person_41,4,3,2,4,2,1,3,2
Rater_6,Person_42,2,3,4,4,3,2,3,2
Rater_6,Person_43,1,3,0,3,1,0,0,1
Rater_6,Person_44,2,2,2,1,3,2,0,2
Rater_6,Person_45,3,4,3,4,3,0,1,0
Rater_6,Person_46,4,4,1,4,3,0,2,3
Rater_6,Person_47,2,4,3,5,4,2,2,3
Rater_6,Person_48,2,2,2,3,2,0,2,1
Rater_6,Person_49,3,3,1,5,4,2,2,1
Rater_6,Person_50,3,3,0,1,4,0,2,1
Rater_6,Person_51,3,3,4,4,3,0,1,1
Rater_6,Person_52,3,4,5,5,3,0,2,2
Rater_6,Person_53,0,0,0,0,0,0,0,0
Rater_6,Person_54,1,2,0,1,1,2,1,0
Rater_6,Person_55,1,1,1,2,0,0,0,2
Rater_6,Person_56,0,1,1,2,2,0,1,1
Rater_6,Person_57,1,3,0,2,3,1,1,0
Rater_6,Person_58,3,4,3,4,4,3,3,4
Rater_6,Person_59,2,1,0,2,0,1,0,0
Rater_6,Person_60,4,3,2,4,2,2,2,2
Rater_6,Person_61,0,0,1,0,0,0,0,0
Rater_6,Person_62,1,2,2,2,2,0,1,0
Rater_6,Person_63,1,2,3,4,1,2,2,0
Rater_6,Person_64,3,3,3,4,2,2,2,4
Rater_6,Person_65,3,4,2,5,4,0,0,2
Rater_6,Person_66,2,5,3,5,4,1,1,5
Rater_6,Person_67,2,0,1,3,2,1,0,1
Rater_6,Person_68,1,2,1,4,3,0,0,0
Rater_6,Person_69,5,4,3,4,3,0,3,3
Rater_6,Person_70,2,2,2,2,3,0,0,1
Rater_6,Person_71,0,0,0,0,0,0,0,0
Rater_6,Person_72,0,0,0,2,0,0,0,1
Rater_6,Person_73,1,1,1,2,2,0,0,1
Rater_6,Person_74,3,4,3,3,5,3,2,2
Rater_6,Person_75,2,1,2,3,1,1,0,1
Rater_6,Person_76,3,3,5,3,3,2,2,3
Rater_6,Person_77,3,1,1,1,2,1,0,1
Rater_6,Person_78,2,2,1,3,3,1,1,1
Rater_6,Person_79,3,5,4,2,3,0,2,2
Rater_6,Person_80,2,1,2,2,2,1,1,1
Rater_6,Person_81,2,1,2,4,2,3,0,1
Rater_6,Person_82,1,3,1,2,0,0,0,0
Rater_6,Person_83,1,3,2,2,2,1,0,1
Rater_6,Person_84,0,1,0,1,2,0,0,2
Rater_6,Person_85,0,3,0,0,0,0,0,0
Rater_6,Person_86,3,3,2,3,4,2,0,2
Rater_6,Person_87,1,2,0,3,2,0,0,0
Rater_6,Person_88,2,3,0,2,1,0,0,1
Rater_6,Person_89,3,3,2,5,2,1,0,2
Rater_6,Person_90,3,3,2,5,3,1,0,4
Rater_6,Person_91,4,4,3,5,3,1,2,3
Rater_6,Person_92,0,3,1,3,1,0,1,1
Rater_6,Person_93,1,2,0,3,2,0,1,1
Rater_6,Person_94,3,0,2,3,2,0,0,0
Rater_6,Person_95,1,0,0,1,0,0,0,0
Rater_6,Person_96,1,0,0,0,1,0,0,0
Rater_6,Person_97,1,0,1,1,0,0,0,0
Rater_6,Person_98,0,0,0,0,0,0,0,0
Rater_6,Person_99,3,3,3,4,1,2,1,2
Rater_6,Person_100,0,1,1,2,0,0,0,0
Rater_6,Person_101,3,0,0,2,2,0,0,0
Rater_6,Person_102,5,5,3,4,5,3,3,0
Rater_6,Person_103,1,1,1,1,2,1,0,0
Rater_6,Person_104,3,5,2,3,4,1,2,3
Rater_6,Person_105,1,1,1,1,0,0,0,0
Rater_6,Person_106,2,4,2,2,2,0,0,1
Rater_6,Person_107,1,2,0,0,0,0,0,0
Rater_6,Person_108,3,3,2,4,2,0,1,2
Rater_6,Person_109,5,5,4,5,4,0,2,3
Rater_6,Person_110,0,1,0,0,0,0,0,0
Rater_6,Person_111,3,4,2,5,3,2,1,2
Rater_6,Person_112,3,3,2,4,4,0,1,1
Rater_6,Person_113,1,1,0,4,1,0,1,0
Rater_6,Person_114,1,2,0,0,1,0,1,0
Rater_6,Person_115,2,2,2,3,1,2,1,1
Rater_6,Person_116,1,4,1,2,1,0,0,0
Rater_6,Person_117,3,4,1,2,2,0,1,1
Rater_6,Person_118,3,1,1,3,1,0,0,0
Rater_6,Person_119,4,5,4,5,5,5,1,3
Rater_6,Person_120,0,4,2,1,3,0,1,0
Rater_6,Person_121,0,2,0,2,0,0,0,0
Rater_6,Person_122,3,4,0,3,3,1,0,1
Rater_6,Person_123,4,3,2,3,0,0,0,1
Rater_6,Person_124,5,5,3,5,4,4,4,2
Rater_6,Person_125,5,3,3,4,2,1,1,3
Rater_6,Person_126,3,3,2,3,2,2,2,0
Rater_6,Person_127,4,4,4,4,4,4,2,4
Rater_6,Person_128,0,0,0,1,0,0,0,0
Rater_6,Person_129,1,2,0,2,0,0,0,0
Rater_6,Person_130,2,0,0,2,0,0,0,0
Rater_6,Person_131,1,2,0,3,1,0,0,0
Rater_6,Person_132,1,1,0,1,0,0,0,0
Rater_6,Person_133,2,4,2,5,2,2,2,2
Rater_6,Person_134,2,2,3,3,3,0,0,2
Rater_6,Person_135,0,0,1,1,0,0,0,0
Rater_6,Person_136,1,0,1,0,0,0,0,0
Rater_6,Person_137,1,3,1,2,3,1,1,3
Rater_6,Person_138,2,4,2,4,5,2,3,3
Rater_6,Person_139,5,5,3,5,5,4,5,4
Rater_6,Person_140,5,5,5,5,5,5,5,5
Rater_6,Person_141,5,4,2,4,2,0,1,2
Rater_6,Person_142,1,3,0,1,1,0,0,0
Rater_6,Person_143,0,0,0,0,0,0,0,0
Rater_6,Person_144,2,4,3,4,2,3,1,0
Rater_6,Person_145,0,2,0,2,1,0,0,1
Rater_6,Person_146,2,2,1,3,2,0,1,0
Rater_6,Person_147,1,2,1,1,2,0,1,0
Rater_6,Person_148,3,2,3,2,2,2,0,2
Rater_6,Person_149,4,5,3,4,4,2,1,2
Rater_6,Person_150,3,3,2,3,3,0,1,1
Rater_6,Person_151,3,5,1,2,1,0,1,0
Rater_6,Person_152,0,2,0,2,1,1,0,0
Rater_6,Person_153,0,0,0,0,1,0,0,0
Rater_6,Person_154,1,3,1,3,3,0,1,1
Rater_6,Person_155,2,3,2,3,2,1,1,0
Rater_6,Person_156,5,5,5,5,5,3,2,4
Rater_6,Person_157,3,2,2,3,2,1,1,2
Rater_6,Person_158,5,2,4,5,4,3,3,4
Rater_6,Person_159,1,2,0,2,0,0,0,0
Rater_6,Person_160,0,1,0,0,1,0,0,0
Rater_6,Person_161,0,1,0,2,0,0,0,0
Rater_6,Person_162,2,1,0,2,3,1,0,0
Rater_6,Person_163,5,5,4,5,5,4,4,3
Rater_6,Person_164,1,2,0,2,0,0,0,0
Rater_6,Person_165,3,5,2,4,4,2,2,1
Rater_6,Person_166,0,1,0,2,1,0,0,0
Rater_6,Person_167,4,5,3,5,2,1,1,2
Rater_6,Person_168,3,3,1,4,2,2,0,2
Rater_6,Person_169,1,3,1,1,2,1,1,1
Rater_6,Person_170,2,2,3,4,1,0,2,2
Rater_6,Person_171,2,1,0,1,1,0,0,1
Rater_6,Person_172,3,1,2,3,2,2,1,2
Rater_6,Person_173,0,3,1,1,1,0,1,1
Rater_6,Person_174,1,1,0,0,0,0,0,0
Rater_6,Person_175,1,2,0,1,1,0,0,1
Rater_6,Person_176,2,3,2,3,4,2,1,0
Rater_6,Person_177,5,5,2,5,4,3,2,4
Rater_6,Person_178,2,2,2,2,0,1,1,1
Rater_6,Person_179,2,2,3,2,0,2,0,0
Rater_6,Person_180,4,4,2,2,3,2,2,2
Rater_6,Person_181,5,5,5,4,4,2,4,3
Rater_6,Person_182,2,3,3,4,2,1,0,1
Rater_6,Person_183,1,0,0,3,3,0,0,0
Rater_6,Person_184,5,5,3,4,3,4,3,3
Rater_6,Person_185,2,4,2,5,2,2,0,3
Rater_6,Person_186,4,4,5,5,4,3,3,4
Rater_6,Person_187,3,2,3,3,1,0,2,2
Rater_6,Person_188,0,1,0,1,1,0,0,0
Rater_6,Person_189,0,2,0,0,0,0,0,0
Rater_6,Person_190,4,5,4,5,4,3,4,3
Rater_6,Person_191,4,4,5,4,4,3,4,3
Rater_6,Person_192,1,2,0,3,2,1,0,1
Rater_6,Person_193,2,2,2,4,1,1,2,2
Rater_6,Person_194,5,5,3,5,5,3,4,3
Rater_6,Person_195,0,2,1,1,1,0,0,0
Rater_6,Person_196,1,0,1,2,0,0,0,0
Rater_6,Person_197,3,3,3,4,3,2,1,3
Rater_6,Person_198,2,2,1,3,2,0,0,1
Rater_6,Person_199,3,3,2,4,1,1,1,1
Rater_6,Person_200,4,2,1,3,2,1,0,0
Rater_6,Person_201,3,4,1,4,3,0,1,0
Rater_6,Person_202,5,5,5,5,4,4,3,4
Rater_6,Person_203,4,3,1,3,2,2,2,0
Rater_6,Person_204,2,4,3,3,3,3,3,3
Rater_6,Person_205,0,0,0,1,0,0,0,0
Rater_6,Person_206,1,3,1,3,3,1,0,2
Rater_6,Person_207,1,0,0,1,2,0,0,0
Rater_6,Person_208,1,1,0,0,0,0,0,0
Rater_6,Person_209,2,2,0,1,1,0,0,0
Rater_6,Person_210,2,3,1,1,1,1,1,1
Rater_6,Person_211,4,3,3,3,5,0,1,2
Rater_6,Person_212,0,1,1,1,0,0,0,0
Rater_6,Person_213,3,3,1,3,3,0,1,1
Rater_6,Person_214,2,3,0,1,2,0,0,0
Rater_6,Person_215,1,3,0,2,2,0,0,1
Rater_6,Person_216,3,5,4,3,5,4,1,1
Rater_6,Person_217,3,4,2,3,2,3,0,2
Rater_6,Person_218,5,5,5,4,5,2,5,3
Rater_6,Person_219,2,1,1,2,2,0,0,1
Rater_6,Person_220,0,3,0,0,0,0,0,0
Rater_6,Person_221,2,1,2,4,1,1,1,1
Rater_6,Person_222,1,3,0,4,3,2,1,3
Rater_6,Person_223,5,3,1,3,2,1,1,1
Rater_6,Person_224,0,0,1,1,0,0,0,0
Rater_6,Person_225,2,1,2,4,2,0,2,2
Rater_6,Person_226,2,3,1,4,3,0,2,2
Rater_6,Person_227,5,5,5,5,5,4,5,4
Rater_6,Person_228,5,5,5,4,5,4,5,4
Rater_6,Person_229,2,2,2,4,0,0,1,0
Rater_6,Person_230,1,3,1,2,2,0,0,0
Rater_6,Person_231,0,0,0,0,0,0,1,0
Rater_6,Person_232,2,2,0,1,2,0,0,0
Rater_6,Person_233,2,4,2,2,2,0,1,2
Rater_6,Person_234,4,5,3,4,5,3,2,2
Rater_6,Person_235,1,1,1,0,1,1,0,0
Rater_6,Person_236,0,2,0,1,1,1,0,0
Rater_6,Person_237,0,0,0,0,0,0,0,0
Rater_6,Person_238,3,1,0,2,3,1,0,0
Rater_6,Person_239,1,1,1,1,0,1,0,0
Rater_6,Person_240,1,1,2,3,1,0,0,0
Rater_6,Person_241,1,2,0,0,1,1,0,1
Rater_6,Person_242,2,2,2,3,1,1,1,0
Rater_6,Person_243,1,1,1,0,0,0,0,0
Rater_6,Person_244,1,0,0,0,0,0,0,0
Rater_6,Person_245,4,5,5,5,5,4,5,4
Rater_6,Person_246,1,0,0,3,0,0,0,0
Rater_6,Person_247,1,2,0,2,1,0,0,0
Rater_6,Person_248,5,5,5,5,5,4,2,3
Rater_6,Person_249,5,5,5,5,5,5,5,5
Rater_6,Person_250,0,3,0,1,1,0,0,0
Rater_6,Person_251,2,2,1,4,1,0,0,0
Rater_6,Person_252,3,2,2,3,2,2,2,2
Rater_6,Person_253,5,5,4,5,5,5,2,3
Rater_6,Person_254,0,2,0,2,0,0,0,0
Rater_6,Person_255,1,2,1,2,2,0,0,0
Rater_6,Person_256,4,4,3,5,3,3,2,3
Rater_6,Person_257,2,2,2,4,3,2,0,3
Rater_6,Person_258,0,1,0,2,2,1,0,1
Rater_6,Person_259,1,3,0,2,3,1,1,2
Rater_6,Person_260,0,0,0,1,0,0,0,0
Rater_6,Person_261,1,3,0,3,2,0,1,2
Rater_6,Person_262,2,2,1,1,1,0,0,1
Rater_6,Person_263,3,1,1,4,2,2,0,1
Rater_6,Person_264,2,1,1,3,0,0,0,0
Rater_6,Person_265,5,4,2,4,3,0,0,2
Rater_6,Person_266,4,3,2,5,4,3,3,3
Rater_6,Person_267,2,2,1,3,3,2,2,2
Rater_6,Person_268,1,4,2,4,3,0,0,2
Rater_6,Person_269,1,3,1,5,2,0,0,0
Rater_6,Person_270,3,2,2,3,5,1,2,1
Rater_6,Person_271,2,1,1,1,1,0,0,0
Rater_6,Person_272,1,4,1,3,2,3,3,3
Rater_6,Person_273,1,4,2,2,0,0,0,2
Rater_6,Person_274,4,5,5,5,5,4,4,5
Rater_6,Person_275,5,5,5,4,4,4,4,3
Rater_6,Person_276,2,2,3,3,4,1,1,1
Rater_6,Person_277,3,1,1,1,2,0,1,0
Rater_6,Person_278,0,1,1,1,1,0,1,1
Rater_6,Person_279,5,5,4,4,5,1,2,3
Rater_6,Person_280,2,3,2,4,2,2,1,3
Rater_6,Person_281,3,3,3,4,2,2,2,2
Rater_6,Person_282,0,0,0,0,0,0,0,0
Rater_6,Person_283,3,5,5,5,4,0,1,2
Rater_6,Person_284,3,2,2,4,3,2,2,3
Rater_6,Person_285,1,2,1,0,1,0,1,0
Rater_6,Person_286,1,1,1,2,2,0,0,2
Rater_6,Person_287,4,2,3,3,3,1,1,2
Rater_6,Person_288,1,2,2,3,1,2,2,1
Rater_6,Person_289,1,3,2,1,0,0,0,0
Rater_6,Person_290,2,2,1,3,1,0,1,1
Rater_6,Person_291,1,3,0,4,1,0,0,0
Rater_6,Person_292,2,3,1,4,2,1,1,2
Rater_6,Person_293,5,5,5,5,5,2,4,3
Rater_6,Person_294,0,0,0,0,0,0,0,0
Rater_6,Person_295,2,1,0,3,1,1,0,0
Rater_6,Person_296,2,2,2,2,2,1,1,3
Rater_6,Person_297,2,2,3,4,3,2,2,1
Rater_6,Person_298,2,1,1,2,2,1,0,0
Rater_6,Person_299,0,1,0,0,1,0,0,0
Rater_6,Person_300,3,4,2,4,2,0,1,2
Rater_6,Person_301,5,5,4,5,5,3,3,4
Rater_6,Person_302,0,0,0,0,0,0,0,0
Rater_6,Person_303,3,5,5,5,3,2,3,3
Rater_6,Person_304,1,1,0,1,1,0,0,0
Rater_6,Person_305,1,2,2,3,2,2,2,1
Rater_6,Person_306,2,0,0,0,1,0,0,0
Rater_6,Person_307,3,2,2,3,4,0,1,0
Rater_6,Person_308,5,5,5,3,4,3,3,2
Rater_6,Person_309,4,3,2,5,4,1,3,3
Rater_6,Person_310,5,5,4,5,5,4,4,4
Rater_6,Person_311,3,5,3,4,4,3,4,3
Rater_6,Person_312,2,3,2,5,2,1,0,1
Rater_6,Person_313,5,5,4,5,5,4,5,4
Rater_6,Person_314,3,3,2,3,2,1,1,0
Rater_6,Person_315,4,3,3,5,3,2,2,3
Rater_6,Person_316,3,0,1,3,1,0,0,0
Rater_6,Person_317,4,4,1,2,2,3,0,1
Rater_6,Person_318,1,2,0,0,2,0,0,1
Rater_6,Person_319,4,4,4,5,3,2,2,3
Rater_6,Person_320,0,0,1,1,0,0,0,0
Rater_6,Person_321,3,4,3,5,3,3,2,3
Rater_6,Person_322,0,3,1,3,3,1,0,1
Rater_6,Person_323,4,4,5,4,5,2,1,2
Rater_6,Person_324,5,4,2,4,4,2,3,2
Rater_6,Person_325,5,5,5,5,5,2,3,4
Rater_6,Person_326,3,4,3,4,4,2,2,1
Rater_6,Person_327,0,1,0,1,0,0,0,0
Rater_6,Person_328,2,3,3,3,2,3,1,3
Rater_6,Person_329,1,3,0,1,0,0,0,0
Rater_6,Person_330,2,2,1,3,2,0,0,0
Rater_6,Person_331,4,5,4,4,5,1,2,4
Rater_6,Person_332,4,5,2,4,3,2,1,2
Rater_6,Person_333,2,2,0,1,0,0,0,0
Rater_6,Person_334,2,0,0,0,1,0,0,0
Rater_6,Person_335,3,2,2,3,3,1,0,1
Rater_6,Person_336,0,1,0,2,0,0,0,0
Rater_6,Person_337,2,1,0,1,1,1,0,0
Rater_6,Person_338,3,5,3,2,3,1,2,1
Rater_6,Person_339,4,3,3,5,5,3,2,1
Rater_6,Person_340,4,4,2,4,3,2,2,2
Rater_6,Person_341,0,0,0,0,0,0,0,0
Rater_6,Person_342,3,3,3,2,4,1,0,1
Rater_6,Person_343,3,5,4,3,2,1,0,1
Rater_6,Person_344,2,3,2,3,3,2,0,1
Rater_6,Person_345,5,5,5,5,5,2,3,4
Rater_6,Person_346,0,0,0,0,0,0,0,0
Rater_6,Person_347,1,1,1,3,2,2,0,1
Rater_6,Person_348,3,3,3,3,4,4,0,4
Rater_6,Person_349,0,0,0,1,0,0,0,0
Rater_6,Person_350,5,5,5,5,3,3,4,4
Rater_6,Person_351,3,3,3,2,4,2,0,1
Rater_6,Person_352,4,4,2,4,3,2,1,3
Rater_6,Person_353,2,2,0,2,2,0,0,0
Rater_6,Person_354,4,4,3,5,4,4,1,2
Rater_6,Person_355,5,4,2,5,3,3,5,3
Rater_6,Person_356,3,2,2,3,2,1,0,1
Rater_6,Person_357,2,3,2,3,3,1,1,2
Rater_6,Person_358,4,2,1,4,1,0,0,3
Rater_6,Person_359,1,1,0,1,0,0,0,0
Rater_6,Person_360,1,2,2,2,3,1,0,1
Rater_6,Person_361,2,1,2,3,3,0,1,2
Rater_6,Person_362,2,4,2,5,3,1,1,2
Rater_6,Person_363,4,5,4,4,5,3,3,2
Rater_6,Person_364,1,1,0,1,1,0,0,0
Rater_6,Person_365,3,1,1,4,1,1,1,2
Rater_6,Person_366,3,5,3,5,5,3,4,3
Rater_6,Person_367,1,1,2,1,0,0,0,0
Rater_6,Person_368,1,3,0,3,3,1,0,0
Rater_6,Person_369,2,3,2,3,2,0,0,1
Rater_6,Person_370,3,3,3,4,3,3,2,1
Rater_6,Person_371,2,4,2,4,3,1,1,1
Rater_6,Person_372,5,5,5,5,4,4,2,3
Rater_6,Person_373,4,4,4,5,2,2,1,2
Rater_6,Person_374,2,3,4,5,4,2,2,3
Rater_6,Person_375,2,5,2,4,5,1,2,2
Rater_6,Person_376,5,5,5,5,5,3,4,5
Rater_6,Person_377,1,1,2,4,1,0,1,1
Rater_6,Person_378,0,0,0,0,0,0,0,0
Rater_6,Person_379,5,5,5,5,4,4,2,3
Rater_6,Person_380,2,3,1,3,0,0,1,1
Rater_6,Person_381,3,3,2,2,2,0,1,2
Rater_6,Person_382,4,5,4,3,4,2,3,3
Rater_6,Person_383,0,0,0,0,0,0,0,0
Rater_6,Person_384,1,0,0,1,2,0,0,0
Rater_6,Person_385,0,0,0,0,0,0,0,0
Rater_6,Person_386,1,2,1,3,2,0,0,0
Rater_6,Person_387,2,4,2,4,4,2,2,1
Rater_6,Person_388,2,4,2,4,4,1,1,1
Rater_6,Person_389,4,3,4,5,4,2,1,2
Rater_6,Person_390,0,1,1,0,0,0,0,0
Rater_6,Person_391,0,0,0,0,0,0,0,0
Rater_6,Person_392,3,3,1,2,2,0,1,2
Rater_6,Person_393,1,3,2,3,1,0,0,0
Rater_6,Person_394,2,5,3,3,3,2,2,0
Rater_6,Person_395,4,3,2,3,5,2,2,3
Rater_6,Person_396,3,3,2,3,3,1,1,1
Rater_6,Person_397,5,3,3,4,3,2,1,1
Rater_6,Person_398,4,3,1,2,2,2,1,1
Rater_6,Person_399,3,4,3,3,3,0,2,2
Rater_6,Person_400,1,2,1,3,1,0,0,1
Rater_6,Person_401,2,2,2,2,1,0,0,0
Rater_6,Person_402,1,2,2,3,2,1,1,1
Rater_6,Person_403,4,3,1,5,5,0,3,2
Rater_6,Person_404,3,3,1,3,0,1,1,0
Rater_6,Person_405,2,4,2,5,2,1,0,2
Rater_6,Person_406,0,3,1,2,2,0,0,0
Rater_6,Person_407,2,2,2,1,4,0,1,0
Rater_6,Person_408,4,3,2,5,3,2,2,3
Rater_6,Person_409,0,1,0,0,0,0,1,0
Rater_6,Person_410,0,0,0,1,0,0,0,0
Rater_6,Person_411,0,1,0,0,1,0,0,0
Rater_6,Person_412,0,1,0,0,0,0,0,0
Rater_6,Person_413,1,2,1,0,1,0,0,1
Rater_6,Person_414,4,3,3,4,2,2,3,2
Rater_6,Person_415,2,2,0,2,2,0,1,1
Rater_6,Person_416,3,4,3,3,3,1,0,3
Rater_6,Person_417,5,4,4,3,4,2,3,3
Rater_6,Person_418,4,5,3,4,4,4,2,3
Rater_6,Person_419,4,2,2,1,3,1,0,2
Rater_6,Person_420,5,5,3,5,4,3,3,4
Rater_6,Person_421,3,1,1,2,2,0,0,1
Rater_6,Person_422,0,3,1,1,1,0,0,0
Rater_6,Person_423,0,2,1,1,1,0,0,2
Rater_6,Person_424,0,2,0,1,0,0,0,0
Rater_6,Person_425,0,3,1,1,1,0,0,0
Rater_6,Person_426,2,1,3,1,2,0,0,1
Rater_6,Person_427,3,3,2,4,3,2,1,3
Rater_6,Person_428,5,5,5,5,5,5,3,4
Rater_6,Person_429,0,1,1,2,0,0,0,1
Rater_6,Person_430,2,3,2,5,4,2,1,2
Rater_6,Person_431,1,2,0,2,1,0,0,0
Rater_6,Person_432,3,3,2,5,5,1,2,2
Rater_6,Person_433,2,2,2,2,2,0,1,0
Rater_6,Person_434,0,0,0,0,0,0,0,0
Rater_6,Person_435,2,3,4,5,5,3,3,2
Rater_6,Person_436,2,1,0,2,1,0,1,0
Rater_6,Person_437,1,3,0,2,2,0,1,2
Rater_6,Person_438,1,1,0,1,1,0,1,0
Rater_6,Person_439,0,1,0,2,1,0,0,0
Rater_6,Person_440,3,5,3,5,3,3,1,2
Rater_6,Person_441,2,2,2,2,0,0,0,1
Rater_6,Person_442,2,3,2,2,3,1,0,1
Rater_6,Person_443,5,5,1,3,1,2,0,1
Rater_6,Person_444,3,4,5,4,4,3,3,2
Rater_6,Person_445,3,2,1,1,1,1,1,1
Rater_6,Person_446,0,0,0,2,0,1,1,0
Rater_6,Person_447,5,5,1,4,3,2,4,2
Rater_6,Person_448,2,3,1,2,4,1,0,1
Rater_6,Person_449,5,4,4,4,5,3,2,3
Rater_6,Person_450,4,3,1,4,3,1,0,2
Rater_6,Person_451,1,2,1,3,2,1,1,1
Rater_6,Person_452,2,3,1,4,2,0,0,1
Rater_6,Person_453,5,4,5,5,5,5,4,4
Rater_6,Person_454,5,5,5,5,5,5,4,4
Rater_6,Person_455,0,4,2,2,3,0,0,0
Rater_6,Person_456,4,1,0,5,2,1,1,0
Rater_6,Person_457,5,5,5,4,3,2,2,4
Rater_6,Person_458,0,2,0,1,0,0,0,0
Rater_6,Person_459,4,3,2,3,3,2,2,3
Rater_6,Person_460,2,1,1,2,2,1,1,2
Rater_6,Person_461,1,5,2,4,2,2,0,2
Rater_6,Person_462,0,1,0,1,1,1,0,0
Rater_6,Person_463,0,0,0,1,0,0,0,0
Rater_6,Person_464,0,0,0,1,0,0,0,0
Rater_6,Person_465,0,0,0,2,1,0,0,0
Rater_6,Person_466,1,0,1,2,0,1,0,2
Rater_6,Person_467,2,4,1,3,1,0,0,0
Rater_6,Person_468,4,5,5,5,4,3,4,5
Rater_6,Person_469,4,4,4,5,4,2,1,4
Rater_6,Person_470,0,1,0,0,0,1,0,0
Rater_6,Person_471,3,4,2,4,3,0,1,2
Rater_6,Person_472,2,1,2,3,2,1,1,2
Rater_6,Person_473,3,2,2,3,1,2,1,0
Rater_6,Person_474,2,3,2,2,3,2,0,4
Rater_6,Person_475,3,5,3,4,3,2,2,3
Rater_6,Person_476,1,4,1,2,2,1,0,1
Rater_6,Person_477,5,3,4,4,5,3,2,5
Rater_6,Person_478,0,1,0,0,0,0,0,1
Rater_6,Person_479,1,3,1,3,2,2,1,1
Rater_6,Person_480,5,5,5,5,5,4,5,5
Rater_6,Person_481,2,3,2,2,4,1,1,3
Rater_6,Person_482,5,5,5,5,5,3,5,4
Rater_6,Person_483,2,3,1,1,4,1,0,1
Rater_6,Person_484,1,3,2,5,4,1,1,1
Rater_6,Person_485,0,3,2,2,1,0,0,0
Rater_6,Person_486,2,4,2,3,1,1,0,1
Rater_6,Person_487,0,2,0,2,1,0,0,0
Rater_6,Person_488,1,2,3,5,4,2,2,1
Rater_6,Person_489,0,2,0,1,1,0,0,0
Rater_6,Person_490,3,4,3,2,4,2,2,2
Rater_6,Person_491,5,4,3,5,4,2,2,2
Rater_6,Person_492,2,3,1,3,3,1,1,2
Rater_6,Person_493,1,3,0,3,2,0,2,1
Rater_6,Person_494,3,5,3,3,5,1,3,3
Rater_6,Person_495,2,1,1,3,2,0,0,1
Rater_6,Person_496,5,4,3,4,4,2,2,3
Rater_6,Person_497,0,1,0,0,0,0,0,0
Rater_6,Person_498,1,3,2,1,2,0,0,0
Rater_6,Person_499,0,0,0,0,0,0,0,0
Rater_6,Person_500,0,0,0,1,0,0,0,0
Rater_7,Person_1,3,4,3,5,4,2,2,2
Rater_7,Person_2,2,2,0,3,0,1,0,0
Rater_7,Person_3,3,5,4,5,3,3,2,3
Rater_7,Person_4,5,5,4,5,4,3,2,3
Rater_7,Person_5,0,1,0,2,2,0,0,0
Rater_7,Person_6,2,2,0,3,0,1,0,1
Rater_7,Person_7,4,4,3,2,3,2,0,3
Rater_7,Person_8,4,5,2,2,4,0,1,2
Rater_7,Person_9,3,3,2,4,5,1,1,2
Rater_7,Person_10,3,2,2,2,2,1,0,1
Rater_7,Person_11,4,4,3,5,5,2,3,2
Rater_7,Person_12,5,5,4,4,4,2,3,2
Rater_7,Person_13,2,4,2,3,4,2,1,2
Rater_7,Person_14,4,5,4,5,4,4,3,5
Rater_7,Person_15,3,5,4,4,5,2,2,2
Rater_7,Person_16,3,4,2,2,1,1,1,2
Rater_7,Person_17,4,5,2,5,3,3,1,3
Rater_7,Person_18,3,2,2,2,1,0,0,1
Rater_7,Person_19,4,4,4,5,5,2,3,4
Rater_7,Person_20,2,3,3,5,3,2,1,1
Rater_7,Person_21,3,4,3,4,3,2,0,1
Rater_7,Person_22,3,3,2,3,2,1,1,2
Rater_7,Person_23,5,5,2,5,3,3,3,3
Rater_7,Person_24,4,5,1,3,2,2,0,2
Rater_7,Person_25,3,2,2,3,2,0,2,2
Rater_7,Person_26,2,3,2,5,4,0,1,1
Rater_7,Person_27,4,5,3,4,4,2,2,4
Rater_7,Person_28,4,4,5,4,5,1,1,2
Rater_7,Person_29,3,4,3,5,5,1,3,3
Rater_7,Person_30,4,4,3,4,3,1,1,3
Rater_7,Person_31,5,5,5,5,5,4,4,4
Rater_7,Person_32,2,4,2,3,3,1,1,1
Rater_7,Person_33,3,2,2,5,2,0,0,1
Rater_7,Person_34,0,3,2,3,2,0,0,1
Rater_7,Person_35,5,5,3,4,3,2,0,3
Rater_7,Person_36,5,5,3,5,5,3,3,3
Rater_7,Person_37,2,4,2,5,4,2,1,2
Rater_7,Person_38,2,2,2,2,2,1,0,2
Rater_7,Person_39,3,3,2,2,1,0,0,0
Rater_7,Person_40,4,5,3,4,3,3,2,3
Rater_7,Person_41,5,5,3,5,4,2,3,2
Rater_7,Person_42,4,4,4,3,3,3,2,2
Rater_7,Person_43,3,3,1,3,1,2,0,0
Rater_7,Person_44,4,4,2,3,4,2,1,2
Rater_7,Person_45,3,4,1,5,2,1,0,3
Rater_7,Person_46,3,3,2,5,3,3,2,2
Rater_7,Person_47,3,5,5,5,4,3,2,4
Rater_7,Person_48,4,4,4,4,3,3,1,2
Rater_7,Person_49,4,5,4,4,5,3,3,4
Rater_7,Person_50,5,2,3,4,4,3,1,2
Rater_7,Person_51,2,5,4,4,4,3,2,3
Rater_7,Person_52,3,4,3,5,3,2,1,3
Rater_7,Person_53,0,2,0,1,0,0,0,0
Rater_7,Person_54,3,3,3,4,2,0,1,2
Rater_7,Person_55,3,4,3,2,3,2,0,2
Rater_7,Person_56,2,3,2,3,2,1,0,0
Rater_7,Person_57,2,2,1,3,3,2,0,1
Rater_7,Person_58,4,5,4,5,5,5,3,5
Rater_7,Person_59,3,3,3,2,2,0,1,0
Rater_7,Person_60,4,5,3,5,4,2,2,4
Rater_7,Person_61,0,2,1,2,1,0,0,0
Rater_7,Person_62,1,4,2,4,3,1,0,1
Rater_7,Person_63,4,5,3,5,3,2,1,0
Rater_7,Person_64,4,3,3,5,3,2,2,2
Rater_7,Person_65,3,4,3,5,3,2,2,2
Rater_7,Person_66,5,5,3,4,4,2,3,3
Rater_7,Person_67,3,2,2,4,3,0,1,2
Rater_7,Person_68,2,3,2,3,3,1,1,1
Rater_7,Person_69,4,4,4,5,4,1,4,4
Rater_7,Person_70,2,4,1,3,4,2,0,2
Rater_7,Person_71,1,3,1,1,1,1,0,0
Rater_7,Person_72,2,2,1,4,0,0,0,1
Rater_7,Person_73,2,3,2,2,2,1,0,0
Rater_7,Person_74,4,2,3,5,5,2,2,4
Rater_7,Person_75,3,3,2,4,3,1,1,2
Rater_7,Person_76,4,5,3,5,5,3,2,3
Rater_7,Person_77,3,4,3,3,4,1,0,1
Rater_7,Person_78,3,4,3,4,3,2,2,2
Rater_7,Person_79,5,5,3,5,4,4,2,2
Rater_7,Person_80,3,3,2,5,3,1,0,2
Rater_7,Person_81,4,3,3,4,4,1,3,2
Rater_7,Person_82,2,1,0,2,3,1,0,1
Rater_7,Person_83,2,3,2,4,3,0,1,3
Rater_7,Person_84,2,5,2,3,3,2,0,1
Rater_7,Person_85,1,1,1,3,3,0,1,0
Rater_7,Person_86,4,4,3,4,4,2,1,3
Rater_7,Person_87,2,3,1,4,3,2,0,2
Rater_7,Person_88,1,2,4,3,4,2,2,1
Rater_7,Person_89,3,5,3,5,4,3,1,1
Rater_7,Person_90,4,3,3,4,3,2,2,3
Rater_7,Person_91,4,5,4,5,4,3,3,2
Rater_7,Person_92,3,4,2,3,4,1,2,2
Rater_7,Person_93,2,5,2,4,2,2,0,1
Rater_7,Person_94,4,3,4,4,3,3,2,3
Rater_7,Person_95,0,1,1,3,0,0,0,0
Rater_7,Person_96,2,1,2,1,2,0,0,0
Rater_7,Person_97,1,3,0,3,3,1,0,1
Rater_7,Person_98,2,1,1,3,2,1,0,1
Rater_7,Person_99,3,4,3,5,4,1,1,2
Rater_7,Person_100,0,2,0,2,2,0,1,2
Rater_7,Person_101,3,3,2,4,5,0,1,2
Rater_7,Person_102,5,5,3,5,4,3,2,5
Rater_7,Person_103,3,4,2,2,2,1,0,2
Rater_7,Person_104,3,5,4,5,5,1,3,4
Rater_7,Person_105,1,3,2,2,4,0,0,1
Rater_7,Person_106,3,4,2,3,2,1,0,3
Rater_7,Person_107,1,3,0,3,3,0,0,0
Rater_7,Person_108,2,4,2,4,2,1,0,1
Rater_7,Person_109,4,4,4,5,5,3,3,3
Rater_7,Person_110,0,2,0,1,2,0,0,0
Rater_7,Person_111,4,3,2,4,3,3,1,2
Rater_7,Person_112,4,5,3,4,3,1,2,2
Rater_7,Person_113,4,2,2,3,3,2,2,0
Rater_7,Person_114,2,1,1,2,2,1,0,0
Rater_7,Person_115,3,4,3,4,3,2,2,3
Rater_7,Person_116,4,4,2,4,2,0,2,1
Rater_7,Person_117,5,5,1,4,5,1,0,2
Rater_7,Person_118,3,3,2,4,2,1,2,4
Rater_7,Person_119,5,5,5,5,4,4,4,3
Rater_7,Person_120,3,3,2,3,4,1,1,3
Rater_7,Person_121,2,3,1,2,1,0,1,0
Rater_7,Person_122,3,4,3,4,2,2,2,1
Rater_7,Person_123,3,5,2,3,4,2,1,2
Rater_7,Person_124,2,5,4,5,5,4,2,3
Rater_7,Person_125,4,5,4,5,4,2,3,3
Rater_7,Person_126,2,2,2,4,3,2,2,2
Rater_7,Person_127,5,5,5,5,4,4,4,4
Rater_7,Person_128,1,3,1,2,0,0,0,1
Rater_7,Person_129,2,3,1,2,3,1,0,2
Rater_7,Person_130,2,3,2,2,2,0,1,3
Rater_7,Person_131,3,4,2,4,3,0,2,2
Rater_7,Person_132,0,2,1,1,1,2,2,0
Rater_7,Person_133,4,4,5,5,3,0,3,3
Rater_7,Person_134,2,3,2,4,2,2,1,2
Rater_7,Person_135,2,2,1,2,1,1,0,0
Rater_7,Person_136,2,4,1,2,2,0,1,0
Rater_7,Person_137,4,5,3,5,4,2,1,2
Rater_7,Person_138,4,5,4,4,4,2,3,4
Rater_7,Person_139,5,5,4,4,5,4,3,5
Rater_7,Person_140,5,5,5,5,5,5,5,5
Rater_7,Person_141,4,4,2,3,3,3,3,2
Rater_7,Person_142,2,2,2,1,2,0,0,1
Rater_7,Person_143,0,0,0,0,1,0,0,0
Rater_7,Person_144,3,4,3,4,2,2,2,3
Rater_7,Person_145,2,3,1,4,3,1,2,0
Rater_7,Person_146,2,3,1,4,2,1,0,1
Rater_7,Person_147,3,3,3,3,2,0,2,1
Rater_7,Person_148,3,5,3,4,3,2,2,2
Rater_7,Person_149,4,4,5,5,3,3,3,5
Rater_7,Person_150,4,3,2,4,4,1,2,3
Rater_7,Person_151,4,3,2,3,2,2,1,1
Rater_7,Person_152,1,2,2,1,2,0,1,2
Rater_7,Person_153,1,1,1,2,1,0,0,0
Rater_7,Person_154,2,2,2,3,2,2,0,1
Rater_7,Person_155,3,4,3,3,3,2,1,0
Rater_7,Person_156,4,5,5,5,5,3,3,3
Rater_7,Person_157,4,3,1,4,2,2,2,3
Rater_7,Person_158,5,5,3,5,5,4,2,2
Rater_7,Person_159,3,3,0,3,2,0,0,2
Rater_7,Person_160,1,2,2,2,1,0,0,0
Rater_7,Person_161,2,1,2,4,2,0,0,0
Rater_7,Person_162,4,2,1,2,2,0,0,1
Rater_7,Person_163,5,5,5,5,5,4,4,5
Rater_7,Person_164,3,2,1,2,2,0,0,1
Rater_7,Person_165,5,5,3,5,5,3,1,4
Rater_7,Person_166,1,2,1,4,1,0,1,0
Rater_7,Person_167,5,4,3,5,3,3,2,3
Rater_7,Person_168,5,3,2,5,3,2,3,3
Rater_7,Person_169,3,5,3,2,3,0,2,3
Rater_7,Person_170,2,4,2,2,3,1,1,3
Rater_7,Person_171,2,3,2,3,2,0,0,0
Rater_7,Person_172,4,3,2,5,5,3,3,3
Rater_7,Person_173,3,2,2,4,1,1,2,2
Rater_7,Person_174,1,2,1,1,1,0,0,0
Rater_7,Person_175,2,2,1,2,2,0,0,0
Rater_7,Person_176,3,3,3,4,3,2,1,1
Rater_7,Person_177,4,4,5,4,4,3,3,3
Rater_7,Person_178,3,4,3,4,4,1,1,2
Rater_7,Person_179,4,4,2,4,4,2,1,2
Rater_7,Person_180,4,4,2,3,4,2,3,2
Rater_7,Person_181,5,5,4,5,5,3,2,4
Rater_7,Person_182,4,4,4,5,3,2,3,2
Rater_7,Person_183,2,4,2,2,3,0,1,0
Rater_7,Person_184,5,5,2,5,5,2,2,3
Rater_7,Person_185,4,5,2,5,4,3,3,2
Rater_7,Person_186,5,5,5,5,5,4,3,5
Rater_7,Person_187,4,4,2,4,2,2,4,3
Rater_7,Person_188,2,1,1,2,0,0,0,0
Rater_7,Person_189,1,3,1,1,1,0,0,0
Rater_7,Person_190,5,5,5,5,4,2,4,5
Rater_7,Person_191,5,5,5,5,5,5,2,4
Rater_7,Person_192,3,4,3,5,4,1,1,2
Rater_7,Person_193,3,4,2,3,3,0,1,2
Rater_7,Person_194,5,5,4,5,5,3,5,4
Rater_7,Person_195,1,3,1,2,1,0,1,2
Rater_7,Person_196,2,3,2,3,2,0,2,1
Rater_7,Person_197,4,5,3,5,5,1,2,3
Rater_7,Person_198,2,3,1,2,2,2,1,2
Rater_7,Person_199,3,3,4,3,3,2,0,2
Rater_7,Person_200,3,4,3,5,3,0,1,1
Rater_7,Person_201,3,5,2,4,4,2,1,1
Rater_7,Person_202,3,5,4,5,4,3,2,2
Rater_7,Person_203,4,2,2,5,5,1,2,3
Rater_7,Person_204,4,5,3,4,5,2,3,2
Rater_7,Person_205,1,0,0,0,0,0,1,0
Rater_7,Person_206,3,3,3,4,3,1,1,2
Rater_7,Person_207,2,3,1,2,2,1,0,0
Rater_7,Person_208,3,2,1,2,2,0,0,0
Rater_7,Person_209,0,3,1,2,1,0,1,0
Rater_7,Person_210,4,2,2,3,1,1,1,2
Rater_7,Person_211,5,5,3,5,5,3,1,2
Rater_7,Person_212,2,0,1,2,2,0,0,1
Rater_7,Person_213,2,3,2,3,3,2,1,2
Rater_7,Person_214,3,2,3,5,3,0,0,2
Rater_7,Person_215,3,3,2,4,3,1,2,1
Rater_7,Person_216,5,4,3,5,4,4,3,3
Rater_7,Person_217,3,4,3,4,4,3,2,2
Rater_7,Person_218,5,5,4,5,5,4,4,4
Rater_7,Person_219,3,3,1,3,4,1,2,2
Rater_7,Person_220,2,3,1,2,3,0,2,0
Rater_7,Person_221,3,5,2,4,2,2,0,2
Rater_7,Person_222,2,5,2,3,4,3,1,2
Rater_7,Person_223,3,4,2,3,3,3,2,0
Rater_7,Person_224,1,2,0,4,1,0,0,0
Rater_7,Person_225,3,5,2,3,3,0,2,2
Rater_7,Person_226,2,4,2,3,3,2,1,2
Rater_7,Person_227,5,5,5,5,5,4,5,5
Rater_7,Person_228,5,5,5,5,5,4,3,3
Rater_7,Person_229,3,3,2,2,1,0,0,0
Rater_7,Person_230,3,4,2,3,3,1,1,2
Rater_7,Person_231,1,1,0,2,0,0,0,0
Rater_7,Person_232,1,2,3,3,2,0,0,3
Rater_7,Person_233,3,5,3,4,4,1,1,2
Rater_7,Person_234,5,4,4,4,5,3,2,4
Rater_7,Person_235,3,2,2,3,0,1,0,0
Rater_7,Person_236,2,3,3,2,2,1,1,1
Rater_7,Person_237,1,0,0,1,0,0,0,0
Rater_7,Person_238,3,2,3,4,3,2,0,2
Rater_7,Person_239,2,2,2,3,2,0,0,0
Rater_7,Person_240,2,3,2,4,2,1,0,2
Rater_7,Person_241,2,3,1,1,2,2,0,2
Rater_7,Person_242,4,3,3,5,3,1,0,2
Rater_7,Person_243,1,1,0,2,1,0,0,1
Rater_7,Person_244,1,2,1,2,2,0,0,0
Rater_7,Person_245,5,5,5,4,5,4,5,5
Rater_7,Person_246,2,1,0,3,1,0,0,0
Rater_7,Person_247,2,1,1,3,2,0,1,0
Rater_7,Person_248,4,5,3,5,5,4,3,4
Rater_7,Person_249,5,5,5,5,5,5,4,5
Rater_7,Person_250,2,1,1,4,1,1,0,1
Rater_7,Person_251,3,2,3,3,2,2,0,2
Rater_7,Person_252,3,4,2,5,3,0,2,2
Rater_7,Person_253,5,5,5,5,5,4,5,4
Rater_7,Person_254,3,2,1,3,2,2,0,1
Rater_7,Person_255,2,3,2,5,3,1,1,0
Rater_7,Person_256,5,5,3,4,4,2,3,2
Rater_7,Person_257,3,4,3,4,3,3,2,4
Rater_7,Person_258,2,4,1,3,3,1,1,2
Rater_7,Person_259,3,4,3,3,3,0,0,1
Rater_7,Person_260,3,2,0,2,2,0,0,1
Rater_7,Person_261,3,3,2,4,2,1,2,2
Rater_7,Person_262,3,3,3,3,2,1,0,1
Rater_7,Person_263,3,4,3,5,5,1,2,2
Rater_7,Person_264,3,2,2,4,2,1,1,1
Rater_7,Person_265,2,4,4,5,3,2,1,3
Rater_7,Person_266,3,5,3,5,4,3,3,4
Rater_7,Person_267,5,4,3,3,3,1,2,3
Rater_7,Person_268,4,5,3,4,4,4,3,2
Rater_7,Person_269,5,4,3,5,3,0,2,3
Rater_7,Person_270,3,3,2,4,3,0,3,3
Rater_7,Person_271,2,3,2,2,2,0,0,1
Rater_7,Person_272,3,4,3,4,2,1,1,3
Rater_7,Person_273,2,4,2,3,3,2,1,2
Rater_7,Person_274,5,5,5,5,5,3,4,4
Rater_7,Person_275,5,5,4,5,4,4,3,4
Rater_7,Person_276,3,5,3,5,3,2,2,2
Rater_7,Person_277,2,2,1,4,2,1,0,2
Rater_7,Person_278,2,2,0,1,1,1,0,1
Rater_7,Person_279,4,5,2,5,5,2,3,5
Rater_7,Person_280,3,3,3,4,4,2,2,2
Rater_7,Person_281,4,3,3,4,4,2,2,3
Rater_7,Person_282,1,2,0,2,1,0,0,0
Rater_7,Person_283,4,5,2,5,4,2,2,3
Rater_7,Person_284,4,3,2,4,3,3,2,3
Rater_7,Person_285,2,1,0,1,1,0,0,1
Rater_7,Person_286,2,5,1,3,3,2,1,2
Rater_7,Person_287,3,5,3,5,4,2,1,2
Rater_7,Person_288,2,4,3,5,3,3,3,2
Rater_7,Person_289,3,3,2,3,3,1,1,3
Rater_7,Person_290,3,5,2,3,2,2,2,2
Rater_7,Person_291,1,4,2,5,2,1,2,2
Rater_7,Person_292,3,4,1,3,3,0,1,2
Rater_7,Person_293,4,5,4,5,4,2,3,4
Rater_7,Person_294,0,0,0,1,1,0,0,0
Rater_7,Person_295,4,3,2,4,2,1,0,1
Rater_7,Person_296,4,4,3,4,3,2,2,2
Rater_7,Person_297,5,5,3,5,3,1,1,3
Rater_7,Person_298,3,3,2,2,3,1,1,0
Rater_7,Person_299,1,1,0,0,1,0,0,0
Rater_7,Person_300,2,4,2,4,3,1,1,2
Rater_7,Person_301,5,5,4,5,4,3,4,4
Rater_7,Person_302,1,1,1,2,0,0,0,0
Rater_7,Person_303,4,5,3,5,5,1,2,3
Rater_7,Person_304,3,3,2,4,3,1,1,0
Rater_7,Person_305,3,3,0,4,5,1,0,3
Rater_7,Person_306,2,2,0,3,2,1,0,0
Rater_7,Person_307,3,2,2,2,3,2,1,2
Rater_7,Person_308,4,5,5,5,5,3,4,2
Rater_7,Person_309,4,4,3,5,5,2,3,1
Rater_7,Person_310,5,5,5,5,5,3,3,3
Rater_7,Person_311,5,5,3,5,5,5,2,3
Rater_7,Person_312,4,5,4,4,4,1,1,2
Rater_7,Person_313,4,4,4,5,4,3,4,5
Rater_7,Person_314,3,3,3,5,3,1,1,2
Rater_7,Person_315,4,5,2,5,3,3,1,3
Rater_7,Person_316,2,3,1,3,4,1,1,1
Rater_7,Person_317,3,4,2,4,3,2,1,4
Rater_7,Person_318,1,2,1,3,2,0,0,1
Rater_7,Person_319,5,5,4,5,5,2,3,3
Rater_7,Person_320,0,2,2,2,2,0,0,0
Rater_7,Person_321,3,5,4,5,4,3,3,1
Rater_7,Person_322,3,4,2,4,4,1,1,1
Rater_7,Person_323,5,5,3,5,4,3,4,5
Rater_7,Person_324,5,4,3,5,5,1,2,4
Rater_7,Person_325,4,5,5,5,5,4,1,4
Rater_7,Person_326,4,4,1,5,5,2,3,2
Rater_7,Person_327,1,2,1,1,2,0,0,1
Rater_7,Person_328,3,2,2,4,3,0,0,1
Rater_7,Person_329,2,3,2,3,3,0,1,1
Rater_7,Person_330,2,2,2,4,2,0,0,1
Rater_7,Person_331,5,5,5,5,4,3,4,3
Rater_7,Person_332,4,5,4,5,2,3,1,3
Rater_7,Person_333,1,1,0,2,2,1,1,1
Rater_7,Person_334,2,3,2,2,3,0,0,1
Rater_7,Person_335,2,3,2,4,4,1,2,1
Rater_7,Person_336,0,3,0,2,2,0,0,0
Rater_7,Person_337,3,2,2,3,2,0,0,0
Rater_7,Person_338,4,4,3,4,5,2,1,3
Rater_7,Person_339,4,3,4,5,3,2,3,3
Rater_7,Person_340,4,4,3,5,3,4,1,2
Rater_7,Person_341,0,2,0,2,0,0,0,0
Rater_7,Person_342,2,5,3,4,4,1,1,2
Rater_7,Person_343,3,3,1,5,3,1,4,2
Rater_7,Person_344,3,5,3,4,5,3,1,2
Rater_7,Person_345,5,5,5,5,5,2,3,5
Rater_7,Person_346,0,0,0,1,1,0,0,0
Rater_7,Person_347,3,2,2,3,3,1,1,2
Rater_7,Person_348,4,5,4,5,4,2,2,2
Rater_7,Person_349,1,1,2,2,2,0,0,0
Rater_7,Person_350,5,5,5,4,5,5,4,2
Rater_7,Person_351,3,5,5,4,4,3,2,3
Rater_7,Person_352,4,4,3,5,5,4,1,4
Rater_7,Person_353,3,4,2,3,3,0,1,1
Rater_7,Person_354,4,5,3,4,5,2,2,3
Rater_7,Person_355,5,5,4,5,5,2,3,3
Rater_7,Person_356,4,4,2,3,4,2,2,1
Rater_7,Person_357,4,4,3,5,4,0,3,3
Rater_7,Person_358,4,5,2,4,2,1,1,2
Rater_7,Person_359,2,2,1,3,2,0,1,1
Rater_7,Person_360,3,3,2,3,2,1,1,3
Rater_7,Person_361,4,4,2,3,3,0,1,1
Rater_7,Person_362,4,4,3,5,4,1,1,2
Rater_7,Person_363,4,5,3,4,5,3,4,4
Rater_7,Person_364,3,2,0,3,1,0,0,0
Rater_7,Person_365,2,4,1,4,4,2,1,0
Rater_7,Person_366,5,5,5,5,5,3,3,5
Rater_7,Person_367,1,1,2,2,1,1,1,1
Rater_7,Person_368,2,2,1,2,3,1,1,1
Rater_7,Person_369,3,3,3,4,4,2,0,3
Rater_7,Person_370,4,5,4,5,4,2,2,2
Rater_7,Person_371,3,4,3,4,3,2,1,3
Rater_7,Person_372,5,5,3,5,3,3,3,3
Rater_7,Person_373,3,4,4,5,5,3,3,3
Rater_7,Person_374,3,5,5,4,3,2,3,3
Rater_7,Person_375,3,4,4,4,4,2,3,2
Rater_7,Person_376,5,5,5,5,5,5,5,5
Rater_7,Person_377,2,3,2,4,3,1,0,2
Rater_7,Person_378,0,0,0,1,1,0,0,0
Rater_7,Person_379,4,4,4,5,5,3,3,4
Rater_7,Person_380,2,1,2,4,2,1,1,1
Rater_7,Person_381,2,4,3,4,3,2,2,2
Rater_7,Person_382,3,5,4,5,5,2,3,5
Rater_7,Person_383,2,3,0,1,0,0,0,0
Rater_7,Person_384,1,2,0,2,2,1,0,0
Rater_7,Person_385,1,1,0,2,0,0,0,0
Rater_7,Person_386,2,3,2,4,2,0,0,2
Rater_7,Person_387,5,4,3,4,2,2,2,1
Rater_7,Person_388,4,4,2,5,5,3,1,2
Rater_7,Person_389,4,4,3,5,3,2,1,2
Rater_7,Person_390,2,1,0,2,2,0,0,0
Rater_7,Person_391,1,0,0,1,1,0,0,0
Rater_7,Person_392,2,4,2,5,3,1,1,0
Rater_7,Person_393,4,4,3,3,2,2,0,1
Rater_7,Person_394,2,5,1,4,2,2,2,2
Rater_7,Person_395,4,5,3,4,4,3,1,3
Rater_7,Person_396,4,5,4,4,4,3,2,1
Rater_7,Person_397,4,5,3,5,3,3,4,3
Rater_7,Person_398,5,5,2,4,5,1,1,1
Rater_7,Person_399,5,4,3,4,4,2,3,2
Rater_7,Person_400,2,3,2,2,2,0,0,2
Rater_7,Person_401,3,3,3,4,2,2,2,2
Rater_7,Person_402,3,4,3,4,3,1,1,3
Rater_7,Person_403,4,4,3,5,5,2,2,3
Rater_7,Person_404,3,4,3,4,3,1,2,2
Rater_7,Person_405,2,4,3,4,4,3,2,3
Rater_7,Person_406,3,4,2,4,3,1,1,2
Rater_7,Person_407,4,3,2,3,3,0,2,1
Rater_7,Person_408,4,5,3,4,4,3,2,4
Rater_7,Person_409,0,1,1,3,0,0,0,0
Rater_7,Person_410,1,3,0,3,2,0,0,0
Rater_7,Person_411,2,1,1,3,2,0,0,0
Rater_7,Person_412,0,2,0,1,1,0,0,0
Rater_7,Person_413,2,4,2,2,2,0,0,1
Rater_7,Person_414,5,4,3,5,5,3,2,5
Rater_7,Person_415,2,2,1,4,3,0,0,2
Rater_7,Person_416,3,4,2,3,1,2,2,2
Rater_7,Person_417,4,5,4,5,4,2,2,3
Rater_7,Person_418,5,5,4,5,4,3,3,3
Rater_7,Person_419,1,3,1,4,2,0,1,3
Rater_7,Person_420,5,5,4,5,4,3,4,5
Rater_7,Person_421,3,4,1,3,3,1,1,1
Rater_7,Person_422,2,1,1,4,2,0,0,2
Rater_7,Person_423,2,3,1,3,3,0,0,0
Rater_7,Person_424,0,3,0,2,0,0,0,0
Rater_7,Person_425,3,1,2,4,1,0,0,0
Rater_7,Person_426,3,4,2,3,3,1,1,3
Rater_7,Person_427,5,4,4,5,3,3,1,2
Rater_7,Person_428,5,5,5,5,5,4,4,3
Rater_7,Person_429,2,2,1,3,1,0,0,0
Rater_7,Person_430,4,3,3,4,4,2,2,3
Rater_7,Person_431,2,2,2,0,3,0,0,1
Rater_7,Person_432,5,4,3,4,4,3,1,2
Rater_7,Person_433,3,3,2,4,3,2,2,1
Rater_7,Person_434,0,1,1,3,1,0,0,1
Rater_7,Person_435,4,5,4,4,5,3,3,3
Rater_7,Person_436,1,3,3,4,3,0,0,1
Rater_7,Person_437,3,2,1,4,3,1,0,1
Rater_7,Person_438,2,2,1,3,2,1,0,0
Rater_7,Person_439,2,2,1,2,2,1,0,1
Rater_7,Person_440,3,4,3,5,4,2,1,2
Rater_7,Person_441,3,4,4,4,1,1,1,1
Rater_7,Person_442,5,3,2,5,3,3,1,3
Rater_7,Person_443,4,4,3,5,3,2,2,2
Rater_7,Person_444,5,3,4,5,5,3,5,4
Rater_7,Person_445,3,3,2,4,3,1,0,2
Rater_7,Person_446,2,2,0,2,1,0,0,2
Rater_7,Person_447,5,5,3,5,5,3,3,3
Rater_7,Person_448,3,4,2,3,1,1,1,2
Rater_7,Person_449,3,5,5,5,4,3,2,3
Rater_7,Person_450,4,2,2,5,4,1,2,1
Rater_7,Person_451,4,3,2,4,3,3,2,2
Rater_7,Person_452,4,5,3,5,4,3,1,3
Rater_7,Person_453,5,5,5,5,5,4,3,5
Rater_7,Person_454,5,5,5,5,5,4,4,5
Rater_7,Person_455,3,2,3,3,4,2,1,0
Rater_7,Person_456,3,3,3,3,3,1,1,2
Rater_7,Person_457,3,5,4,4,4,3,2,4
Rater_7,Person_458,2,3,0,2,1,1,0,1
Rater_7,Person_459,4,3,3,3,3,2,2,2
Rater_7,Person_460,3,3,3,4,2,0,2,3
Rater_7,Person_461,5,5,2,4,4,1,1,3
Rater_7,Person_462,1,3,2,2,3,0,0,0
Rater_7,Person_463,2,2,0,1,0,0,0,0
Rater_7,Person_464,1,1,0,1,1,0,0,0
Rater_7,Person_465,1,1,1,2,0,0,1,0
Rater_7,Person_466,2,3,3,4,2,1,0,1
Rater_7,Person_467,2,5,1,3,3,1,0,1
Rater_7,Person_468,5,5,4,5,5,4,5,4
Rater_7,Person_469,4,5,4,5,5,2,2,3
Rater_7,Person_470,3,3,1,3,2,0,0,0
Rater_7,Person_471,5,5,2,4,3,2,2,2
Rater_7,Person_472,4,4,2,5,3,2,1,1
Rater_7,Person_473,2,4,3,3,3,0,2,1
Rater_7,Person_474,4,3,3,5,4,2,0,2
Rater_7,Person_475,5,4,4,4,3,3,2,2
Rater_7,Person_476,3,3,2,3,3,1,0,2
Rater_7,Person_477,4,5,3,5,4,3,3,4
Rater_7,Person_478,2,4,1,3,1,0,0,0
Rater_7,Person_479,2,5,3,4,4,1,0,2
Rater_7,Person_480,5,5,5,5,5,4,5,5
Rater_7,Person_481,3,3,3,1,4,0,1,2
Rater_7,Person_482,4,5,5,5,5,5,3,4
Rater_7,Person_483,3,4,4,5,3,2,1,2
Rater_7,Person_484,4,5,3,4,3,2,3,2
Rater_7,Person_485,3,4,2,3,3,0,1,2
Rater_7,Person_486,2,4,3,4,2,1,1,3
Rater_7,Person_487,3,3,2,3,2,0,0,1
Rater_7,Person_488,4,5,3,5,3,2,2,2
Rater_7,Person_489,2,4,0,3,2,1,0,1
Rater_7,Person_490,3,4,3,4,3,3,2,4
Rater_7,Person_491,5,4,3,4,4,4,3,4
Rater_7,Person_492,4,4,3,5,4,3,1,3
Rater_7,Person_493,3,3,3,4,2,1,2,2
Rater_7,Person_494,5,3,3,4,4,2,2,3
Rater_7,Person_495,2,3,2,3,4,2,2,2
Rater_7,Person_496,5,4,4,5,5,4,3,4
Rater_7,Person_497,1,2,1,1,0,1,0,0
Rater_7,Person_498,2,3,2,2,3,1,0,0
Rater_7,Person_499,1,0,0,1,0,0,0,0
Rater_7,Person_500,3,1,0,2,2,0,0,1
Rater_8,Person_1,3,3,3,4,2,1,2,3
Rater_8,Person_2,0,1,1,1,0,0,0,0
Rater_8,Person_3,4,5,5,5,4,3,5,5
Rater_8,Person_4,5,5,4,5,5,3,4,5
Rater_8,Person_5,0,0,0,1,0,0,0,0
Rater_8,Person_6,1,0,0,1,1,0,0,1
Rater_8,Person_7,4,2,3,5,5,1,1,4
Rater_8,Person_8,3,3,1,4,2,1,2,2
Rater_8,Person_9,1,2,3,2,3,0,0,2
Rater_8,Person_10,1,3,0,2,1,1,0,0
Rater_8,Person_11,5,5,4,5,3,4,4,4
Rater_8,Person_12,5,5,3,5,5,4,4,4
Rater_8,Person_13,3,4,2,2,3,1,0,3
Rater_8,Person_14,5,5,5,5,5,4,5,5
Rater_8,Person_15,5,4,4,5,5,2,3,3
Rater_8,Person_16,0,1,2,1,2,0,0,0
Rater_8,Person_17,4,4,3,5,3,3,1,2
Rater_8,Person_18,1,2,1,0,2,0,0,2
Rater_8,Person_19,5,4,4,5,5,4,3,4
Rater_8,Person_20,1,5,3,2,4,0,2,3
Rater_8,Person_21,4,4,0,1,2,2,1,2
Rater_8,Person_22,2,3,1,2,1,1,2,3
Rater_8,Person_23,5,5,5,4,5,5,5,3
Rater_8,Person_24,3,4,2,4,2,0,0,1
Rater_8,Person_25,1,3,0,4,3,0,0,1
Rater_8,Person_26,2,4,1,5,3,1,0,0
Rater_8,Person_27,2,4,4,5,4,3,2,4
Rater_8,Person_28,3,5,4,4,4,3,2,3
Rater_8,Person_29,5,4,2,5,4,3,2,1
Rater_8,Person_30,4,3,2,5,3,0,1,3
Rater_8,Person_31,5,5,5,5,5,5,5,5
Rater_8,Person_32,1,4,2,2,3,1,0,0
Rater_8,Person_33,1,3,2,3,3,0,1,0
Rater_8,Person_34,3,1,2,3,2,0,0,0
Rater_8,Person_35,5,4,3,5,4,2,1,1
Rater_8,Person_36,5,5,5,5,5,5,4,4
Rater_8,Person_37,2,1,4,5,2,1,1,1
Rater_8,Person_38,2,1,0,2,1,1,0,2
Rater_8,Person_39,1,1,0,1,4,0,0,0
Rater_8,Person_40,5,4,2,5,4,3,4,4
Rater_8,Person_41,4,5,5,4,4,4,1,2
Rater_8,Person_42,2,5,4,5,3,2,2,3
Rater_8,Person_43,2,1,3,2,1,0,0,0
Rater_8,Person_44,5,5,4,4,4,2,2,3
Rater_8,Person_45,3,3,4,4,5,4,1,1
Rater_8,Person_46,4,4,4,5,2,2,1,1
Rater_8,Person_47,4,5,4,4,5,3,4,4
Rater_8,Person_48,3,5,3,4,3,1,2,2
Rater_8,Person_49,5,5,5,5,4,4,2,4
Rater_8,Person_50,3,4,2,3,4,0,1,2
Rater_8,Person_51,3,5,2,4,3,3,1,1
Rater_8,Person_52,2,4,3,5,5,3,3,5
Rater_8,Person_53,0,1,0,0,0,0,0,0
Rater_8,Person_54,2,4,1,1,2,2,1,1
Rater_8,Person_55,1,0,3,2,0,2,0,1
Rater_8,Person_56,1,2,0,1,2,0,2,1
Rater_8,Person_57,2,3,2,4,3,2,2,2
Rater_8,Person_58,5,5,4,5,5,5,5,5
Rater_8,Person_59,1,2,1,1,1,1,0,0
Rater_8,Person_60,2,5,5,5,3,5,3,4
Rater_8,Person_61,0,0,0,1,0,0,0,0
Rater_8,Person_62,2,2,2,3,4,0,2,2
Rater_8,Person_63,3,3,4,4,5,1,1,2
Rater_8,Person_64,5,4,5,5,2,4,3,4
Rater_8,Person_65,4,5,4,5,3,2,1,5
Rater_8,Person_66,2,5,5,5,5,3,5,4
Rater_8,Person_67,3,4,0,3,3,0,0,1
Rater_8,Person_68,3,0,2,3,3,2,0,0
Rater_8,Person_69,5,5,3,5,4,2,4,5
Rater_8,Person_70,2,2,3,4,2,1,0,0
Rater_8,Person_71,0,0,0,2,0,0,0,0
Rater_8,Person_72,2,0,0,3,1,0,0,0
Rater_8,Person_73,1,1,0,1,0,0,1,0
Rater_8,Person_74,3,5,3,5,4,2,3,3
Rater_8,Person_75,3,3,3,4,4,2,2,3
Rater_8,Person_76,5,4,4,5,5,3,3,3
Rater_8,Person_77,2,1,3,2,2,1,0,0
Rater_8,Person_78,4,5,2,5,2,3,2,4
Rater_8,Person_79,4,5,4,3,5,3,4,3
Rater_8,Person_80,3,2,1,2,1,2,2,3
Rater_8,Person_81,3,5,3,3,5,3,2,3
Rater_8,Person_82,2,3,0,1,2,3,0,3
Rater_8,Person_83,1,3,0,2,1,0,1,2
Rater_8,Person_84,1,2,2,2,3,1,2,1
Rater_8,Person_85,0,0,0,0,0,1,0,0
Rater_8,Person_86,3,4,5,5,4,4,3,2
Rater_8,Person_87,4,2,1,3,3,2,0,0
Rater_8,Person_88,3,2,4,5,4,1,2,2
Rater_8,Person_89,5,4,3,5,5,2,3,4
Rater_8,Person_90,4,4,3,5,5,2,2,3
Rater_8,Person_91,5,5,4,3,5,3,5,4
Rater_8,Person_92,2,3,4,3,4,2,0,2
Rater_8,Person_93,2,2,0,4,2,3,2,2
Rater_8,Person_94,2,5,0,4,2,2,2,1
Rater_8,Person_95,0,0,0,0,0,0,0,0
Rater_8,Person_96,0,0,0,0,1,0,1,0
Rater_8,Person_97,0,1,0,0,0,0,0,0
Rater_8,Person_98,1,1,3,0,1,1,0,0
Rater_8,Person_99,4,5,5,4,4,4,1,2
Rater_8,Person_100,1,0,1,2,1,0,0,0
Rater_8,Person_101,2,3,3,1,4,0,2,0
Rater_8,Person_102,5,5,5,5,5,5,4,5
Rater_8,Person_103,3,2,1,0,2,1,0,0
Rater_8,Person_104,3,5,4,4,5,4,1,3
Rater_8,Person_105,2,3,0,2,0,1,1,0
Rater_8,Person_106,0,3,4,4,3,0,1,0
Rater_8,Person_107,0,1,2,0,3,0,0,1
Rater_8,Person_108,2,3,1,3,3,1,1,0
Rater_8,Person_109,3,5,2,5,5,5,2,4
Rater_8,Person_110,0,0,1,0,0,0,0,0
Rater_8,Person_111,4,4,4,3,5,2,3,4
Rater_8,Person_112,3,4,3,4,5,3,1,3
Rater_8,Person_113,2,5,2,2,0,0,0,1
Rater_8,Person_114,0,0,0,0,1,1,1,1
Rater_8,Person_115,4,5,4,5,5,2,1,2
Rater_8,Person_116,3,3,1,3,2,1,0,0
Rater_8,Person_117,4,5,5,3,3,2,1,2
Rater_8,Person_118,5,3,4,3,3,4,3,2
Rater_8,Person_119,5,5,5,5,5,4,4,5
Rater_8,Person_120,3,4,3,5,1,1,4,1
Rater_8,Person_121,1,1,0,0,0,0,0,0
Rater_8,Person_122,2,4,2,2,3,3,3,2
Rater_8,Person_123,2,5,3,5,4,1,2,2
Rater_8,Person_124,5,5,5,5,5,4,5,5
Rater_8,Person_125,5,5,5,5,5,2,3,3
Rater_8,Person_126,3,3,4,5,3,1,1,0
Rater_8,Person_127,5,5,4,5,5,4,4,5
Rater_8,Person_128,0,0,1,1,0,0,0,0
Rater_8,Person_129,3,2,0,2,2,1,1,1
Rater_8,Person_130,0,1,0,2,0,1,1,0
Rater_8,Person_131,0,2,1,3,3,0,1,1
Rater_8,Person_132,0,0,0,1,2,0,0,0
Rater_8,Person_133,3,5,5,5,3,4,5,4
Rater_8,Person_134,3,3,3,2,1,2,0,1
Rater_8,Person_135,0,2,0,0,2,0,0,0
Rater_8,Person_136,0,1,2,0,2,0,0,1
Rater_8,Person_137,4,2,2,5,5,3,1,4
Rater_8,Person_138,5,5,2,5,4,5,3,4
Rater_8,Person_139,5,5,5,5,5,5,4,5
Rater_8,Person_140,5,5,5,5,5,5,5,5
Rater_8,Person_141,5,3,2,5,4,3,2,2
Rater_8,Person_142,0,2,0,1,1,0,0,1
Rater_8,Person_143,0,0,0,0,0,0,0,0
Rater_8,Person_144,3,4,3,5,4,2,0,2
Rater_8,Person_145,2,2,1,2,4,0,0,0
Rater_8,Person_146,2,1,1,3,3,2,1,0
Rater_8,Person_147,1,0,1,4,2,2,0,1
Rater_8,Person_148,4,3,1,3,5,1,3,1
Rater_8,Person_149,5,5,5,5,5,4,5,5
Rater_8,Person_150,3,3,2,3,3,2,2,2
Rater_8,Person_151,3,0,2,4,2,2,0,2
Rater_8,Person_152,0,1,1,1,1,0,1,0
Rater_8,Person_153,0,1,0,0,1,0,1,0
Rater_8,Person_154,2,0,2,3,1,0,0,1
Rater_8,Person_155,2,5,4,4,4,0,2,2
Rater_8,Person_156,5,5,5,5,5,5,4,5
Rater_8,Person_157,2,5,3,4,3,1,2,2
Rater_8,Person_158,5,4,3,5,5,3,3,4
Rater_8,Person_159,2,2,2,0,1,0,0,0
Rater_8,Person_160,2,0,1,1,1,0,0,0
Rater_8,Person_161,2,2,1,1,1,0,0,0
Rater_8,Person_162,2,2,1,3,0,1,0,2
Rater_8,Person_163,5,5,5,5,5,5,5,5
Rater_8,Person_164,3,0,0,4,1,1,0,2
Rater_8,Person_165,5,5,2,5,4,4,3,5
Rater_8,Person_166,0,0,1,2,0,0,0,0
Rater_8,Person_167,5,5,5,5,5,3,4,3
Rater_8,Person_168,5,4,5,5,4,1,3,4
Rater_8,Person_169,2,3,2,4,3,2,1,3
Rater_8,Person_170,2,2,3,4,2,1,1,1
Rater_8,Person_171,1,1,1,0,1,2,0,2
Rater_8,Person_172,4,5,3,5,4,2,3,4
Rater_8,Person_173,2,2,0,3,2,0,0,1
Rater_8,Person_174,1,0,0,1,0,0,0,0
Rater_8,Person_175,0,0,0,0,0,0,0,0
Rater_8,Person_176,4,5,2,2,1,1,1,2
Rater_8,Person_177,5,5,5,5,5,5,4,5
Rater_8,Person_178,2,3,4,3,4,2,2,1
Rater_8,Person_179,1,5,1,2,1,2,2,2
Rater_8,Person_180,2,5,3,1,4,2,0,3
Rater_8,Person_181,5,5,5,5,5,5,4,4
Rater_8,Person_182,3,3,1,3,3,5,2,3
Rater_8,Person_183,2,1,2,4,1,0,0,2
Rater_8,Person_184,5,5,4,5,4,5,2,5
Rater_8,Person_185,5,3,4,4,4,4,3,2
Rater_8,Person_186,5,4,5,5,4,4,5,4
Rater_8,Person_187,4,5,3,5,3,0,1,3
Rater_8,Person_188,1,1,1,1,0,0,0,0
Rater_8,Person_189,1,0,0,1,0,0,0,0
Rater_8,Person_190,5,5,5,5,5,5,5,4
Rater_8,Person_191,5,5,4,5,5,5,4,5
Rater_8,Person_192,1,3,1,5,3,2,0,2
Rater_8,Person_193,1,4,2,3,1,1,0,0
Rater_8,Person_194,3,5,5,5,5,5,4,5
Rater_8,Person_195,2,1,0,1,0,0,0,0
Rater_8,Person_196,1,1,0,2,2,0,0,0
Rater_8,Person_197,3,4,4,5,5,3,2,1
Rater_8,Person_198,0,1,4,3,3,0,0,0
Rater_8,Person_199,2,4,2,4,3,2,1,2
Rater_8,Person_200,2,2,3,3,1,0,2,1
Rater_8,Person_201,4,5,4,4,4,2,3,5
Rater_8,Person_202,5,5,5,5,5,5,4,5
Rater_8,Person_203,4,5,2,4,4,5,1,2
Rater_8,Person_204,5,5,3,5,4,2,4,4
Rater_8,Person_205,0,0,0,0,0,0,0,0
Rater_8,Person_206,3,3,3,3,3,0,1,1
Rater_8,Person_207,2,1,1,0,0,1,0,0
Rater_8,Person_208,0,1,0,0,2,0,1,0
Rater_8,Person_209,0,1,0,1,0,0,0,0
Rater_8,Person_210,1,2,1,3,2,0,0,1
Rater_8,Person_211,5,5,4,5,5,5,5,3
Rater_8,Person_212,0,0,2,1,2,2,1,0
Rater_8,Person_213,4,3,2,4,2,2,2,2
Rater_8,Person_214,1,2,0,3,2,0,0,0
Rater_8,Person_215,1,3,1,3,3,1,1,1
Rater_8,Person_216,4,4,5,5,5,4,5,4
Rater_8,Person_217,4,5,3,5,4,1,5,4
Rater_8,Person_218,4,5,5,5,5,4,4,3
Rater_8,Person_219,3,3,0,4,1,0,0,3
Rater_8,Person_220,1,1,1,2,2,1,0,0
Rater_8,Person_221,4,4,2,4,2,0,1,1
Rater_8,Person_222,5,5,2,5,4,2,3,3
Rater_8,Person_223,2,4,3,5,3,2,1,4
Rater_8,Person_224,0,0,0,0,1,0,0,1
Rater_8,Person_225,3,3,3,2,3,2,2,2
Rater_8,Person_226,4,5,3,4,4,3,3,3
Rater_8,Person_227,5,5,5,5,4,5,5,5
Rater_8,Person_228,5,5,5,5,5,5,4,5
Rater_8,Person_229,1,4,1,0,0,0,1,0
Rater_8,Person_230,3,3,1,3,2,1,0,2
Rater_8,Person_231,1,0,0,0,0,0,0,0
Rater_8,Person_232,4,3,2,3,2,0,1,0
Rater_8,Person_233,3,4,3,5,5,2,2,3
Rater_8,Person_234,4,5,5,5,4,2,4,4
Rater_8,Person_235,1,2,0,1,1,0,0,2
Rater_8,Person_236,1,5,2,3,2,0,2,1
Rater_8,Person_237,0,0,0,0,0,0,0,0
Rater_8,Person_238,3,2,2,2,2,1,2,2
Rater_8,Person_239,0,3,0,2,2,0,1,0
Rater_8,Person_240,2,3,1,3,2,1,0,1
Rater_8,Person_241,3,1,0,0,0,0,1,0
Rater_8,Person_242,3,2,2,5,2,0,3,1
Rater_8,Person_243,0,0,0,1,2,0,0,0
Rater_8,Person_244,0,0,0,3,2,0,0,1
Rater_8,Person_245,5,5,5,5,5,5,5,5
Rater_8,Person_246,1,1,0,2,1,0,0,0
Rater_8,Person_247,1,1,0,1,1,0,1,1
Rater_8,Person_248,5,5,5,5,5,5,5,5
Rater_8,Person_249,5,5,5,5,5,5,5,5
Rater_8,Person_250,1,1,0,0,0,0,0,1
Rater_8,Person_251,2,3,0,4,3,1,2,1
Rater_8,Person_252,4,3,3,4,3,4,2,3
Rater_8,Person_253,5,5,5,5,5,5,5,4
Rater_8,Person_254,2,0,0,1,1,0,0,0
Rater_8,Person_255,2,3,3,0,5,1,1,1
Rater_8,Person_256,4,5,5,5,5,1,5,2
Rater_8,Person_257,5,3,3,3,4,2,2,4
Rater_8,Person_258,0,2,2,3,2,0,0,2
Rater_8,Person_259,2,5,3,2,4,2,4,4
Rater_8,Person_260,1,2,0,0,1,0,0,0
Rater_8,Person_261,3,4,1,2,3,3,2,1
Rater_8,Person_262,4,3,1,2,4,1,1,0
Rater_8,Person_263,4,4,4,4,3,1,2,1
Rater_8,Person_264,0,3,2,1,1,0,0,0
Rater_8,Person_265,5,4,4,5,5,4,4,1
Rater_8,Person_266,3,4,2,4,4,5,5,3
Rater_8,Person_267,3,3,3,4,4,1,2,3
Rater_8,Person_268,3,4,3,4,4,1,2,1
Rater_8,Person_269,2,2,2,3,3,2,2,3
Rater_8,Person_270,5,3,4,3,4,3,1,1
Rater_8,Person_271,2,0,3,2,2,1,2,2
Rater_8,Person_272,3,4,4,3,3,3,2,3
Rater_8,Person_273,2,3,3,4,3,2,1,0
Rater_8,Person_274,5,5,5,5,5,4,5,5
Rater_8,Person_275,4,5,5,4,5,4,5,5
Rater_8,Person_276,3,4,1,5,4,2,2,3
Rater_8,Person_277,1,1,1,2,1,0,0,0
Rater_8,Person_278,0,3,1,1,0,0,0,0
Rater_8,Person_279,5,5,5,5,5,4,3,4
Rater_8,Person_280,5,4,1,5,2,0,2,3
Rater_8,Person_281,5,5,4,4,2,4,3,3
Rater_8,Person_282,0,0,0,0,1,0,1,0
Rater_8,Person_283,3,5,4,4,5,4,2,5
Rater_8,Person_284,4,5,4,3,3,2,4,2
Rater_8,Person_285,1,1,1,1,0,0,0,0
Rater_8,Person_286,1,2,0,4,4,1,2,1
Rater_8,Person_287,4,5,4,4,3,2,0,4
Rater_8,Person_288,3,4,2,5,1,1,1,2
Rater_8,Person_289,3,5,0,2,3,2,1,1
Rater_8,Person_290,3,3,5,2,4,2,0,1
Rater_8,Person_291,2,2,3,4,3,2,0,1
Rater_8,Person_292,4,3,3,5,4,1,2,0
Rater_8,Person_293,4,5,5,5,4,5,5,5
Rater_8,Person_294,0,0,0,0,0,0,0,0
Rater_8,Person_295,2,3,2,3,3,3,2,1
Rater_8,Person_296,4,5,3,3,3,2,2,2
Rater_8,Person_297,2,4,3,5,4,1,3,3
Rater_8,Person_298,2,1,3,1,3,0,0,0
Rater_8,Person_299,0,0,0,0,0,0,0,0
Rater_8,Person_300,5,3,4,5,4,4,3,3
Rater_8,Person_301,5,5,5,5,5,5,5,4
Rater_8,Person_302,0,1,0,1,1,0,0,0
Rater_8,Person_303,5,5,5,5,5,3,3,5
Rater_8,Person_304,4,4,1,3,1,1,1,1
Rater_8,Person_305,2,3,3,4,1,2,1,0
Rater_8,Person_306,0,1,1,0,0,0,0,0
Rater_8,Person_307,3,2,2,3,2,1,0,2
Rater_8,Person_308,4,5,5,5,5,4,5,5
Rater_8,Person_309,4,4,3,4,5,4,4,2
Rater_8,Person_310,5,5,5,5,5,5,4,5
Rater_8,Person_311,5,5,5,5,5,5,4,3
Rater_8,Person_312,4,5,4,4,3,0,3,3
Rater_8,Person_313,5,5,5,5,5,5,5,5
Rater_8,Person_314,4,5,4,5,3,2,2,3
Rater_8,Person_315,3,4,4,5,4,3,4,4
Rater_8,Person_316,3,2,1,1,3,1,0,0
Rater_8,Person_317,2,4,0,2,1,1,1,4
Rater_8,Person_318,2,3,1,0,1,0,0,0
Rater_8,Person_319,5,5,5,5,4,4,4,4
Rater_8,Person_320,0,1,0,1,3,0,0,1
Rater_8,Person_321,5,4,4,5,5,4,2,2
Rater_8,Person_322,2,4,0,2,4,2,1,1
Rater_8,Person_323,5,5,5,5,5,4,5,4
Rater_8,Person_324,1,5,4,5,5,2,1,4
Rater_8,Person_325,5,5,5,5,5,5,5,4
Rater_8,Person_326,5,4,3,5,3,3,3,3
Rater_8,Person_327,0,2,0,0,0,0,0,0
Rater_8,Person_328,1,4,1,4,5,2,1,2
Rater_8,Person_329,0,1,1,1,1,0,0,0
Rater_8,Person_330,2,3,1,3,2,2,1,0
Rater_8,Person_331,4,5,3,5,5,4,3,5
Rater_8,Person_332,4,5,4,4,4,4,3,2
Rater_8,Person_333,0,3,1,4,1,1,0,0
Rater_8,Person_334,1,0,1,3,2,0,0,1
Rater_8,Person_335,2,5,3,3,2,0,1,2
Rater_8,Person_336,2,1,0,1,1,0,1,0
Rater_8,Person_337,2,0,1,1,3,1,1,1
Rater_8,Person_338,2,3,4,4,4,2,4,3
Rater_8,Person_339,5,4,5,5,4,5,5,5
Rater_8,Person_340,4,5,5,5,4,2,4,3
Rater_8,Person_341,0,1,0,0,0,0,0,0
Rater_8,Person_342,4,4,3,4,5,3,3,2
Rater_8,Person_343,3,3,4,4,4,3,1,3
Rater_8,Person_344,5,5,4,3,2,3,3,3
Rater_8,Person_345,5,5,5,5,5,5,5,4
Rater_8,Person_346,0,0,0,1,0,0,0,0
Rater_8,Person_347,3,3,2,1,3,0,1,0
Rater_8,Person_348,5,4,3,5,5,3,3,2
Rater_8,Person_349,0,0,0,0,0,0,0,0
Rater_8,Person_350,5,5,5,5,4,3,4,4
Rater_8,Person_351,3,4,5,4,4,2,2,2
Rater_8,Person_352,3,5,4,5,4,4,2,3
Rater_8,Person_353,1,3,1,1,0,0,0,0
Rater_8,Person_354,5,4,5,4,5,2,3,5
Rater_8,Person_355,5,5,4,5,5,5,3,2
Rater_8,Person_356,3,5,2,5,2,4,3,4
Rater_8,Person_357,3,4,2,4,2,2,3,2
Rater_8,Person_358,4,4,3,4,5,2,2,2
Rater_8,Person_359,2,2,1,2,2,0,0,0
Rater_8,Person_360,2,3,1,3,2,1,1,3
Rater_8,Person_361,3,2,3,4,2,1,0,4
Rater_8,Person_362,3,4,3,5,4,5,2,4
Rater_8,Person_363,5,5,3,5,5,3,3,3
Rater_8,Person_364,0,4,1,2,1,0,0,0
Rater_8,Person_365,2,5,0,2,3,2,0,0
Rater_8,Person_366,5,5,3,5,5,5,4,5
Rater_8,Person_367,1,1,1,2,1,0,0,0
Rater_8,Person_368,2,2,1,3,1,0,0,1
Rater_8,Person_369,3,5,3,5,2,2,1,1
Rater_8,Person_370,4,4,5,5,4,3,3,3
Rater_8,Person_371,4,5,2,3,2,1,2,4
Rater_8,Person_372,5,5,4,5,4,4,5,5
Rater_8,Person_373,5,5,4,5,5,3,3,5
Rater_8,Person_374,4,5,4,5,5,3,4,5
Rater_8,Person_375,4,5,5,5,5,3,3,3
Rater_8,Person_376,5,5,5,5,5,5,5,5
Rater_8,Person_377,1,3,0,3,4,2,1,4
Rater_8,Person_378,0,0,0,1,0,0,0,0
Rater_8,Person_379,5,3,4,5,5,5,4,4
Rater_8,Person_380,0,0,1,4,4,2,1,3
Rater_8,Person_381,3,3,5,3,2,3,4,2
Rater_8,Person_382,4,5,5,5,4,5,4,5
Rater_8,Person_383,1,0,0,0,0,0,0,1
Rater_8,Person_384,1,1,0,0,1,0,0,0
Rater_8,Person_385,1,0,0,1,0,0,0,0
Rater_8,Person_386,0,1,0,3,1,0,0,0
Rater_8,Person_387,4,5,3,4,4,2,1,2
Rater_8,Person_388,5,4,4,4,2,3,3,4
Rater_8,Person_389,1,4,2,5,5,4,1,4
Rater_8,Person_390,0,0,0,1,0,1,0,0
Rater_8,Person_391,0,0,1,0,0,0,0,0
Rater_8,Person_392,4,3,4,5,3,1,2,3
Rater_8,Person_393,4,1,2,2,4,2,1,2
Rater_8,Person_394,4,5,3,5,4,3,3,4
Rater_8,Person_395,5,5,4,5,5,3,3,5
Rater_8,Person_396,3,4,0,5,5,1,2,3
Rater_8,Person_397,3,5,4,5,5,4,3,4
Rater_8,Person_398,3,2,1,5,3,2,1,1
Rater_8,Person_399,4,4,5,4,4,2,3,4
Rater_8,Person_400,1,0,1,1,1,0,0,0
Rater_8,Person_401,2,4,1,2,3,4,2,3
Rater_8,Person_402,5,5,1,4,2,2,2,1
Rater_8,Person_403,5,4,3,4,5,2,3,5
Rater_8,Person_404,3,3,2,5,3,0,0,0
Rater_8,Person_405,4,3,4,5,4,4,2,3
Rater_8,Person_406,0,4,3,3,3,0,1,2
Rater_8,Person_407,2,3,3,4,3,1,0,2
Rater_8,Person_408,4,4,5,5,5,4,4,4
Rater_8,Person_409,0,0,0,0,0,0,0,0
Rater_8,Person_410,0,1,0,0,0,0,0,2
Rater_8,Person_411,0,0,0,1,0,0,0,0
Rater_8,Person_412,0,0,0,0,0,0,0,0
Rater_8,Person_413,2,1,2,3,3,1,1,1
Rater_8,Person_414,3,4,4,5,5,2,3,3
Rater_8,Person_415,3,3,2,4,1,1,1,2
Rater_8,Person_416,3,3,3,2,4,1,1,1
Rater_8,Person_417,4,5,5,4,4,4,3,5
Rater_8,Person_418,5,5,5,5,5,4,5,5
Rater_8,Person_419,4,4,2,3,1,3,0,2
Rater_8,Person_420,5,5,3,5,5,5,5,5
Rater_8,Person_421,5,3,4,3,2,1,2,3
Rater_8,Person_422,1,2,1,1,1,1,1,0
Rater_8,Person_423,0,2,1,2,3,0,1,0
Rater_8,Person_424,1,0,0,0,0,0,0,0
Rater_8,Person_425,1,1,0,2,1,1,0,0
Rater_8,Person_426,1,4,2,4,1,2,1,2
Rater_8,Person_427,4,5,4,5,5,5,3,5
Rater_8,Person_428,4,5,5,5,5,4,4,5
Rater_8,Person_429,0,1,0,1,0,0,0,0
Rater_8,Person_430,2,5,4,4,4,3,2,1
Rater_8,Person_431,1,0,1,2,2,0,0,1
Rater_8,Person_432,4,4,3,4,4,0,2,2
Rater_8,Person_433,1,2,3,3,3,3,1,3
Rater_8,Person_434,0,0,0,0,0,0,0,0
Rater_8,Person_435,5,4,5,5,5,3,2,4
Rater_8,Person_436,1,3,0,2,0,0,1,1
Rater_8,Person_437,1,1,1,1,0,1,0,1
Rater_8,Person_438,1,0,1,0,1,0,0,0
Rater_8,Person_439,2,1,1,2,0,0,1,1
Rater_8,Person_440,4,5,4,5,4,3,2,3
Rater_8,Person_441,2,3,1,3,1,1,1,1
Rater_8,Person_442,5,2,3,5,4,2,4,3
Rater_8,Person_443,2,5,4,5,4,2,2,1
Rater_8,Person_444,5,5,5,5,5,5,4,5
Rater_8,Person_445,1,1,2,2,2,1,1,2
Rater_8,Person_446,0,0,0,1,0,0,1,0
Rater_8,Person_447,5,4,5,5,5,4,5,3
Rater_8,Person_448,2,5,0,4,5,1,2,1
Rater_8,Person_449,5,5,3,5,5,5,3,5
Rater_8,Person_450,5,3,4,3,4,1,4,1
Rater_8,Person_451,3,5,1,4,3,1,3,3
Rater_8,Person_452,4,4,3,4,4,3,3,3
Rater_8,Person_453,5,5,5,5,5,5,5,5
Rater_8,Person_454,5,5,4,5,5,4,5,5
Rater_8,Person_455,5,4,3,3,4,0,2,1
Rater_8,Person_456,5,4,2,5,3,3,2,1
Rater_8,Person_457,5,5,5,4,5,5,3,5
Rater_8,Person_458,3,0,3,3,3,0,2,1
Rater_8,Person_459,5,5,4,3,3,1,2,3
Rater_8,Person_460,4,3,3,3,5,1,2,2
Rater_8,Person_461,2,5,4,5,4,2,0,2
Rater_8,Person_462,0,1,1,0,1,1,0,0
Rater_8,Person_463,1,0,0,1,0,0,0,1
Rater_8,Person_464,0,0,0,0,1,0,0,0
Rater_8,Person_465,0,2,1,4,0,0,0,0
Rater_8,Person_466,4,3,0,3,2,1,1,0
Rater_8,Person_467,5,4,1,1,5,1,4,1
Rater_8,Person_468,5,5,4,5,5,3,5,5
Rater_8,Person_469,5,4,5,5,5,4,3,5
Rater_8,Person_470,2,1,1,0,1,0,0,0
Rater_8,Person_471,3,5,4,4,2,2,2,3
Rater_8,Person_472,2,3,3,5,2,1,1,0
Rater_8,Person_473,3,2,1,2,1,0,1,1
Rater_8,Person_474,2,4,2,5,3,3,1,3
Rater_8,Person_475,5,5,3,3,5,4,2,3
Rater_8,Person_476,3,2,0,3,2,3,0,0
Rater_8,Person_477,5,3,5,5,4,3,3,5
Rater_8,Person_478,2,2,0,1,0,1,0,0
Rater_8,Person_479,3,4,4,5,1,1,1,1
Rater_8,Person_480,5,5,5,5,5,5,5,5
Rater_8,Person_481,2,5,3,4,4,3,2,2
Rater_8,Person_482,4,5,5,5,5,4,5,5
Rater_8,Person_483,5,4,2,2,5,2,2,2
Rater_8,Person_484,5,5,4,4,4,3,3,4
Rater_8,Person_485,4,5,3,4,1,0,1,2
Rater_8,Person_486,2,3,2,4,0,0,2,2
Rater_8,Person_487,0,0,1,2,2,0,1,2
Rater_8,Person_488,4,4,3,4,4,3,2,3
Rater_8,Person_489,1,2,3,0,2,0,1,0
Rater_8,Person_490,4,4,3,5,5,1,3,3
Rater_8,Person_491,5,5,3,5,5,5,4,4
Rater_8,Person_492,4,2,4,4,5,2,2,3
Rater_8,Person_493,2,2,0,2,3,0,2,2
Rater_8,Person_494,4,4,3,5,4,1,4,3
Rater_8,Person_495,4,4,0,5,3,1,1,1
Rater_8,Person_496,3,5,5,5,4,5,3,4
Rater_8,Person_497,0,1,0,0,0,0,0,0
Rater_8,Person_498,2,0,2,4,1,0,1,1
Rater_8,Person_499,0,0,0,0,0,0,0,0
Rater_8,Person_500,0,0,0,0,0,0,0,0
Rater_9,Person_1,5,5,5,5,5,3,0,3
Rater_9,Person_2,4,4,2,5,4,1,1,0
Rater_9,Person_3,5,5,3,4,5,3,2,4
Rater_9,Person_4,5,5,5,5,5,4,5,4
Rater_9,Person_5,2,3,0,3,2,0,0,0
Rater_9,Person_6,4,3,1,2,2,0,1,2
Rater_9,Person_7,5,5,3,5,5,0,4,5
Rater_9,Person_8,5,5,3,5,4,2,1,3
Rater_9,Person_9,5,5,3,5,5,2,2,2
Rater_9,Person_10,2,5,2,5,3,2,0,0
Rater_9,Person_11,5,5,5,5,5,4,4,4
Rater_9,Person_12,5,5,4,5,4,4,3,5
Rater_9,Person_13,5,5,5,5,5,3,2,3
Rater_9,Person_14,5,5,5,5,5,5,5,4
Rater_9,Person_15,5,5,5,5,5,1,2,3
Rater_9,Person_16,4,5,2,3,3,0,0,2
Rater_9,Person_17,5,5,5,5,5,4,3,3
Rater_9,Person_18,3,4,2,5,4,0,2,1
Rater_9,Person_19,5,5,4,5,5,3,3,4
Rater_9,Person_20,5,5,3,5,5,3,0,4
Rater_9,Person_21,4,5,4,5,4,2,2,3
Rater_9,Person_22,3,5,3,5,4,1,1,1
Rater_9,Person_23,4,5,5,5,5,4,4,5
Rater_9,Person_24,5,4,3,5,5,2,0,1
Rater_9,Person_25,4,5,2,5,4,1,1,2
Rater_9,Person_26,4,4,4,5,4,2,2,3
Rater_9,Person_27,5,5,3,5,5,4,2,4
Rater_9,Person_28,5,5,4,5,4,2,3,2
Rater_9,Person_29,5,5,4,5,5,4,4,5
Rater_9,Person_30,5,5,5,5,5,1,4,5
Rater_9,Person_31,5,5,5,5,5,4,5,5
Rater_9,Person_32,4,5,5,5,5,1,1,3
Rater_9,Person_33,5,5,3,4,4,0,0,2
Rater_9,Person_34,4,5,2,5,5,2,0,1
Rater_9,Person_35,5,5,4,5,5,3,2,3
Rater_9,Person_36,5,5,5,5,5,5,5,4
Rater_9,Person_37,5,4,5,5,5,3,3,4
Rater_9,Person_38,4,5,2,5,5,2,1,1
Rater_9,Person_39,4,4,1,5,3,0,0,0
Rater_9,Person_40,5,5,5,5,5,4,1,4
Rater_9,Person_41,5,5,5,5,5,2,5,5
Rater_9,Person_42,5,5,5,5,5,3,2,3
Rater_9,Person_43,4,5,2,5,4,2,1,0
Rater_9,Person_44,5,5,5,5,4,3,1,4
Rater_9,Person_45,4,5,5,5,5,2,3,3
Rater_9,Person_46,3,5,4,5,5,3,1,5
Rater_9,Person_47,5,5,5,5,5,4,5,5
Rater_9,Person_48,4,5,5,5,5,3,2,5
Rater_9,Person_49,4,5,5,5,5,5,3,4
Rater_9,Person_50,4,5,3,5,4,4,1,4
Rater_9,Person_51,5,5,3,5,5,1,2,3
Rater_9,Person_52,5,5,3,5,5,3,1,4
Rater_9,Person_53,3,3,0,3,3,0,0,0
Rater_9,Person_54,5,5,5,5,5,0,1,4
Rater_9,Person_55,4,5,2,4,5,0,2,2
Rater_9,Person_56,3,4,4,5,5,2,2,3
Rater_9,Person_57,4,5,4,5,5,1,1,2
Rater_9,Person_58,5,5,5,5,5,4,5,5
Rater_9,Person_59,3,4,2,5,5,0,0,2
Rater_9,Person_60,4,5,5,5,5,4,5,5
Rater_9,Person_61,4,3,0,4,2,0,0,0
Rater_9,Person_62,5,5,2,5,4,2,1,2
Rater_9,Person_63,4,5,3,5,4,1,1,3
Rater_9,Person_64,5,5,3,5,5,4,2,2
Rater_9,Person_65,5,5,5,5,4,2,3,3
Rater_9,Person_66,5,5,4,5,5,4,5,5
Rater_9,Person_67,5,5,3,5,5,2,2,2
Rater_9,Person_68,3,5,3,3,4,3,2,2
Rater_9,Person_69,5,5,5,5,5,2,3,5
Rater_9,Person_70,5,5,4,4,5,3,2,2
Rater_9,Person_71,4,5,1,5,1,1,0,0
Rater_9,Person_72,4,4,2,5,2,0,1,1
Rater_9,Person_73,4,5,3,4,3,0,0,1
Rater_9,Person_74,5,5,4,5,5,5,3,4
Rater_9,Person_75,5,5,2,5,5,2,3,2
Rater_9,Person_76,5,5,4,5,3,5,3,3
Rater_9,Person_77,4,5,3,5,5,2,2,3
Rater_9,Person_78,5,5,4,5,5,3,2,4
Rater_9,Person_79,4,5,4,5,5,2,2,4
Rater_9,Person_80,5,5,5,5,4,1,2,1
Rater_9,Person_81,5,5,4,5,5,1,4,2
Rater_9,Person_82,4,5,2,5,4,1,1,3
Rater_9,Person_83,4,5,3,5,4,2,0,2
Rater_9,Person_84,3,4,3,5,5,2,1,3
Rater_9,Person_85,4,4,3,5,3,1,1,2
Rater_9,Person_86,5,5,5,5,5,3,4,3
Rater_9,Person_87,4,5,5,4,5,1,0,2
Rater_9,Person_88,4,5,3,5,5,2,2,3
Rater_9,Person_89,5,5,5,5,4,4,4,3
Rater_9,Person_90,5,5,4,5,4,2,3,2
Rater_9,Person_91,5,5,4,5,5,4,4,5
Rater_9,Person_92,5,4,3,5,5,4,2,3
Rater_9,Person_93,4,5,2,4,5,0,2,1
Rater_9,Person_94,4,5,4,5,4,1,2,2
Rater_9,Person_95,2,3,2,3,2,0,0,0
Rater_9,Person_96,3,4,2,5,3,0,0,0
Rater_9,Person_97,1,5,2,5,2,0,0,0
Rater_9,Person_98,3,4,1,3,3,2,0,0
Rater_9,Person_99,5,5,5,5,5,2,4,5
Rater_9,Person_100,4,5,2,5,3,0,0,1
Rater_9,Person_101,4,5,4,5,5,2,0,2
Rater_9,Person_102,5,5,5,5,5,5,4,5
Rater_9,Person_103,5,5,4,5,4,2,1,2
Rater_9,Person_104,5,5,5,5,5,4,3,3
Rater_9,Person_105,4,4,2,3,4,1,0,1
Rater_9,Person_106,4,5,3,5,5,1,2,4
Rater_9,Person_107,4,4,2,4,3,2,1,0
Rater_9,Person_108,4,4,5,4,4,2,1,3
Rater_9,Person_109,5,5,5,5,5,3,3,4
Rater_9,Person_110,0,4,2,4,1,0,0,0
Rater_9,Person_111,5,5,4,5,5,4,3,4
Rater_9,Person_112,5,4,5,5,5,1,2,4
Rater_9,Person_113,5,5,2,5,5,1,1,2
Rater_9,Person_114,4,4,2,4,3,0,0,0
Rater_9,Person_115,4,4,3,5,4,3,1,3
Rater_9,Person_116,4,4,2,5,3,1,1,3
Rater_9,Person_117,5,5,4,5,5,1,2,1
Rater_9,Person_118,5,5,4,5,4,1,3,3
Rater_9,Person_119,5,5,4,5,5,4,5,5
Rater_9,Person_120,4,5,3,5,4,2,2,0
Rater_9,Person_121,4,5,2,4,4,2,0,1
Rater_9,Person_122,5,5,3,5,5,2,3,3
Rater_9,Person_123,5,5,5,5,5,3,2,3
Rater_9,Person_124,5,5,4,5,5,4,5,5
Rater_9,Person_125,5,5,5,5,5,5,5,2
Rater_9,Person_126,5,5,4,5,4,4,1,5
Rater_9,Person_127,5,5,5,5,5,5,5,4
Rater_9,Person_128,2,4,2,4,3,1,0,1
Rater_9,Person_129,3,5,2,4,3,0,2,2
Rater_9,Person_130,3,4,4,4,2,1,1,2
Rater_9,Person_131,5,5,5,5,5,0,3,2
Rater_9,Person_132,3,3,2,4,3,2,0,2
Rater_9,Person_133,4,5,5,5,5,2,3,4
Rater_9,Person_134,4,5,3,5,4,3,3,4
Rater_9,Person_135,2,2,0,3,2,0,0,1
Rater_9,Person_136,3,5,1,5,4,0,1,0
Rater_9,Person_137,4,5,4,5,5,2,5,4
Rater_9,Person_138,5,5,5,5,5,3,4,5
Rater_9,Person_139,5,5,5,5,5,5,4,5
Rater_9,Person_140,5,5,5,5,5,5,5,5
Rater_9,Person_141,5,5,5,5,5,3,0,4
Rater_9,Person_142,5,4,3,4,4,0,0,2
Rater_9,Person_143,1,2,0,3,1,0,0,0
Rater_9,Person_144,4,5,5,5,5,3,3,3
Rater_9,Person_145,4,4,4,5,4,1,1,3
Rater_9,Person_146,4,5,3,5,5,2,2,2
Rater_9,Person_147,4,4,2,5,5,0,1,2
Rater_9,Person_148,4,5,5,5,5,3,3,2
Rater_9,Person_149,5,5,5,5,5,5,4,5
Rater_9,Person_150,5,5,2,5,5,1,2,4
Rater_9,Person_151,5,5,4,5,5,3,2,4
Rater_9,Person_152,1,4,4,4,3,1,0,1
Rater_9,Person_153,3,3,1,3,1,0,0,0
Rater_9,Person_154,4,5,2,4,4,3,2,1
Rater_9,Person_155,3,5,4,5,5,2,0,3
Rater_9,Person_156,5,5,5,5,5,4,5,4
Rater_9,Person_157,5,4,4,5,5,3,2,2
Rater_9,Person_158,5,5,5,5,5,3,4,5
Rater_9,Person_159,5,5,4,5,3,1,0,1
Rater_9,Person_160,4,5,2,4,3,0,0,1
Rater_9,Person_161,5,5,2,5,3,1,1,1
Rater_9,Person_162,4,5,3,4,4,1,0,1
Rater_9,Person_163,5,5,5,5,5,5,5,4
Rater_9,Person_164,4,4,4,5,2,0,1,1
Rater_9,Person_165,5,5,4,5,4,3,3,5
Rater_9,Person_166,2,5,2,5,4,2,1,0
Rater_9,Person_167,5,5,5,5,5,3,3,5
Rater_9,Person_168,4,5,5,4,4,4,4,3
Rater_9,Person_169,4,5,4,5,5,3,2,2
Rater_9,Person_170,5,5,4,4,3,0,2,5
Rater_9,Person_171,4,5,4,5,4,1,1,0
Rater_9,Person_172,5,5,5,5,4,3,3,3
Rater_9,Person_173,4,5,4,5,5,1,2,3
Rater_9,Person_174,3,4,2,3,3,0,0,1
Rater_9,Person_175,3,4,3,5,2,0,1,3
Rater_9,Person_176,5,5,5,5,5,2,1,5
Rater_9,Person_177,5,5,5,5,5,5,3,5
Rater_9,Person_178,4,5,5,5,4,3,3,2
Rater_9,Person_179,5,5,5,5,4,3,3,3
Rater_9,Person_180,5,5,5,5,4,4,2,2
Rater_9,Person_181,5,5,5,5,5,5,4,5
Rater_9,Person_182,5,5,4,5,5,3,3,3
Rater_9,Person_183,5,5,5,4,3,2,2,3
Rater_9,Person_184,5,5,5,5,5,3,4,5
Rater_9,Person_185,5,5,5,5,5,4,3,3
Rater_9,Person_186,5,5,5,5,5,5,5,5
Rater_9,Person_187,5,5,5,5,5,2,2,4
Rater_9,Person_188,4,4,1,4,3,1,0,0
Rater_9,Person_189,2,4,1,4,2,0,0,1
Rater_9,Person_190,5,5,5,5,5,5,4,5
Rater_9,Person_191,5,5,5,5,5,5,5,5
Rater_9,Person_192,3,4,5,5,5,1,2,3
Rater_9,Person_193,4,5,2,5,3,2,2,2
Rater_9,Person_194,5,5,5,5,5,3,4,5
Rater_9,Person_195,2,5,1,4,2,0,0,0
Rater_9,Person_196,3,5,2,5,3,0,1,3
Rater_9,Person_197,5,5,4,5,5,3,3,2
Rater_9,Person_198,5,5,4,5,4,2,1,3
Rater_9,Person_199,5,5,3,5,4,2,3,3
Rater_9,Person_200,5,5,4,5,4,2,1,3
Rater_9,Person_201,5,5,4,5,5,3,1,3
Rater_9,Person_202,5,5,5,5,5,3,4,5
Rater_9,Person_203,5,5,4,5,5,2,2,4
Rater_9,Person_204,5,5,5,5,5,4,2,5
Rater_9,Person_205,1,3,0,2,5,0,0,0
Rater_9,Person_206,5,5,3,5,5,1,2,3
Rater_9,Person_207,3,4,2,3,5,2,1,2
Rater_9,Person_208,4,5,1,4,2,1,0,2
Rater_9,Person_209,5,4,3,4,3,0,0,0
Rater_9,Person_210,5,4,5,5,3,2,0,2
Rater_9,Person_211,5,5,5,5,5,3,3,4
Rater_9,Person_212,2,3,2,4,2,0,1,1
Rater_9,Person_213,5,5,5,5,4,0,2,2
Rater_9,Person_214,4,5,3,5,5,1,2,1
Rater_9,Person_215,5,5,3,4,3,0,0,3
Rater_9,Person_216,5,5,4,5,5,4,3,5
Rater_9,Person_217,5,5,5,5,5,3,3,4
Rater_9,Person_218,5,5,5,5,5,5,5,4
Rater_9,Person_219,5,5,2,5,5,1,1,4
Rater_9,Person_220,3,4,2,4,3,1,1,0
Rater_9,Person_221,5,5,4,5,4,1,2,2
Rater_9,Person_222,5,5,4,4,3,2,2,4
Rater_9,Person_223,5,5,3,5,5,3,4,3
Rater_9,Person_224,4,4,2,5,4,0,1,1
Rater_9,Person_225,3,5,5,5,5,0,4,2
Rater_9,Person_226,5,5,4,5,5,3,3,3
Rater_9,Person_227,5,5,5,5,5,5,4,5
Rater_9,Person_228,5,5,5,5,5,4,4,5
Rater_9,Person_229,3,5,2,4,3,2,0,2
Rater_9,Person_230,5,5,5,5,5,2,4,3
Rater_9,Person_231,0,4,3,4,2,0,0,0
Rater_9,Person_232,5,5,0,5,5,2,0,3
Rater_9,Person_233,5,5,5,5,5,3,4,2
Rater_9,Person_234,5,5,5,5,5,4,5,5
Rater_9,Person_235,4,5,3,4,4,2,2,1
Rater_9,Person_236,4,4,3,5,4,0,0,2
Rater_9,Person_237,1,4,2,3,1,0,0,0
Rater_9,Person_238,5,4,5,4,5,3,1,4
Rater_9,Person_239,5,4,1,5,3,0,1,1
Rater_9,Person_240,4,4,3,5,4,1,0,2
Rater_9,Person_241,5,4,2,4,4,1,0,1
Rater_9,Person_242,5,5,3,5,4,3,2,4
Rater_9,Person_243,1,3,1,2,2,0,0,0
Rater_9,Person_244,2,2,1,5,3,0,1,0
Rater_9,Person_245,5,5,5,5,5,4,5,5
Rater_9,Person_246,5,5,2,4,3,0,1,1
Rater_9,Person_247,3,4,2,5,5,0,0,0
Rater_9,Person_248,5,5,5,5,5,5,4,5
Rater_9,Person_249,5,5,5,5,5,5,5,5
Rater_9,Person_250,3,4,3,5,3,0,0,2
Rater_9,Person_251,4,4,4,5,5,1,3,3
Rater_9,Person_252,5,5,5,5,5,4,3,4
Rater_9,Person_253,5,5,5,5,5,4,4,5
Rater_9,Person_254,5,5,3,5,2,1,1,3
Rater_9,Person_255,5,5,4,4,4,2,2,2
Rater_9,Person_256,5,5,5,5,5,4,5,4
Rater_9,Person_257,5,5,3,5,5,2,4,3
Rater_9,Person_258,5,5,3,5,3,2,0,4
Rater_9,Person_259,5,5,4,5,4,1,2,3
Rater_9,Person_260,3,3,0,4,3,0,0,0
Rater_9,Person_261,5,4,5,5,5,2,1,1
Rater_9,Person_262,5,5,3,5,4,2,1,4
Rater_9,Person_263,5,5,5,5,5,3,1,4
Rater_9,Person_264,4,4,5,5,4,2,2,2
Rater_9,Person_265,5,5,3,5,5,5,5,4
Rater_9,Person_266,5,5,5,5,5,4,3,5
Rater_9,Person_267,5,5,5,5,5,2,2,3
Rater_9,Person_268,5,5,4,5,5,3,2,3
Rater_9,Person_269,4,5,3,5,5,2,2,4
Rater_9,Person_270,3,5,3,5,4,2,2,3
Rater_9,Person_271,4,4,3,5,1,1,0,2
Rater_9,Person_272,5,5,4,5,5,4,1,4
Rater_9,Person_273,5,5,2,4,5,3,0,2
Rater_9,Person_274,5,5,5,5,5,5,5,5
Rater_9,Person_275,5,5,5,5,5,5,4,5
Rater_9,Person_276,5,5,5,5,5,3,3,4
Rater_9,Person_277,4,5,3,5,4,1,1,2
Rater_9,Person_278,2,5,1,5,1,0,0,1
Rater_9,Person_279,5,5,5,5,5,4,4,5
Rater_9,Person_280,5,5,5,5,5,3,2,4
Rater_9,Person_281,4,5,5,5,5,4,3,4
Rater_9,Person_282,2,4,1,4,3,0,1,0
Rater_9,Person_283,5,5,4,5,5,2,3,4
Rater_9,Person_284,5,5,4,5,5,1,3,3
Rater_9,Person_285,1,3,2,5,3,0,0,1
Rater_9,Person_286,3,5,4,5,4,0,0,2
Rater_9,Person_287,5,5,5,5,5,4,1,4
Rater_9,Person_288,5,4,5,5,5,0,0,3
Rater_9,Person_289,4,5,5,5,3,2,1,3
Rater_9,Person_290,5,5,4,5,3,3,2,3
Rater_9,Person_291,5,5,4,5,4,1,1,3
Rater_9,Person_292,4,5,3,4,5,2,3,2
Rater_9,Person_293,5,5,5,5,5,5,5,5
Rater_9,Person_294,2,1,0,1,2,0,0,0
Rater_9,Person_295,5,5,2,5,5,0,1,3
Rater_9,Person_296,4,5,3,5,5,1,1,4
Rater_9,Person_297,5,5,4,5,5,1,3,4
Rater_9,Person_298,4,5,5,5,5,0,2,3
Rater_9,Person_299,2,2,2,4,1,0,0,2
Rater_9,Person_300,4,5,4,4,5,4,2,3
Rater_9,Person_301,5,5,5,5,5,4,4,5
Rater_9,Person_302,1,4,2,3,2,0,0,0
Rater_9,Person_303,5,5,5,5,5,5,3,4
Rater_9,Person_304,5,5,4,5,4,2,1,2
Rater_9,Person_305,5,4,3,5,5,2,2,3
Rater_9,Person_306,3,3,3,4,3,0,0,1
Rater_9,Person_307,4,5,4,5,5,2,2,3
Rater_9,Person_308,5,5,5,5,5,3,3,4
Rater_9,Person_309,5,5,5,5,4,3,3,5
Rater_9,Person_310,5,5,5,5,5,4,4,5
Rater_9,Person_311,5,5,5,4,5,5,4,5
Rater_9,Person_312,5,5,5,5,5,4,2,3
Rater_9,Person_313,5,5,5,5,5,4,5,5
Rater_9,Person_314,4,5,5,5,5,4,1,3
Rater_9,Person_315,5,5,5,5,4,3,3,5
Rater_9,Person_316,5,4,4,4,4,2,0,1
Rater_9,Person_317,4,5,4,5,5,1,0,5
Rater_9,Person_318,3,3,2,5,5,1,0,2
Rater_9,Person_319,5,5,5,5,5,4,2,4
Rater_9,Person_320,3,5,2,5,2,2,0,0
Rater_9,Person_321,5,5,5,5,5,3,2,5
Rater_9,Person_322,5,5,3,5,5,2,1,2
Rater_9,Person_323,5,5,5,5,5,3,4,4
Rater_9,Person_324,5,5,5,5,5,4,3,3
Rater_9,Person_325,5,5,5,5,5,5,5,5
Rater_9,Person_326,5,5,5,5,5,4,3,5
Rater_9,Person_327,4,4,0,4,2,0,0,0
Rater_9,Person_328,5,5,4,5,5,2,2,3
Rater_9,Person_329,3,4,1,4,4,1,0,2
Rater_9,Person_330,3,4,4,4,5,3,0,1
Rater_9,Person_331,5,5,5,5,5,4,5,5
Rater_9,Person_332,4,5,4,5,5,4,3,5
Rater_9,Person_333,4,4,4,5,4,0,1,1
Rater_9,Person_334,4,4,3,5,4,0,0,0
Rater_9,Person_335,5,5,5,5,4,2,4,3
Rater_9,Person_336,4,4,3,4,2,1,0,1
Rater_9,Person_337,4,5,2,4,4,2,1,2
Rater_9,Person_338,5,5,3,5,4,1,4,4
Rater_9,Person_339,5,5,5,5,5,3,3,4
Rater_9,Person_340,5,5,5,5,4,2,3,5
Rater_9,Person_341,2,2,0,3,0,1,0,0
Rater_9,Person_342,5,5,5,5,5,3,1,4
Rater_9,Person_343,5,5,4,5,4,2,2,3
Rater_9,Person_344,5,5,5,5,5,3,1,3
Rater_9,Person_345,5,5,5,5,5,5,5,5
Rater_9,Person_346,1,2,2,3,2,0,0,0
Rater_9,Person_347,3,4,3,5,4,0,0,0
Rater_9,Person_348,5,5,5,5,5,2,2,3
Rater_9,Person_349,3,3,1,4,3,0,0,0
Rater_9,Person_350,5,5,5,5,5,4,5,5
Rater_9,Person_351,4,5,4,5,5,1,2,4
Rater_9,Person_352,5,5,5,5,5,4,3,5
Rater_9,Person_353,5,5,5,5,5,0,1,2
Rater_9,Person_354,5,5,5,5,5,5,4,5
Rater_9,Person_355,5,5,4,5,5,4,5,3
Rater_9,Person_356,5,5,4,5,5,2,1,3
Rater_9,Person_357,5,5,5,5,5,3,1,2
Rater_9,Person_358,5,5,4,5,5,1,4,4
Rater_9,Person_359,4,5,2,4,4,1,0,1
Rater_9,Person_360,5,5,4,5,5,1,2,2
Rater_9,Person_361,4,5,3,5,4,1,3,2
Rater_9,Person_362,4,5,5,5,5,3,4,3
Rater_9,Person_363,5,5,5,5,5,4,5,5
Rater_9,Person_364,5,4,2,4,3,1,1,2
Rater_9,Person_365,5,5,5,5,5,2,1,4
Rater_9,Person_366,5,5,5,5,5,5,3,5
Rater_9,Person_367,4,5,3,4,5,0,1,1
Rater_9,Person_368,2,5,3,5,4,2,0,1
Rater_9,Person_369,4,5,4,5,5,2,2,2
Rater_9,Person_370,5,5,5,5,5,4,5,5
Rater_9,Person_371,5,4,3,5,4,2,1,3
Rater_9,Person_372,5,5,4,5,5,4,4,4
Rater_9,Person_373,5,5,5,5,5,3,2,5
Rater_9,Person_374,5,5,5,5,5,1,3,4
Rater_9,Person_375,5,5,5,5,5,3,3,5
Rater_9,Person_376,5,5,5,5,5,5,4,5
Rater_9,Person_377,4,5,5,5,5,1,1,2
Rater_9,Person_378,1,2,0,2,1,0,0,0
Rater_9,Person_379,5,5,5,5,5,5,5,5
Rater_9,Person_380,4,4,2,5,5,0,2,2
Rater_9,Person_381,5,5,2,5,5,1,2,3
Rater_9,Person_382,5,5,5,5,5,5,5,5
Rater_9,Person_383,2,4,1,5,2,0,0,0
Rater_9,Person_384,2,4,1,4,3,0,0,0
Rater_9,Person_385,2,4,1,3,3,0,1,0
Rater_9,Person_386,3,5,2,5,5,0,0,1
Rater_9,Person_387,5,5,5,5,5,2,2,5
Rater_9,Person_388,5,5,5,5,5,4,3,3
Rater_9,Person_389,5,5,4,5,5,2,2,4
Rater_9,Person_390,4,4,2,2,4,1,0,2
Rater_9,Person_391,1,1,0,3,2,0,0,1
Rater_9,Person_392,5,5,4,5,5,2,2,4
Rater_9,Person_393,4,5,2,5,5,1,0,2
Rater_9,Person_394,5,5,5,5,5,2,3,5
Rater_9,Person_395,5,5,5,5,5,5,3,3
Rater_9,Person_396,5,5,4,5,5,2,1,3
Rater_9,Person_397,5,5,5,5,4,3,2,4
Rater_9,Person_398,5,5,5,5,5,1,2,5
Rater_9,Person_399,4,5,4,5,5,3,2,4
Rater_9,Person_400,4,5,3,4,5,0,0,1
Rater_9,Person_401,5,5,3,5,5,3,3,4
Rater_9,Person_402,5,5,4,5,5,4,3,5
Rater_9,Person_403,5,5,5,5,5,3,1,5
Rater_9,Person_404,5,4,4,5,3,1,1,1
Rater_9,Person_405,5,5,5,5,5,2,1,3
Rater_9,Person_406,3,5,4,5,5,2,2,1
Rater_9,Person_407,5,5,5,5,4,2,3,3
Rater_9,Person_408,5,5,5,5,5,2,4,4
Rater_9,Person_409,1,2,2,3,1,0,1,0
Rater_9,Person_410,3,5,1,4,4,0,0,1
Rater_9,Person_411,3,5,1,3,2,1,1,0
Rater_9,Person_412,2,3,0,2,0,0,0,1
Rater_9,Person_413,3,5,1,4,3,1,1,2
Rater_9,Person_414,5,5,5,5,5,3,3,4
Rater_9,Person_415,5,5,3,5,4,2,0,3
Rater_9,Person_416,5,4,3,5,5,3,2,4
Rater_9,Person_417,5,5,5,5,5,2,4,3
Rater_9,Person_418,5,5,5,5,5,5,4,4
Rater_9,Person_419,5,5,3,5,5,2,2,3
Rater_9,Person_420,5,5,5,5,5,3,5,5
Rater_9,Person_421,5,5,4,5,5,4,2,3
Rater_9,Person_422,4,2,3,5,3,0,2,1
Rater_9,Person_423,2,5,4,5,4,2,0,0
Rater_9,Person_424,1,4,1,4,4,0,0,2
Rater_9,Person_425,3,4,1,5,3,1,2,2
Rater_9,Person_426,4,5,3,5,3,3,1,1
Rater_9,Person_427,5,5,5,5,5,3,5,5
Rater_9,Person_428,5,5,4,5,5,5,5,5
Rater_9,Person_429,3,3,1,4,4,0,0,1
Rater_9,Person_430,5,5,4,5,5,4,1,3
Rater_9,Person_431,2,5,1,4,3,2,1,0
Rater_9,Person_432,5,5,4,5,5,2,3,3
Rater_9,Person_433,5,5,4,5,4,3,3,2
Rater_9,Person_434,2,4,0,4,3,0,0,0
Rater_9,Person_435,5,5,5,5,5,4,3,5
Rater_9,Person_436,2,3,3,5,4,2,1,0
Rater_9,Person_437,5,5,3,5,4,0,2,3
Rater_9,Person_438,4,4,2,4,3,0,1,0
Rater_9,Person_439,4,5,3,5,3,1,0,3
Rater_9,Person_440,5,5,4,5,5,4,1,5
Rater_9,Person_441,5,5,2,5,4,2,1,4
Rater_9,Person_442,4,5,3,5,4,3,2,5
Rater_9,Person_443,5,5,4,5,5,3,2,4
Rater_9,Person_444,5,5,5,5,5,5,4,4
Rater_9,Person_445,3,5,2,5,3,0,1,1
Rater_9,Person_446,2,4,0,5,3,0,0,0
Rater_9,Person_447,5,5,4,5,5,4,3,5
Rater_9,Person_448,5,5,4,4,5,0,1,2
Rater_9,Person_449,5,5,5,5,5,3,3,5
Rater_9,Person_450,5,5,5,5,5,1,2,3
Rater_9,Person_451,5,5,3,5,5,1,2,3
Rater_9,Person_452,5,5,5,5,5,2,1,4
Rater_9,Person_453,5,5,5,5,5,3,4,5
Rater_9,Person_454,5,5,5,5,5,4,4,4
Rater_9,Person_455,5,5,3,5,5,2,3,5
Rater_9,Person_456,4,4,3,5,5,2,2,3
Rater_9,Person_457,5,5,4,5,5,4,3,4
Rater_9,Person_458,4,5,1,5,4,0,0,1
Rater_9,Person_459,5,5,5,5,5,4,3,4
Rater_9,Person_460,5,5,3,5,5,2,1,3
Rater_9,Person_461,5,5,5,5,5,3,3,3
Rater_9,Person_462,5,3,2,5,4,1,1,0
Rater_9,Person_463,4,4,0,3,2,0,0,3
Rater_9,Person_464,0,4,0,4,3,0,0,1
Rater_9,Person_465,4,5,3,5,2,0,0,2
Rater_9,Person_466,5,5,4,4,5,1,1,3
Rater_9,Person_467,4,5,5,4,5,3,1,2
Rater_9,Person_468,5,5,5,5,5,5,5,5
Rater_9,Person_469,5,5,5,5,5,4,4,5
Rater_9,Person_470,3,3,1,4,2,1,0,1
Rater_9,Person_471,5,5,5,5,5,4,3,5
Rater_9,Person_472,5,5,3,5,5,0,2,2
Rater_9,Person_473,3,4,3,5,4,1,1,3
Rater_9,Person_474,4,4,4,4,5,3,2,3
Rater_9,Person_475,5,5,5,5,5,2,4,3
Rater_9,Person_476,5,5,2,5,5,0,2,3
Rater_9,Person_477,5,5,5,5,5,4,3,5
Rater_9,Person_478,3,2,1,4,3,0,0,1
Rater_9,Person_479,5,5,2,5,5,2,1,3
Rater_9,Person_480,5,5,5,5,5,5,4,5
Rater_9,Person_481,5,5,3,5,5,2,3,4
Rater_9,Person_482,5,5,5,5,5,4,4,5
Rater_9,Person_483,5,5,5,5,5,2,2,2
Rater_9,Person_484,5,5,5,4,5,3,2,4
Rater_9,Person_485,5,5,3,5,5,2,0,2
Rater_9,Person_486,5,5,4,3,4,2,1,4
Rater_9,Person_487,4,5,1,4,4,1,0,2
Rater_9,Person_488,5,5,4,5,5,2,4,4
Rater_9,Person_489,3,4,3,4,2,0,1,0
Rater_9,Person_490,5,5,5,5,5,3,5,4
Rater_9,Person_491,5,5,5,5,5,4,5,4
Rater_9,Person_492,5,4,4,5,4,4,2,3
Rater_9,Person_493,4,5,4,5,4,1,0,2
Rater_9,Person_494,4,5,5,5,5,3,3,3
Rater_9,Person_495,3,5,4,4,4,1,2,2
Rater_9,Person_496,5,5,5,5,5,4,3,5
Rater_9,Person_497,2,2,0,2,1,0,1,0
Rater_9,Person_498,3,5,4,5,4,2,0,2
Rater_9,Person_499,0,3,1,4,2,0,1,0
Rater_9,Person_500,2,4,2,4,3,1,0,0
Rater_10,Person_1,3,5,3,5,4,2,1,3
Rater_10,Person_2,3,2,2,3,2,1,1,1
Rater_10,Person_3,5,5,4,5,5,3,3,4
Rater_10,Person_4,5,5,4,5,5,3,3,4
Rater_10,Person_5,2,0,1,2,2,0,0,0
Rater_10,Person_6,2,3,0,3,1,0,0,0
Rater_10,Person_7,5,4,3,5,4,2,2,3
Rater_10,Person_8,3,4,2,5,3,0,0,2
Rater_10,Person_9,4,4,3,5,2,2,2,2
Rater_10,Person_10,2,3,2,3,2,1,2,1
Rater_10,Person_11,4,5,4,5,4,4,3,3
Rater_10,Person_12,5,5,4,5,4,1,3,4
Rater_10,Person_13,4,4,3,3,3,2,2,2
Rater_10,Person_14,5,5,5,5,5,2,3,3
Rater_10,Person_15,4,4,3,4,4,4,3,2
Rater_10,Person_16,3,2,1,3,2,1,2,1
Rater_10,Person_17,3,5,4,4,3,2,2,3
Rater_10,Person_18,2,4,1,4,2,0,1,1
Rater_10,Person_19,5,5,3,4,4,3,3,3
Rater_10,Person_20,3,5,3,5,4,1,2,3
Rater_10,Person_21,2,2,2,3,2,2,1,2
Rater_10,Person_22,4,5,3,3,2,2,0,1
Rater_10,Person_23,5,5,5,5,5,2,4,4
Rater_10,Person_24,3,3,2,4,3,2,2,2
Rater_10,Person_25,3,3,3,4,2,0,1,1
Rater_10,Person_26,2,5,2,4,3,2,1,3
Rater_10,Person_27,4,4,5,4,5,2,2,4
Rater_10,Person_28,4,4,3,4,4,3,3,2
Rater_10,Person_29,4,5,4,4,4,3,1,2
Rater_10,Person_30,3,4,4,5,4,2,3,3
Rater_10,Person_31,5,5,5,5,5,4,3,5
Rater_10,Person_32,2,3,1,4,4,3,1,3
Rater_10,Person_33,3,2,2,4,2,2,1,3
Rater_10,Person_34,3,4,1,3,3,0,0,1
Rater_10,Person_35,3,5,3,4,4,3,2,4
Rater_10,Person_36,5,5,5,5,5,3,3,3
Rater_10,Person_37,3,4,4,4,2,2,2,1
Rater_10,Person_38,3,3,2,3,3,1,0,1
Rater_10,Person_39,3,4,1,2,3,1,1,1
Rater_10,Person_40,3,4,4,4,3,3,3,4
Rater_10,Person_41,5,4,5,4,5,3,2,5
Rater_10,Person_42,4,5,3,3,4,4,2,3
Rater_10,Person_43,3,3,3,3,3,1,1,2
Rater_10,Person_44,4,5,5,4,3,2,2,3
Rater_10,Person_45,3,4,4,4,4,2,2,3
Rater_10,Person_46,3,3,2,4,3,2,2,2
Rater_10,Person_47,3,5,4,4,4,4,3,3
Rater_10,Person_48,3,3,3,4,4,3,2,3
Rater_10,Person_49,4,5,4,5,2,3,3,3
Rater_10,Person_50,3,4,4,4,4,3,2,3
Rater_10,Person_51,4,4,4,4,4,4,2,4
Rater_10,Person_52,3,4,4,4,4,3,3,3
Rater_10,Person_53,1,2,0,1,2,0,1,0
Rater_10,Person_54,4,4,3,4,3,2,2,1
Rater_10,Person_55,3,3,1,5,3,2,2,2
Rater_10,Person_56,3,4,2,3,3,1,2,1
Rater_10,Person_57,3,3,3,3,3,2,2,2
Rater_10,Person_58,5,5,5,5,4,4,4,4
Rater_10,Person_59,4,4,2,3,3,0,1,2
Rater_10,Person_60,5,4,3,5,4,4,4,4
Rater_10,Person_61,1,2,1,4,1,0,0,0
Rater_10,Person_62,3,2,3,4,3,1,1,3
Rater_10,Person_63,3,3,3,4,4,2,3,3
Rater_10,Person_64,4,3,5,5,4,2,3,3
Rater_10,Person_65,4,5,4,5,4,3,4,3
Rater_10,Person_66,3,5,3,5,4,3,1,4
Rater_10,Person_67,4,5,2,4,3,2,1,3
Rater_10,Person_68,3,4,2,4,3,1,0,2
Rater_10,Person_69,5,5,4,5,4,3,3,2
Rater_10,Person_70,5,4,3,5,4,1,2,1
Rater_10,Person_71,2,3,1,3,4,1,0,1
Rater_10,Person_72,2,3,1,3,2,2,1,1
Rater_10,Person_73,3,4,3,3,3,1,1,2
Rater_10,Person_74,4,5,5,5,4,2,2,3
Rater_10,Person_75,4,4,2,4,4,1,2,1
Rater_10,Person_76,5,5,4,5,4,4,3,4
Rater_10,Person_77,2,2,2,4,4,2,0,1
Rater_10,Person_78,3,5,3,3,2,2,3,1
Rater_10,Person_79,4,5,5,5,4,2,1,3
Rater_10,Person_80,2,4,3,5,3,1,1,1
Rater_10,Person_81,4,4,4,4,4,3,3,3
Rater_10,Person_82,2,3,2,2,3,1,0,2
Rater_10,Person_83,3,3,3,4,5,1,1,1
Rater_10,Person_84,3,4,3,4,3,1,1,2
Rater_10,Person_85,3,2,2,3,3,1,0,1
Rater_10,Person_86,3,4,3,5,3,1,3,3
Rater_10,Person_87,2,4,3,2,3,0,2,2
Rater_10,Person_88,4,4,2,4,2,2,0,2
Rater_10,Person_89,5,5,4,5,3,1,4,4
Rater_10,Person_90,4,4,3,5,4,1,3,4
Rater_10,Person_91,4,3,3,4,3,3,2,2
Rater_10,Person_92,4,4,3,3,4,2,1,2
Rater_10,Person_93,4,4,2,2,3,3,1,2
Rater_10,Person_94,4,5,3,5,3,2,2,2
Rater_10,Person_95,1,2,1,3,3,0,0,1
Rater_10,Person_96,2,3,2,2,2,0,1,0
Rater_10,Person_97,2,2,1,3,2,1,1,2
Rater_10,Person_98,1,2,1,3,3,0,1,2
Rater_10,Person_99,3,5,3,4,3,2,3,3
Rater_10,Person_100,2,3,1,2,2,0,1,0
Rater_10,Person_101,2,5,2,4,2,2,1,2
Rater_10,Person_102,5,4,4,5,4,4,4,4
Rater_10,Person_103,2,3,2,4,3,1,1,2
Rater_10,Person_104,5,4,3,5,3,3,2,4
Rater_10,Person_105,1,4,1,3,3,1,0,3
Rater_10,Person_106,4,4,4,4,3,3,2,3
Rater_10,Person_107,1,4,2,3,2,1,1,1
Rater_10,Person_108,3,3,4,3,4,2,1,3
Rater_10,Person_109,3,5,4,5,4,2,4,4
Rater_10,Person_110,1,2,1,2,2,1,0,2
Rater_10,Person_111,5,3,4,5,3,1,2,4
Rater_10,Person_112,3,4,3,5,4,3,2,3
Rater_10,Person_113,3,3,1,3,3,2,0,2
Rater_10,Person_114,3,3,1,3,2,1,0,0
Rater_10,Person_115,4,4,2,4,4,2,2,2
Rater_10,Person_116,4,3,2,3,3,1,2,2
Rater_10,Person_117,4,3,2,4,3,1,1,3
Rater_10,Person_118,4,3,3,4,4,3,2,3
Rater_10,Person_119,5,5,5,5,5,4,4,3
Rater_10,Person_120,3,4,3,4,4,1,2,2
Rater_10,Person_121,3,3,1,2,2,1,0,1
Rater_10,Person_122,4,4,3,4,4,1,2,3
Rater_10,Person_123,4,5,4,5,5,2,2,4
Rater_10,Person_124,5,5,5,5,4,3,3,3
Rater_10,Person_125,5,5,4,5,3,3,4,4
Rater_10,Person_126,4,4,2,5,5,3,2,3
Rater_10,Person_127,5,5,5,5,5,3,3,3
Rater_10,Person_128,3,2,2,3,3,1,1,2
Rater_10,Person_129,3,3,2,3,2,0,3,0
Rater_10,Person_130,3,3,2,5,3,1,0,1
Rater_10,Person_131,4,4,2,4,3,2,1,3
Rater_10,Person_132,3,4,1,3,2,0,1,2
Rater_10,Person_133,5,3,4,4,3,1,2,3
Rater_10,Person_134,3,3,2,3,2,1,1,2
Rater_10,Person_135,2,3,1,1,1,1,0,2
Rater_10,Person_136,2,2,0,3,2,1,0,2
Rater_10,Person_137,5,4,4,4,4,3,3,4
Rater_10,Person_138,5,5,4,5,4,2,2,3
Rater_10,Person_139,5,5,5,5,5,4,3,5
Rater_10,Person_140,5,5,5,5,5,5,5,5
Rater_10,Person_141,3,4,4,4,4,1,3,2
Rater_10,Person_142,2,3,1,3,3,0,2,2
Rater_10,Person_143,1,1,2,3,2,2,0,0
Rater_10,Person_144,3,5,1,5,3,2,1,3
Rater_10,Person_145,2,3,2,3,3,1,2,1
Rater_10,Person_146,3,4,2,3,4,2,1,1
Rater_10,Person_147,3,4,2,4,2,1,0,2
Rater_10,Person_148,4,4,3,4,3,2,2,3
Rater_10,Person_149,5,5,4,5,4,3,2,2
Rater_10,Person_150,4,5,2,4,5,1,1,2
Rater_10,Person_151,4,4,3,4,4,2,1,2
Rater_10,Person_152,2,3,1,2,2,1,1,1
Rater_10,Person_153,1,1,2,3,2,0,0,0
Rater_10,Person_154,2,4,3,4,2,1,0,2
Rater_10,Person_155,4,4,2,5,4,3,1,2
Rater_10,Person_156,5,5,4,5,5,4,5,5
Rater_10,Person_157,4,5,4,5,4,2,1,3
Rater_10,Person_158,4,5,3,5,5,3,4,4
Rater_10,Person_159,3,3,3,4,2,2,2,2
Rater_10,Person_160,3,2,2,4,2,0,0,2
Rater_10,Person_161,2,2,2,2,2,0,1,0
Rater_10,Person_162,2,3,1,3,3,1,0,1
Rater_10,Person_163,5,5,4,5,5,4,3,5
Rater_10,Person_164,3,4,2,3,2,1,1,1
Rater_10,Person_165,4,5,5,5,4,3,3,2
Rater_10,Person_166,2,4,2,3,2,1,2,1
Rater_10,Person_167,5,5,3,5,5,4,3,4
Rater_10,Person_168,4,5,3,5,4,1,1,3
Rater_10,Person_169,4,4,3,3,3,2,2,2
Rater_10,Person_170,3,4,2,4,4,2,3,2
Rater_10,Person_171,4,2,2,4,2,1,1,2
Rater_10,Person_172,4,4,4,5,5,2,1,3
Rater_10,Person_173,3,4,2,4,2,1,2,1
Rater_10,Person_174,2,3,1,3,3,0,0,1
Rater_10,Person_175,2,2,2,3,3,0,0,2
Rater_10,Person_176,5,4,3,5,4,2,3,2
Rater_10,Person_177,5,5,4,5,5,3,2,4
Rater_10,Person_178,4,4,3,4,4,1,2,1
Rater_10,Person_179,4,5,3,3,3,2,1,3
Rater_10,Person_180,4,5,3,4,5,3,2,3
Rater_10,Person_181,5,5,5,5,5,3,3,4
Rater_10,Person_182,3,4,3,4,4,2,2,3
Rater_10,Person_183,2,4,3,5,3,2,1,1
Rater_10,Person_184,5,5,4,5,5,3,3,4
Rater_10,Person_185,3,5,3,5,3,2,2,2
Rater_10,Person_186,5,5,5,5,5,4,3,3
Rater_10,Person_187,3,4,3,4,4,2,3,2
Rater_10,Person_188,3,3,2,2,3,0,1,1
Rater_10,Person_189,2,1,2,3,3,0,0,1
Rater_10,Person_190,4,5,4,5,4,4,3,5
Rater_10,Person_191,5,5,5,5,5,4,3,5
Rater_10,Person_192,3,3,4,4,5,2,1,1
Rater_10,Person_193,3,4,4,4,3,1,2,1
Rater_10,Person_194,5,5,4,5,5,4,4,5
Rater_10,Person_195,2,2,1,3,3,0,1,2
Rater_10,Person_196,3,2,2,2,3,1,0,1
Rater_10,Person_197,5,5,4,5,5,2,3,2
Rater_10,Person_198,2,3,2,5,4,2,0,3
Rater_10,Person_199,4,3,3,3,2,3,2,3
Rater_10,Person_200,3,3,4,3,2,1,2,3
Rater_10,Person_201,4,5,5,5,4,4,3,2
Rater_10,Person_202,5,5,5,5,5,4,3,5
Rater_10,Person_203,4,4,3,4,3,1,2,3
Rater_10,Person_204,5,5,3,3,3,3,1,3
Rater_10,Person_205,1,1,1,2,0,1,0,0
Rater_10,Person_206,3,5,2,5,3,2,2,2
Rater_10,Person_207,3,3,2,3,2,0,2,2
Rater_10,Person_208,2,4,1,3,4,0,1,1
Rater_10,Person_209,3,5,3,3,2,1,2,1
Rater_10,Person_210,3,3,3,3,3,1,2,4
Rater_10,Person_211,5,4,4,5,4,4,3,3
Rater_10,Person_212,3,2,2,2,2,0,0,1
Rater_10,Person_213,4,3,3,5,3,2,2,2
Rater_10,Person_214,2,5,3,4,2,1,0,3
Rater_10,Person_215,4,4,3,5,4,1,1,2
Rater_10,Person_216,5,5,4,5,4,2,4,3
Rater_10,Person_217,4,4,3,4,4,3,2,2
Rater_10,Person_218,3,5,4,5,4,4,3,4
Rater_10,Person_219,3,4,1,3,3,1,1,2
Rater_10,Person_220,3,3,3,3,4,1,1,1
Rater_10,Person_221,3,5,3,3,4,1,1,2
Rater_10,Person_222,5,4,2,5,3,3,0,3
Rater_10,Person_223,4,5,2,4,4,3,1,4
Rater_10,Person_224,2,3,1,3,2,2,1,2
Rater_10,Person_225,4,4,3,3,3,2,2,2
Rater_10,Person_226,3,5,3,5,4,2,2,4
Rater_10,Person_227,5,5,5,5,5,4,3,5
Rater_10,Person_228,5,5,5,5,4,4,4,4
Rater_10,Person_229,2,3,2,4,2,2,1,1
Rater_10,Person_230,3,5,4,3,4,2,1,3
Rater_10,Person_231,1,3,1,4,2,1,0,1
Rater_10,Person_232,2,3,2,3,3,1,2,1
Rater_10,Person_233,3,5,2,5,4,2,3,4
Rater_10,Person_234,4,5,4,5,5,4,2,3
Rater_10,Person_235,2,4,0,4,3,1,0,2
Rater_10,Person_236,3,3,2,4,3,1,1,3
Rater_10,Person_237,0,1,1,2,2,0,0,1
Rater_10,Person_238,2,4,3,5,4,1,2,2
Rater_10,Person_239,3,3,2,3,3,2,0,1
Rater_10,Person_240,4,3,3,3,2,3,0,2
Rater_10,Person_241,3,3,2,4,3,1,1,2
Rater_10,Person_242,4,3,2,3,4,3,2,2
Rater_10,Person_243,1,3,0,2,2,0,1,1
Rater_10,Person_244,0,2,2,3,3,0,0,1
Rater_10,Person_245,4,5,4,5,5,3,4,5
Rater_10,Person_246,3,3,2,3,2,1,0,3
Rater_10,Person_247,3,5,0,3,3,2,1,0
Rater_10,Person_248,5,5,5,5,5,4,3,5
Rater_10,Person_249,5,5,5,5,5,4,4,5
Rater_10,Person_250,1,2,1,3,4,0,0,0
Rater_10,Person_251,3,2,3,3,3,1,1,0
Rater_10,Person_252,5,5,2,5,4,2,2,2
Rater_10,Person_253,5,5,5,5,5,4,4,5
Rater_10,Person_254,2,4,1,2,2,0,0,1
Rater_10,Person_255,3,4,2,4,3,2,2,2
Rater_10,Person_256,4,5,5,3,5,2,3,3
Rater_10,Person_257,5,5,3,5,3,1,2,3
Rater_10,Person_258,3,4,2,4,2,1,2,2
Rater_10,Person_259,3,3,3,4,4,1,2,2
Rater_10,Person_260,2,2,1,3,2,1,0,0
Rater_10,Person_261,3,4,2,3,3,1,2,2
Rater_10,Person_262,2,3,4,4,3,2,0,3
Rater_10,Person_263,4,4,4,5,4,2,2,3
Rater_10,Person_264,2,3,3,3,3,2,2,2
Rater_10,Person_265,4,4,4,5,3,2,2,2
Rater_10,Person_266,4,5,4,5,5,2,2,4
Rater_10,Person_267,5,3,3,5,3,2,3,3
Rater_10,Person_268,3,3,3,5,4,2,3,3
Rater_10,Person_269,5,4,2,4,4,2,2,3
Rater_10,Person_270,3,3,2,5,3,2,2,3
Rater_10,Person_271,2,2,2,3,2,1,1,2
Rater_10,Person_272,4,5,3,5,4,1,2,3
Rater_10,Person_273,3,5,2,5,4,1,2,3
Rater_10,Person_274,5,5,4,5,5,3,5,5
Rater_10,Person_275,5,5,5,5,5,4,3,3
Rater_10,Person_276,4,4,5,5,4,3,3,4
Rater_10,Person_277,3,3,3,3,4,1,1,2
Rater_10,Person_278,2,3,2,3,1,0,1,1
Rater_10,Person_279,5,5,4,5,4,3,4,3
Rater_10,Person_280,3,4,4,4,2,3,2,3
Rater_10,Person_281,3,5,3,5,5,3,3,2
Rater_10,Person_282,2,3,0,2,1,1,0,0
Rater_10,Person_283,5,5,4,5,5,3,3,4
Rater_10,Person_284,3,5,3,5,4,2,2,2
Rater_10,Person_285,2,2,0,2,3,2,0,2
Rater_10,Person_286,2,5,2,5,2,1,2,2
Rater_10,Person_287,4,4,3,4,4,2,3,1
Rater_10,Person_288,3,3,2,5,4,2,2,4
Rater_10,Person_289,3,4,2,4,4,2,2,1
Rater_10,Person_290,3,5,2,4,4,3,2,2
Rater_10,Person_291,3,4,4,4,3,2,1,3
Rater_10,Person_292,5,4,3,4,3,2,0,2
Rater_10,Person_293,5,5,4,5,5,4,3,4
Rater_10,Person_294,0,1,0,1,0,0,0,2
Rater_10,Person_295,2,3,2,4,5,0,3,3
Rater_10,Person_296,3,4,3,4,5,2,1,2
Rater_10,Person_297,5,5,4,4,4,2,2,2
Rater_10,Person_298,3,4,3,4,2,1,1,2
Rater_10,Person_299,2,3,1,3,2,0,0,1
Rater_10,Person_300,4,5,4,4,4,2,1,3
Rater_10,Person_301,5,5,5,5,5,3,4,5
Rater_10,Person_302,1,2,1,3,2,0,1,1
Rater_10,Person_303,5,5,4,5,5,3,2,2
Rater_10,Person_304,3,5,2,3,3,2,2,1
Rater_10,Person_305,3,4,2,4,5,1,2,3
Rater_10,Person_306,4,3,2,4,2,1,1,0
Rater_10,Person_307,3,3,3,4,4,0,3,3
Rater_10,Person_308,5,5,5,5,5,3,2,2
Rater_10,Person_309,4,5,5,4,4,2,2,3
Rater_10,Person_310,5,5,5,5,5,4,2,3
Rater_10,Person_311,4,5,5,5,5,4,3,5
Rater_10,Person_312,3,4,4,4,3,2,3,3
Rater_10,Person_313,5,5,5,5,5,2,5,4
Rater_10,Person_314,5,4,3,5,5,0,1,2
Rater_10,Person_315,5,5,4,5,5,4,2,3
Rater_10,Person_316,3,3,3,4,2,0,3,2
Rater_10,Person_317,4,5,3,5,3,3,1,2
Rater_10,Person_318,3,3,2,3,2,0,0,1
Rater_10,Person_319,5,5,4,4,5,3,3,4
Rater_10,Person_320,2,3,0,3,1,0,1,2
Rater_10,Person_321,3,4,4,5,5,3,3,4
Rater_10,Person_322,3,4,3,4,3,1,1,2
Rater_10,Person_323,5,5,4,5,3,5,4,3
Rater_10,Person_324,3,5,4,4,4,2,2,4
Rater_10,Person_325,5,5,5,5,5,4,4,4
Rater_10,Person_326,5,5,4,5,4,3,2,4
Rater_10,Person_327,2,2,0,2,1,0,0,0
Rater_10,Person_328,2,4,5,4,3,1,3,2
Rater_10,Person_329,3,3,2,2,3,0,2,2
Rater_10,Person_330,3,5,2,4,3,0,1,3
Rater_10,Person_331,5,5,5,5,5,4,3,4
Rater_10,Person_332,5,4,4,4,5,1,2,3
Rater_10,Person_333,1,4,1,3,3,1,3,2
Rater_10,Person_334,2,3,1,2,2,0,1,0
Rater_10,Person_335,3,3,2,5,4,2,3,2
Rater_10,Person_336,2,2,1,3,2,1,1,1
Rater_10,Person_337,3,4,3,5,3,1,0,2
Rater_10,Person_338,4,5,4,5,4,2,2,2
Rater_10,Person_339,4,5,5,5,5,3,3,2
Rater_10,Person_340,4,4,2,5,5,3,3,2
Rater_10,Person_341,0,2,2,1,1,0,0,1
Rater_10,Person_342,4,5,3,5,4,2,3,2
Rater_10,Person_343,4,4,3,4,5,2,1,3
Rater_10,Person_344,3,4,4,5,3,1,3,2
Rater_10,Person_345,4,5,4,5,5,2,3,5
Rater_10,Person_346,1,2,1,2,2,0,0,0
Rater_10,Person_347,2,3,3,2,4,1,2,1
Rater_10,Person_348,4,4,2,4,4,2,1,4
Rater_10,Person_349,1,3,1,3,0,0,0,0
Rater_10,Person_350,5,5,4,5,4,2,4,5
Rater_10,Person_351,4,5,3,4,5,2,3,2
Rater_10,Person_352,5,4,4,5,5,2,2,3
Rater_10,Person_353,3,4,1,4,3,2,0,2
Rater_10,Person_354,5,5,4,5,3,2,2,3
Rater_10,Person_355,4,5,3,5,5,3,3,3
Rater_10,Person_356,4,4,3,5,3,2,1,3
Rater_10,Person_357,3,4,3,5,5,3,2,2
Rater_10,Person_358,4,5,3,5,3,2,2,3
Rater_10,Person_359,3,3,2,4,2,2,0,2
Rater_10,Person_360,3,4,2,5,3,1,2,4
Rater_10,Person_361,4,3,3,5,2,1,2,4
Rater_10,Person_362,4,4,4,5,3,2,2,2
Rater_10,Person_363,4,4,5,5,4,3,3,3
Rater_10,Person_364,2,3,2,3,2,1,1,2
Rater_10,Person_365,3,3,3,4,4,2,2,2
Rater_10,Person_366,5,5,3,5,4,3,3,5
Rater_10,Person_367,3,3,2,4,2,2,2,0
Rater_10,Person_368,2,3,3,2,2,1,1,1
Rater_10,Person_369,5,4,4,5,4,2,2,3
Rater_10,Person_370,4,4,4,5,4,2,2,5
Rater_10,Person_371,4,4,2,5,3,2,2,2
Rater_10,Person_372,5,5,4,4,5,4,3,3
Rater_10,Person_373,5,5,5,5,5,4,3,2
Rater_10,Person_374,5,5,3,4,5,3,3,4
Rater_10,Person_375,4,5,3,5,3,2,2,4
Rater_10,Person_376,5,5,5,5,5,5,4,5
Rater_10,Person_377,3,4,3,3,4,3,3,3
Rater_10,Person_378,1,3,1,2,0,0,0,0
Rater_10,Person_379,5,5,5,5,4,3,4,5
Rater_10,Person_380,4,4,1,5,3,1,2,2
Rater_10,Person_381,4,5,3,5,3,2,1,2
Rater_10,Person_382,4,5,4,5,5,3,3,3
Rater_10,Person_383,3,4,2,4,1,0,0,2
Rater_10,Person_384,2,4,2,2,2,1,1,1
Rater_10,Person_385,2,3,1,3,2,0,0,1
Rater_10,Person_386,4,4,3,4,4,0,0,1
Rater_10,Person_387,4,4,3,4,5,2,3,3
Rater_10,Person_388,4,5,2,4,3,1,2,2
Rater_10,Person_389,3,5,4,5,4,2,2,2
Rater_10,Person_390,2,3,1,2,2,1,0,1
Rater_10,Person_391,2,1,1,2,0,0,0,0
Rater_10,Person_392,4,5,2,5,5,2,1,2
Rater_10,Person_393,3,4,1,3,2,1,1,0
Rater_10,Person_394,4,5,5,4,5,3,2,2
Rater_10,Person_395,4,4,4,5,4,2,2,3
Rater_10,Person_396,3,4,2,3,4,2,2,2
Rater_10,Person_397,5,5,3,5,5,3,3,3
Rater_10,Person_398,5,4,3,4,4,2,2,3
Rater_10,Person_399,5,4,4,5,4,3,2,2
Rater_10,Person_400,2,4,2,4,2,1,0,2
Rater_10,Person_401,4,4,3,5,4,2,2,2
Rater_10,Person_402,3,3,3,4,3,1,1,3
Rater_10,Person_403,4,5,5,5,3,2,3,3
Rater_10,Person_404,3,3,3,4,3,2,0,1
Rater_10,Person_405,5,5,4,5,4,3,3,1
Rater_10,Person_406,3,4,2,4,3,2,2,2
Rater_10,Person_407,2,3,3,3,3,1,3,3
Rater_10,Person_408,4,3,4,4,4,4,2,3
Rater_10,Person_409,1,1,1,2,1,0,0,1
Rater_10,Person_410,3,4,1,3,2,0,2,0
Rater_10,Person_411,2,2,2,2,2,0,1,0
Rater_10,Person_412,0,1,0,3,1,0,0,0
Rater_10,Person_413,2,2,1,4,2,0,1,2
Rater_10,Person_414,5,5,5,5,5,3,2,4
Rater_10,Person_415,2,5,3,4,3,2,1,2
Rater_10,Person_416,4,4,4,3,4,3,1,2
Rater_10,Person_417,5,4,4,5,4,2,3,5
Rater_10,Person_418,5,5,5,4,5,3,2,5
Rater_10,Person_419,3,5,3,4,3,2,2,3
Rater_10,Person_420,5,5,3,5,5,2,4,2
Rater_10,Person_421,4,5,2,4,3,2,3,3
Rater_10,Person_422,3,3,2,4,3,1,2,2
Rater_10,Person_423,4,3,2,4,2,1,1,2
Rater_10,Person_424,2,2,2,2,2,0,0,2
Rater_10,Person_425,3,3,2,2,2,0,0,3
Rater_10,Person_426,2,2,3,4,3,2,2,3
Rater_10,Person_427,4,5,5,5,5,2,2,5
Rater_10,Person_428,5,5,4,5,5,4,3,4
Rater_10,Person_429,2,2,1,3,2,1,0,1
Rater_10,Person_430,5,4,4,5,5,2,3,5
Rater_10,Person_431,2,3,2,3,3,2,1,1
Rater_10,Person_432,4,4,3,5,3,2,2,3
Rater_10,Person_433,3,5,4,4,4,3,3,1
Rater_10,Person_434,2,1,1,3,2,1,0,1
Rater_10,Person_435,4,5,4,5,4,1,3,4
Rater_10,Person_436,2,1,2,3,3,1,1,2
Rater_10,Person_437,2,4,2,3,3,1,1,3
Rater_10,Person_438,3,4,3,3,2,1,0,2
Rater_10,Person_439,2,4,2,4,2,1,0,2
Rater_10,Person_440,3,5,4,4,5,2,3,2
Rater_10,Person_441,3,4,2,4,3,1,1,2
Rater_10,Person_442,4,5,3,4,3,1,1,3
Rater_10,Person_443,3,5,5,4,3,4,1,2
Rater_10,Person_444,5,5,4,5,5,3,3,3
Rater_10,Person_445,3,3,2,4,4,2,2,3
Rater_10,Person_446,2,3,2,2,2,1,0,0
Rater_10,Person_447,4,5,4,5,5,4,3,4
Rater_10,Person_448,4,4,3,4,3,0,3,2
Rater_10,Person_449,5,5,4,5,4,3,3,4
Rater_10,Person_450,4,4,3,5,3,1,2,3
Rater_10,Person_451,4,4,1,5,4,1,2,1
Rater_10,Person_452,4,5,2,5,4,3,2,3
Rater_10,Person_453,5,4,5,5,5,2,4,3
Rater_10,Person_454,5,5,5,5,5,4,5,5
Rater_10,Person_455,3,4,3,5,4,3,2,2
Rater_10,Person_456,3,5,3,4,5,0,2,2
Rater_10,Person_457,4,4,4,5,4,4,3,4
Rater_10,Person_458,2,3,1,4,1,0,1,2
Rater_10,Person_459,4,5,3,5,4,2,2,2
Rater_10,Person_460,4,4,2,4,3,1,2,2
Rater_10,Person_461,3,5,3,4,2,2,2,3
Rater_10,Person_462,2,3,1,4,4,0,1,3
Rater_10,Person_463,2,1,0,3,1,0,0,0
Rater_10,Person_464,2,2,1,3,1,0,0,0
Rater_10,Person_465,3,2,1,2,3,1,1,2
Rater_10,Person_466,3,3,3,3,3,1,1,2
Rater_10,Person_467,2,3,2,4,3,0,2,2
Rater_10,Person_468,5,5,5,5,5,5,4,5
Rater_10,Person_469,5,5,4,5,4,2,1,5
Rater_10,Person_470,3,4,2,2,4,1,1,2
Rater_10,Person_471,3,5,3,3,4,2,2,3
Rater_10,Person_472,3,4,3,4,2,2,0,4
Rater_10,Person_473,2,3,4,4,3,1,1,3
Rater_10,Person_474,3,4,3,4,4,2,3,2
Rater_10,Person_475,4,5,3,4,4,4,2,4
Rater_10,Person_476,3,3,3,5,3,2,2,1
Rater_10,Person_477,4,4,5,5,4,4,3,5
Rater_10,Person_478,3,4,1,3,3,0,2,2
Rater_10,Person_479,3,4,2,5,4,1,2,3
Rater_10,Person_480,5,5,4,5,5,5,4,5
Rater_10,Person_481,4,5,2,3,4,3,0,3
Rater_10,Person_482,5,5,5,5,5,5,3,4
Rater_10,Person_483,3,4,3,3,4,3,2,3
Rater_10,Person_484,5,4,3,5,4,2,3,3
Rater_10,Person_485,3,4,3,4,3,2,1,2
Rater_10,Person_486,3,4,2,4,3,1,2,3
Rater_10,Person_487,2,4,2,2,4,0,0,1
Rater_10,Person_488,4,4,4,4,4,2,2,2
Rater_10,Person_489,3,4,1,3,3,0,2,2
Rater_10,Person_490,5,4,4,5,3,2,2,3
Rater_10,Person_491,4,4,3,5,4,3,2,3
Rater_10,Person_492,5,4,3,5,5,3,2,3
Rater_10,Person_493,3,3,4,5,4,1,2,3
Rater_10,Person_494,5,5,3,4,4,2,2,2
Rater_10,Person_495,3,3,1,4,4,1,2,2
Rater_10,Person_496,4,5,4,5,5,4,3,5
Rater_10,Person_497,0,2,0,1,2,0,0,2
Rater_10,Person_498,3,4,2,3,3,2,1,2
Rater_10,Person_499,1,1,1,3,2,0,0,1
Rater_10,Person_500,2,1,2,2,1,0,0,0
