,PC 1,PC 2,PC 3,PC 4,PC 5,PC 6,PC 7,PC 8
Rater_1,-0.10532774926325016,0.19481153933420722,-0.1758969963043929,-0.07932902826355055,-0.01342013684949966,0.20121612131406824,-0.0332769160659653,6.422817512831339e-18
Rater_2,-0.04816152064909515,-0.13912344611713515,-0.03362477799261356,0.27465033904672903,0.05510442523634748,0.06802309032740744,-0.14603563096563843,6.304721606026739e-18
Rater_3,-0.21639269729646443,-0.09704641471525366,-0.016467247250986312,-0.016321114507674997,-0.23699573052152414,-0.10257150005374907,0.08406439762656714,6.809558172113002e-18
Rater_4,-0.08900879435685262,0.22093493019520677,0.16489913634199418,0.024998913669905882,0.08699759128781112,-0.16756856548431162,-0.08862303712129811,6.430425362751921e-18
Rater_5,0.09204281189872873,-0.05983830793243687,0.2721510675261338,-0.07990723945538901,-0.058590813662571836,0.1790606905119883,0.00857498857425592,6.439978582131288e-18
Rater_6,0.1787900351082937,0.08957792011571929,-0.042067163704120024,0.1549867782782302,0.012102245284220641,-0.018190293244726926,0.24755390353255557,6.274297927659389e-18
Rater_7,0.25749538811526573,-0.04455812671034985,-0.11669030837704113,-0.1134298624187445,-0.06818348717487872,-0.11050299001689941,-0.14576930829892804,7.184894199905124e-18
Rater_8,-0.08551448412781673,-0.15727440184586458,-0.040773005224735766,-0.14521335428389695,0.2515849671866006,-0.030216414633451268,0.09062910561611942,6.297925418438196e-18
