,Rater_1,Rater_2,Rater_3,Rater_4,Rater_5,Rater_6,Rater_7,Rater_8
Rater_1,1.0,-0.01652491086252956,0.005885906463077914,0.01583334734103069,-0.03915687263760721,-0.008894945071940498,-0.032573833888605554,1.1003498303185494e-05
Rater_2,-0.01652491086252956,1.0,0.006944154887877083,-0.011828998908553639,-0.014236404908890712,0.007992881658511938,-0.03478451242683265,0.00638752177962881
Rater_3,0.005885906463077914,0.006944154887877083,1.0,-0.008301110517971447,-0.023523123789907265,-0.05067331358389717,-0.06884989927671645,0.007132900972087077
Rater_4,0.01583334734103069,-0.011828998908553639,-0.008301110517971447,1.0,0.002964270528987284,-0.004402923080186731,-0.0562679083674524,-0.01105464328558708
Rater_5,-0.03915687263760721,-0.014236404908890712,-0.023523123789907265,0.002964270528987284,1.0,0.002499745217482561,-0.002127662880597795,-0.006259552652483641
Rater_6,-0.008894945071940498,0.007992881658511938,-0.05067331358389717,-0.004402923080186731,0.002499745217482561,1.0,0.026028931375681144,-0.02837746651837242
Rater_7,-0.032573833888605554,-0.03478451242683265,-0.06884989927671645,-0.0562679083674524,-0.002127662880597795,0.026028931375681144,1.0,-0.024887561476838665
Rater_8,1.1003498303185494e-05,0.00638752177962881,0.007132900972087077,-0.01105464328558708,-0.006259552652483641,-0.02837746651837242,-0.024887561476838665,1.0
