,Item_1,Item_2,Item_3,Item_4,Item_5,Item_6,Item_7,Item_8
Item_1,1.0,-0.03227577739994365,0.022242243176689738,-2.846204520108827e-05,0.022904215729563884,0.0190515298467946,-0.04706502017766335,-0.03627566291986639
Item_2,-0.03227577739994365,1.0,-0.011961527845215706,-0.012699754597703394,-0.004681005321424146,-0.006404343952684425,-0.024995581474371458,0.007445325794105043
Item_3,0.022242243176689738,-0.011961527845215706,1.0,-0.02219186344129879,-0.014540269180567476,0.006438393703465551,0.02110235447738465,0.0009553661160544344
Item_4,-2.846204520108827e-05,-0.012699754597703394,-0.02219186344129879,1.0,0.015521289783440202,-0.05888883224733798,-0.021758291116400257,-0.024562249021187754
Item_5,0.022904215729563884,-0.004681005321424146,-0.014540269180567476,0.015521289783440202,1.0,-0.005204628607003589,0.008902321275275205,0.014356337409775355
Item_6,0.0190515298467946,-0.006404343952684425,0.006438393703465551,-0.05888883224733798,-0.005204628607003589,1.0,-0.019367114810697156,-0.06339214622655948
Item_7,-0.04706502017766335,-0.024995581474371458,0.02110235447738465,-0.021758291116400257,0.008902321275275205,-0.019367114810697156,1.0,-0.026348217781633293
Item_8,-0.03627566291986639,0.007445325794105043,0.0009553661160544344,-0.024562249021187754,0.014356337409775355,-0.06339214622655948,-0.026348217781633293,1.0
