,PC 1,PC 2,PC 3,PC 4,PC 5,PC 6,PC 7,PC 8
Item_1,-0.05142611133726391,-0.21988420074350168,-0.06998600723187208,-0.21957968047125004,-0.13656376976285908,-0.08840207081618587,-0.03840264215897902,3.8438694532931446e-18
Item_2,-0.14319511464835735,0.04673725587860431,-0.032488614690563515,-0.07944102817893806,0.2390031604931143,-0.07834277346893138,0.18545106460836705,3.386529747551037e-18
Item_3,-0.06790274260219718,-0.10501861240674243,0.08924571214693784,0.2408606370190286,0.051623756009648865,-0.1756555857366392,-0.11808935752251651,3.541593631054451e-18
Item_4,0.00846456302153887,0.30782240482254936,-0.06263536684738429,-0.05730559863585156,-0.08335031852568904,-0.1025498597026524,-0.11267194181791144,3.843428107097573e-18
Item_5,-0.1632616308527356,-0.0016478825778136047,-0.16746012747361583,0.1525733681230703,-0.11090424227144467,0.194102254361516,0.0542695583721562,3.722700571598665e-18
Item_6,0.2685104399424848,-0.057575393367576694,-0.1305110661852458,0.005172469183949829,0.1622878954961192,0.09614323913413203,-0.07586649971471536,3.997054354673329e-18
Item_7,-0.06210026713766037,0.02026329761642799,0.2797156360141379,-0.08773958105646734,0.03168849953199836,0.18437832014931496,-0.07374448101800256,3.700656208455431e-18
Item_8,0.19253355410437323,0.010891804205743087,0.12160517493985297,0.06359583408494034,-0.14700023351294095,-0.04934206604285805,0.21901349848917306,3.4014634002670772e-18
