,Item_1,Item_2,Item_3,Item_4,Item_5,Item_6,Item_7,Item_8
Item_1,1.0,-0.025755533246583813,-0.038946643952234496,-0.0026137907389918312,-0.026293631977768406,-0.05758851307307498,-0.0279071537969618,0.013529141131792644
Item_2,-0.025755533246583813,1.0,-0.03742348224321588,-0.005809684201938817,0.005848306120073482,-0.011073086290972258,-0.025725347042995176,-0.013538533246509098
Item_3,-0.038946643952234496,-0.03742348224321588,1.0,-0.029294949406252345,0.028056897915268077,-0.013731301558971183,-0.02523925613580805,-0.009363737597993608
Item_4,-0.0026137907389918312,-0.005809684201938817,-0.029294949406252345,1.0,0.013237211410086993,-0.04346546699234506,-0.01855523019947378,-0.02679701656065901
Item_5,-0.026293631977768406,0.005848306120073482,0.028056897915268077,0.013237211410086993,1.0,-0.04729549302104495,-0.040848463334156156,0.014648975489047537
Item_6,-0.05758851307307498,-0.011073086290972258,-0.013731301558971183,-0.04346546699234506,-0.04729549302104495,1.0,-3.211031226011927e-05,-0.021080446967600287
Item_7,-0.0279071537969618,-0.025725347042995176,-0.02523925613580805,-0.01855523019947378,-0.040848463334156156,-3.211031226011927e-05,1.0,-0.03698415330480275
Item_8,0.013529141131792644,-0.013538533246509098,-0.009363737597993608,-0.02679701656065901,0.014648975489047537,-0.021080446967600287,-0.03698415330480275,1.0
