,Rater_1,Rater_2,Rater_3,Rater_4,Rater_5,Rater_6,Rater_7,Rater_8
Rater_1,1.0,-0.052654535108911715,-0.03213596544043274,0.015787101524946213,-0.017143291291229962,-0.039325810297070614,-0.006634885539450768,0.01111314137922477
Rater_2,-0.052654535108911715,1.0,-0.0008302961826618784,-0.026355339400074743,-0.04747450371669552,-0.018246730068212348,-0.013479823644805908,-0.029477398104700292
Rater_3,-0.03213596544043274,-0.0008302961826618784,1.0,-0.008121765595694273,-0.042071316665783204,-0.0019393724773893947,-0.03735018579782475,-0.0006509732138496343
Rater_4,0.015787101524946213,-0.026355339400074743,-0.008121765595694273,1.0,-0.035743823300444885,0.005729382456450267,0.01120539649621684,-0.008576801555532466
Rater_5,-0.017143291291229962,-0.04747450371669552,-0.042071316665783204,-0.035743823300444885,1.0,-0.003454526702471749,-0.011792161659410537,-0.06636402333083032
Rater_6,-0.039325810297070614,-0.018246730068212348,-0.0019393724773893947,0.005729382456450267,-0.003454526702471749,1.0,0.035201033237219626,0.020448859138350556
Rater_7,-0.006634885539450768,-0.013479823644805908,-0.03735018579782475,0.01120539649621684,-0.011792161659410537,0.035201033237219626,1.0,-0.005679909559831813
Rater_8,0.01111314137922477,-0.029477398104700292,-0.0006509732138496343,-0.008576801555532466,-0.06636402333083032,0.020448859138350556,-0.005679909559831813,1.0
