,PC 1,PC 2,PC 3,PC 4,PC 5,PC 6,PC 7,PC 8
Rater_1,0.1479498229495501,-0.2019269962180147,-0.15232925784787027,0.04074918161194556,-0.09407227457294787,0.052024365901007265,0.17561710891230686,3.038396993304963e-18
Rater_2,-0.1996525959028804,0.15250717175047213,-0.07265815655270436,0.19996396254386395,-0.12655760906898825,-0.08138587588257015,0.032989775743993935,3.2347158476484602e-18
Rater_3,-0.19845066087096008,0.013097811152055465,-0.1270657358507277,-0.1585701751910665,0.13745012459419476,0.1731966468885318,0.0012604107198651271,3.0406823563671172e-18
Rater_4,0.03761604789647688,-0.11258454202511198,-0.0038383551839041,0.14368927132087175,0.2645364614267384,-0.12818332872314436,-0.07619366396531185,2.8262572139599626e-18
Rater_5,0.22402462268702414,0.20969536446694786,-0.10314258135738363,-0.11982985493423927,-0.02539588920346403,-0.06209792870465781,-0.09948575196091228,3.3377285289305692e-18
Rater_6,-0.009505503107914698,0.06710250586150526,0.22774241050549074,-0.11326628199258504,0.0541102909185889,-0.0904987375248819,0.21251333173690667,2.6883436524816562e-18
Rater_7,0.08620304592418523,0.033965610599818036,0.1968224243505557,0.13400227972001488,-0.0250516131022822,0.23472616430667442,-0.07383167304626032,2.773336443355643e-18
Rater_8,-0.09121762025929558,-0.1961326102362658,0.09577762212799501,-0.12319869526262578,-0.15720480751238133,-0.08840354338541676,-0.15777683402548762,2.936356465308696e-18
